PRAGMA defer_foreign_keys=TRUE;
CREATE TABLE users (
  id TEXT PRIMARY KEY,
  email TEXT UNIQUE NOT NULL,
  name TEXT NOT NULL,
  password_hash TEXT NOT NULL,
  role TEXT DEFAULT 'instructor',
  academy_id TEXT NOT NULL,
  created_at DATETIME DEFAULT CURRENT_TIMESTAMP,
  updated_at DATETIME DEFAULT CURRENT_TIMESTAMP, status TEXT DEFAULT 'active', subjects TEXT, last_login_at DATETIME,
  FOREIGN KEY (academy_id) REFERENCES academies(id)
);
INSERT INTO "users" ("id","email","name","password_hash","role","academy_id","created_at","updated_at","status","subjects","last_login_at") VALUES('user-498bc86f','testpin1234','라이브테스트_1775699888237','812cacf865b9d5a251e6108ee6ae97b774cd6d69d9ebf864ac1d344e6efce890','instructor','acad-1','2026-04-09T01:58:08.717Z','2026-04-09T01:58:08.717Z','active',NULL,NULL);
INSERT INTO "users" ("id","email","name","password_hash","role","academy_id","created_at","updated_at","status","subjects","last_login_at") VALUES('user-1a303b60','라이브테스트_1775700133943_1a303b60@wawa.local','라이브테스트_1775700133943','812cacf865b9d5a251e6108ee6ae97b774cd6d69d9ebf864ac1d344e6efce890','instructor','acad-1','2026-04-09T02:02:14.394Z','2026-04-09T02:02:14.394Z','active',NULL,NULL);
INSERT INTO "users" ("id","email","name","password_hash","role","academy_id","created_at","updated_at","status","subjects","last_login_at") VALUES('user-e21d6387','라이브테스트_1775700396495_e21d6387@wawa.local','라이브테스트_1775700396495','812cacf865b9d5a251e6108ee6ae97b774cd6d69d9ebf864ac1d344e6efce890','instructor','acad-1','2026-04-09T02:06:36.922Z','2026-04-09T02:06:36.922Z','active',NULL,NULL);
INSERT INTO "users" ("id","email","name","password_hash","role","academy_id","created_at","updated_at","status","subjects","last_login_at") VALUES('user-b2c60976','라이브테스트_1775700488888_b2c60976@wawa.local','라이브테스트_1775700488888','812cacf865b9d5a251e6108ee6ae97b774cd6d69d9ebf864ac1d344e6efce890','instructor','acad-1','2026-04-09T02:08:09.336Z','2026-04-09T02:08:09.336Z','active',NULL,NULL);
INSERT INTO "users" ("id","email","name","password_hash","role","academy_id","created_at","updated_at","status","subjects","last_login_at") VALUES('user-d3376dc3','라이브테스트_1775700615253_d3376dc3@wawa.local','라이브테스트_1775700615253','812cacf865b9d5a251e6108ee6ae97b774cd6d69d9ebf864ac1d344e6efce890','instructor','acad-1','2026-04-09T02:10:15.685Z','2026-04-09T02:10:15.685Z','active',NULL,NULL);
INSERT INTO "users" ("id","email","name","password_hash","role","academy_id","created_at","updated_at","status","subjects","last_login_at") VALUES('user-fc1c5ad7','테스트_1775702507979_fc1c5ad7@wawa.local','테스트_1775702507979','937e8d5fbb48bd4949536cd65b8d35c426b80d2f830c5c308e2cdec422ae2244','instructor','acad-1','2026-04-09T02:41:48.451Z','2026-04-09T02:41:48.451Z','active',NULL,NULL);
INSERT INTO "users" ("id","email","name","password_hash","role","academy_id","created_at","updated_at","status","subjects","last_login_at") VALUES('user-bd63220a','강사_1775702510889_bd63220a@wawa.local','강사_1775702510889','9546afdd863e4bc5a4680c63694988f59e168a63f343949ca694ad55c079eb8c','instructor','acad-1','2026-04-09T02:41:51.355Z','2026-04-09T02:41:51.355Z','active',NULL,NULL);
INSERT INTO "users" ("id","email","name","password_hash","role","academy_id","created_at","updated_at","status","subjects","last_login_at") VALUES('user-647cdcda','데이터_1775702512316_647cdcda@wawa.local','데이터_1775702512316','332a8b579df5752c238709c29d64cb786964a0831228c8a4cb03c7188a5a0130','instructor','acad-1','2026-04-09T02:41:52.797Z','2026-04-09T02:41:52.797Z','active',NULL,NULL);
INSERT INTO "users" ("id","email","name","password_hash","role","academy_id","created_at","updated_at","status","subjects","last_login_at") VALUES('user-960ebe0e','중복테스트_1775702519337_960ebe0e@wawa.local','중복테스트_1775702519337','b9c950640e1b3740e98acb93e669c65766f6670dd1609ba91ff41052ba48c6f3','instructor','acad-1','2026-04-09T02:41:59.786Z','2026-04-09T02:41:59.786Z','active',NULL,NULL);
INSERT INTO "users" ("id","email","name","password_hash","role","academy_id","created_at","updated_at","status","subjects","last_login_at") VALUES('user-0745b88a','선생님A_1775702521300_0745b88a@wawa.local','선생님A_1775702521300','f980753a1a65e11495eefd3206e649ed2c25e23cfaf4ce24fbf6d96c73cb3e69','instructor','acad-1','2026-04-09T02:42:01.785Z','2026-04-09T02:42:01.785Z','active',NULL,NULL);
INSERT INTO "users" ("id","email","name","password_hash","role","academy_id","created_at","updated_at","status","subjects","last_login_at") VALUES('user-68c15f33','선생님B_1775702521300_68c15f33@wawa.local','선생님B_1775702521300','a1e6b9af6346a35b1d7f0e3acd3588e012f6753a5a8de5b255d0e0a606eb7c90','instructor','acad-1','2026-04-09T02:42:02.537Z','2026-04-09T02:42:02.537Z','active',NULL,NULL);
INSERT INTO "users" ("id","email","name","password_hash","role","academy_id","created_at","updated_at","status","subjects","last_login_at") VALUES('user-c54d8c3b','다과목_1775702523532_c54d8c3b@wawa.local','다과목_1775702523532','7ca7b64df47779d667196d69c6146d5f3319405a41b9a4f76187b0aac3b7095b','instructor','acad-1','2026-04-09T02:42:04.004Z','2026-04-09T02:42:04.004Z','active',NULL,NULL);
INSERT INTO "users" ("id","email","name","password_hash","role","academy_id","created_at","updated_at","status","subjects","last_login_at") VALUES('user-f18a5ae5','PIN테스트_1775702525243_f18a5ae5@wawa.local','PIN테스트_1775702525243','594f6955cf20879cf3e9b76b5e1f655a10e81698404226b5d7ba90ab9474b8df','instructor','acad-1','2026-04-09T02:42:05.699Z','2026-04-21 08:59:32','disabled',NULL,NULL);
INSERT INTO "users" ("id","email","name","password_hash","role","academy_id","created_at","updated_at","status","subjects","last_login_at") VALUES('test-user-3','student@example.com','Student User','hash123','student','acad-1','2026-04-08 10:07:32','2026-04-08 10:07:32','active',NULL,NULL);
INSERT INTO "users" ("id","email","name","password_hash","role","academy_id","created_at","updated_at","status","subjects","last_login_at") VALUES('user-i170bjn6w','teacher1@academy.local','김상현','pbkdf2$100000$uu1tLPgWgIQ2YnXEOqsQpg==$xDParYAdwlvGhvUH+DitUqwZy6UuZEyDaPpYrA318Eo=','admin','acad-1','2026-01-31T12:47:00.000Z','2026-02-09T08:09:00.000Z','active',NULL,NULL);
INSERT INTO "users" ("id","email","name","password_hash","role","academy_id","created_at","updated_at","status","subjects","last_login_at") VALUES('user-1fk6dqck6','teacher2@academy.local','지혜영 원장','bf038251c59b434b02c7279047808368f1ee0a6ee2ab98799158edb05b2eb4d6','admin','acad-1','2026-01-31T08:32:00.000Z','2026-02-09T07:25:00.000Z','active',NULL,NULL);
INSERT INTO "users" ("id","email","name","password_hash","role","academy_id","created_at","updated_at","status","subjects","last_login_at") VALUES('user-57ppx9v61','teacher3@academy.local','서재용','pbkdf2$100000$YyHc3sOzy0adCu5lPgGSuA==$uOHymz1lNQvBWeI6JKMBgryo2ZMos2tUtbM0l9TFwJg=','admin','acad-1','2026-01-31T08:34:00.000Z','2026-02-05T04:26:00.000Z','active',NULL,NULL);
INSERT INTO "users" ("id","email","name","password_hash","role","academy_id","created_at","updated_at","status","subjects","last_login_at") VALUES('user-d8nru3xco','teacher4@academy.local','남현욱','712dca40936b39ce670dc803736fe3735cf99311030a928de039a36f77926230','instructor','acad-1','2026-01-31T08:34:00.000Z','2026-03-12T06:37:00.000Z','active',NULL,NULL);
INSERT INTO "users" ("id","email","name","password_hash","role","academy_id","created_at","updated_at","status","subjects","last_login_at") VALUES('user-nl8e4c4ex','teacher5@academy.local','김지연','eb7046437af1e3e9f711efd5a13b8685a0648a236af159435d297397208eefb1','instructor','acad-1','2026-02-02T09:14:00.000Z','2026-02-05T04:25:00.000Z','active',NULL,NULL);
INSERT INTO "users" ("id","email","name","password_hash","role","academy_id","created_at","updated_at","status","subjects","last_login_at") VALUES('user-e1772d19','unique-1775672105839@academy.local','테스트 선생님','937e8d5fbb48bd4949536cd65b8d35c426b80d2f830c5c308e2cdec422ae2244','instructor','acad-1','2026-04-08T18:15:05.876Z','2026-04-08T18:15:05.876Z','active',NULL,NULL);
INSERT INTO "users" ("id","email","name","password_hash","role","academy_id","created_at","updated_at","status","subjects","last_login_at") VALUES('user-3e5aef33','instructor-1775672106199@academy.local','강사 선생님','9546afdd863e4bc5a4680c63694988f59e168a63f343949ca694ad55c079eb8c','instructor','acad-1','2026-04-08T18:15:06.239Z','2026-04-08T18:15:06.239Z','active',NULL,NULL);
INSERT INTO "users" ("id","email","name","password_hash","role","academy_id","created_at","updated_at","status","subjects","last_login_at") VALUES('user-3d4415ff','data-test-1775672106360@academy.local','데이터 테스트','332a8b579df5752c238709c29d64cb786964a0831228c8a4cb03c7188a5a0130','instructor','acad-1','2026-04-08T18:15:06.394Z','2026-04-08T18:15:06.394Z','active',NULL,NULL);
INSERT INTO "users" ("id","email","name","password_hash","role","academy_id","created_at","updated_at","status","subjects","last_login_at") VALUES('user-4448efff','duplicate-test-1775672107074@academy.local','첫 번째 선생님','b9c950640e1b3740e98acb93e669c65766f6670dd1609ba91ff41052ba48c6f3','instructor','acad-1','2026-04-08T18:15:07.105Z','2026-04-21 08:59:41','disabled',NULL,NULL);
INSERT INTO "users" ("id","email","name","password_hash","role","academy_id","created_at","updated_at","status","subjects","last_login_at") VALUES('user-d10c72aa','teacher-a-1775672107294@academy.local','선생님 A','f980753a1a65e11495eefd3206e649ed2c25e23cfaf4ce24fbf6d96c73cb3e69','instructor','acad-1','2026-04-08T18:15:07.327Z','2026-04-08T18:15:07.327Z','active',NULL,NULL);
INSERT INTO "users" ("id","email","name","password_hash","role","academy_id","created_at","updated_at","status","subjects","last_login_at") VALUES('user-08754eb1','teacher-b-1775672107294@academy.local','선생님 B','a1e6b9af6346a35b1d7f0e3acd3588e012f6753a5a8de5b255d0e0a606eb7c90','instructor','acad-1','2026-04-08T18:15:07.392Z','2026-04-08T18:15:07.392Z','active',NULL,NULL);
INSERT INTO "users" ("id","email","name","password_hash","role","academy_id","created_at","updated_at","status","subjects","last_login_at") VALUES('user-4975ec20','multi-subject-1775672107520@academy.local','다과목 선생님','7ca7b64df47779d667196d69c6146d5f3319405a41b9a4f76187b0aac3b7095b','instructor','acad-1','2026-04-08T18:15:07.548Z','2026-04-08T18:15:07.548Z','active',NULL,NULL);
INSERT INTO "users" ("id","email","name","password_hash","role","academy_id","created_at","updated_at","status","subjects","last_login_at") VALUES('user-a8359fce','unique-1775672154191@academy.local','테스트 선생님','937e8d5fbb48bd4949536cd65b8d35c426b80d2f830c5c308e2cdec422ae2244','instructor','acad-1','2026-04-08T18:15:54.228Z','2026-04-08T18:15:54.228Z','active',NULL,NULL);
INSERT INTO "users" ("id","email","name","password_hash","role","academy_id","created_at","updated_at","status","subjects","last_login_at") VALUES('user-b0e41dfb','instructor-1775672154526@academy.local','강사 선생님','9546afdd863e4bc5a4680c63694988f59e168a63f343949ca694ad55c079eb8c','instructor','acad-1','2026-04-08T18:15:54.559Z','2026-04-08T18:15:54.559Z','active',NULL,NULL);
INSERT INTO "users" ("id","email","name","password_hash","role","academy_id","created_at","updated_at","status","subjects","last_login_at") VALUES('user-aec8aa73','data-test-1775672154714@academy.local','데이터 테스트','332a8b579df5752c238709c29d64cb786964a0831228c8a4cb03c7188a5a0130','instructor','acad-1','2026-04-08T18:15:54.748Z','2026-04-08T18:15:54.748Z','active',NULL,NULL);
INSERT INTO "users" ("id","email","name","password_hash","role","academy_id","created_at","updated_at","status","subjects","last_login_at") VALUES('user-6428edc4','duplicate-test-1775672155443@academy.local','첫 번째 선생님','b9c950640e1b3740e98acb93e669c65766f6670dd1609ba91ff41052ba48c6f3','instructor','acad-1','2026-04-08T18:15:55.479Z','2026-04-08T18:15:55.479Z','active',NULL,NULL);
INSERT INTO "users" ("id","email","name","password_hash","role","academy_id","created_at","updated_at","status","subjects","last_login_at") VALUES('user-66c6356d','teacher-a-1775672155649@academy.local','선생님 A','f980753a1a65e11495eefd3206e649ed2c25e23cfaf4ce24fbf6d96c73cb3e69','instructor','acad-1','2026-04-08T18:15:55.682Z','2026-04-08T18:15:55.682Z','active',NULL,NULL);
INSERT INTO "users" ("id","email","name","password_hash","role","academy_id","created_at","updated_at","status","subjects","last_login_at") VALUES('user-68ff9149','teacher-b-1775672155649@academy.local','선생님 B','a1e6b9af6346a35b1d7f0e3acd3588e012f6753a5a8de5b255d0e0a606eb7c90','instructor','acad-1','2026-04-08T18:15:55.747Z','2026-04-08T18:15:55.747Z','active',NULL,NULL);
INSERT INTO "users" ("id","email","name","password_hash","role","academy_id","created_at","updated_at","status","subjects","last_login_at") VALUES('user-aeb7476f','multi-subject-1775672155880@academy.local','다과목 선생님','7ca7b64df47779d667196d69c6146d5f3319405a41b9a4f76187b0aac3b7095b','instructor','acad-1','2026-04-08T18:15:56.121Z','2026-04-08T18:15:56.121Z','active',NULL,NULL);
INSERT INTO "users" ("id","email","name","password_hash","role","academy_id","created_at","updated_at","status","subjects","last_login_at") VALUES('user-b5915268','test1234','테스트_1775672402062','937e8d5fbb48bd4949536cd65b8d35c426b80d2f830c5c308e2cdec422ae2244','instructor','acad-1','2026-04-08T18:20:02.097Z','2026-04-08T18:20:02.097Z','active',NULL,NULL);
INSERT INTO "users" ("id","email","name","password_hash","role","academy_id","created_at","updated_at","status","subjects","last_login_at") VALUES('user-aec5a3c8','instrpass1234','강사_1775672402465','9546afdd863e4bc5a4680c63694988f59e168a63f343949ca694ad55c079eb8c','instructor','acad-1','2026-04-08T18:20:02.516Z','2026-04-08T18:20:02.516Z','active',NULL,NULL);
INSERT INTO "users" ("id","email","name","password_hash","role","academy_id","created_at","updated_at","status","subjects","last_login_at") VALUES('user-cebf5ba0','datatest1234','데이터_1775672402776','332a8b579df5752c238709c29d64cb786964a0831228c8a4cb03c7188a5a0130','instructor','acad-1','2026-04-08T18:20:02.821Z','2026-04-08T18:20:02.821Z','active',NULL,NULL);
INSERT INTO "users" ("id","email","name","password_hash","role","academy_id","created_at","updated_at","status","subjects","last_login_at") VALUES('user-58740adb','password1234','중복테스트_1775672403495','b9c950640e1b3740e98acb93e669c65766f6670dd1609ba91ff41052ba48c6f3','instructor','acad-1','2026-04-08T18:20:03.543Z','2026-04-08T18:20:03.543Z','active',NULL,NULL);
INSERT INTO "users" ("id","email","name","password_hash","role","academy_id","created_at","updated_at","status","subjects","last_login_at") VALUES('user-b58d3054','passA1234','선생님A_1775672403774','f980753a1a65e11495eefd3206e649ed2c25e23cfaf4ce24fbf6d96c73cb3e69','instructor','acad-1','2026-04-08T18:20:03.888Z','2026-04-08T18:20:03.888Z','active',NULL,NULL);
INSERT INTO "users" ("id","email","name","password_hash","role","academy_id","created_at","updated_at","status","subjects","last_login_at") VALUES('user-33f3acc6','passB1234','선생님B_1775672403774','a1e6b9af6346a35b1d7f0e3acd3588e012f6753a5a8de5b255d0e0a606eb7c90','instructor','acad-1','2026-04-08T18:20:03.965Z','2026-04-08T18:20:03.965Z','active',NULL,NULL);
INSERT INTO "users" ("id","email","name","password_hash","role","academy_id","created_at","updated_at","status","subjects","last_login_at") VALUES('user-421ed7b8','multipass1234','다과목_1775672404123','7ca7b64df47779d667196d69c6146d5f3319405a41b9a4f76187b0aac3b7095b','instructor','acad-1','2026-04-08T18:20:04.159Z','2026-04-08T18:20:04.159Z','active',NULL,NULL);
INSERT INTO "users" ("id","email","name","password_hash","role","academy_id","created_at","updated_at","status","subjects","last_login_at") VALUES('user-7a3fc261','test-suseong_admin@wawa.app','수성원장','pbkdf2$100000$qzeSGS3w7keoShPW+6dqxw==$HHnJzB0YxLPzgxEcFb0kMBngGfW963km916dEdR6g1g=','admin','acad-b363f301','2026-04-13T04:43:46.963Z','2026-04-13T04:43:46.963Z','active',NULL,NULL);
INSERT INTO "users" ("id","email","name","password_hash","role","academy_id","created_at","updated_at","status","subjects","last_login_at") VALUES('user-e20f7b26','test-lumen_admin@wawa.app','루멘원장','pbkdf2$100000$Cn3PnVlvvXqDfJ6r3j/R/g==$zIOvpVno7SJl0MOOkLFZLXJ/j+Ig569Ox2FeaJVBSlU=','admin','acad-db5f229a','2026-04-13T04:43:55.930Z','2026-04-13T04:43:55.930Z','active',NULL,NULL);
INSERT INTO "users" ("id","email","name","password_hash","role","academy_id","created_at","updated_at","status","subjects","last_login_at") VALUES('user-aa73897d','test-canyon_admin@wawa.app','협곡원장','pbkdf2$100000$ydGqk2S3slJk05dwUJllUg==$6tJnmiXGGslk/+M71nzqyOb6e0Jk8OuNKYOQp4HDHPo=','admin','acad-5386360c','2026-04-13T04:43:57.396Z','2026-04-13T04:43:57.396Z','active',NULL,NULL);
INSERT INTO "users" ("id","email","name","password_hash","role","academy_id","created_at","updated_at","status","subjects","last_login_at") VALUES('user-canyon-t1','canyon_t1@wawa.app','하이머딩거','pbkdf2$100000$ydGqk2S3slJk05dwUJllUg==$6tJnmiXGGslk/+M71nzqyOb6e0Jk8OuNKYOQp4HDHPo=','instructor','acad-5386360c','2026-03-01T09:00:00Z','2026-03-01T09:00:00Z','active',NULL,NULL);
INSERT INTO "users" ("id","email","name","password_hash","role","academy_id","created_at","updated_at","status","subjects","last_login_at") VALUES('user-canyon-t2','canyon_t2@wawa.app','소라카','pbkdf2$100000$ydGqk2S3slJk05dwUJllUg==$6tJnmiXGGslk/+M71nzqyOb6e0Jk8OuNKYOQp4HDHPo=','instructor','acad-5386360c','2026-03-01T09:00:00Z','2026-03-01T09:00:00Z','active',NULL,NULL);
INSERT INTO "users" ("id","email","name","password_hash","role","academy_id","created_at","updated_at","status","subjects","last_login_at") VALUES('user-2e560e4c','e2e-test_admin@wawa.app','E2E관리자','pbkdf2$100000$v9BVv9fP1dVThs5/WHi/UQ==$//2TP0Vl2kw22oxAGDR1+hyKSeoKEhheoDIyVYGA7Ls=','admin','acad-357dc181','2026-04-14T02:35:19.940Z','2026-04-14T02:35:19.940Z','active',NULL,NULL);
INSERT INTO "users" ("id","email","name","password_hash","role","academy_id","created_at","updated_at","status","subjects","last_login_at") VALUES('user-soraka01','soraka@wawa.local','소라카','pbkdf2$100000$AEfcWtyUx997tg36MmLU3g==$Z2w3ZqKIwMjhPzkj5R9ZGji713ewX0ZHfS4MMpbcz74=','admin','acad-5386360c','2026-04-16 05:40:17','2026-04-16 05:40:17','active',NULL,NULL);
INSERT INTO "users" ("id","email","name","password_hash","role","academy_id","created_at","updated_at","status","subjects","last_login_at") VALUES('user-heimer01','heimer@wawa.local','하이머딩거','pbkdf2$100000$AEfcWtyUx997tg36MmLU3g==$Z2w3ZqKIwMjhPzkj5R9ZGji713ewX0ZHfS4MMpbcz74=','admin','acad-5386360c','2026-04-16 05:40:19','2026-04-16 05:40:19','active',NULL,NULL);
INSERT INTO "users" ("id","email","name","password_hash","role","academy_id","created_at","updated_at","status","subjects","last_login_at") VALUES('user-nam01hyun','namhw@wawa.local','남현욱','pbkdf2$100000$f6JB/pSHBd0slKkVJQkB7Q==$JmRZpi2XbCqjWN4rg+z6zdlgyV1uNNDCBX/qN7mgV3A=','admin','acad-1','2026-04-16 05:40:21','2026-04-16 05:40:21','active',NULL,NULL);
CREATE TABLE sessions (
  id TEXT PRIMARY KEY,
  user_id TEXT NOT NULL,
  refresh_token TEXT NOT NULL UNIQUE,
  expires_at DATETIME NOT NULL,
  created_at DATETIME DEFAULT CURRENT_TIMESTAMP,
  FOREIGN KEY (user_id) REFERENCES users(id) ON DELETE CASCADE
);
INSERT INTO "sessions" ("id","user_id","refresh_token","expires_at","created_at") VALUES('91ad5b68-9234-4a2b-8a69-361121781071','user-d8nru3xco','eyJhbGciOiJIUzI1NiJ9.eyJ0b2tlbklkIjoiOTFhZDViNjgtOTIzNC00YTJiLThhNjktMzYxMTIxNzgxMDcxIiwidXNlcklkIjoidXNlci1kOG5ydTN4Y28iLCJpYXQiOjE3NzU2NDQ0NzAsImV4cCI6MTc3ODIzNjQ3MH0.EoK82kVshP0cazg9lLpT8Kr0BwMhmnLxL-FAdXaK1GY','2026-05-08T10:34:30.544Z','2026-04-08 10:34:30');
INSERT INTO "sessions" ("id","user_id","refresh_token","expires_at","created_at") VALUES('7dea1ac4-c15b-430e-9d17-37988228287f','user-d8nru3xco','eyJhbGciOiJIUzI1NiJ9.eyJ0b2tlbklkIjoiN2RlYTFhYzQtYzE1Yi00MzBlLTlkMTctMzc5ODgyMjgyODdmIiwidXNlcklkIjoidXNlci1kOG5ydTN4Y28iLCJpYXQiOjE3NzU2NDQ1MDIsImV4cCI6MTc3ODIzNjUwMn0.S9mxdMBDatDZriy0ga71daZ4n8nZeqbMQ6tQlcpGLk0','2026-05-08T10:35:02.234Z','2026-04-08 10:35:02');
INSERT INTO "sessions" ("id","user_id","refresh_token","expires_at","created_at") VALUES('7f42752c-03d5-4f64-b9bd-28dd9229ef97','user-d8nru3xco','eyJhbGciOiJIUzI1NiJ9.eyJ0b2tlbklkIjoiN2Y0Mjc1MmMtMDNkNS00ZjY0LWI5YmQtMjhkZDkyMjllZjk3IiwidXNlcklkIjoidXNlci1kOG5ydTN4Y28iLCJpYXQiOjE3NzU2NDQ1NzcsImV4cCI6MTc3ODIzNjU3N30.AHIp35OCXTY_987iGbyaFIH5_y_r-N6vkidzf0c1Sv4','2026-05-08T10:36:17.040Z','2026-04-08 10:36:17');
INSERT INTO "sessions" ("id","user_id","refresh_token","expires_at","created_at") VALUES('8627a771-4ae7-4a97-9b93-a98ff6f0553a','user-d8nru3xco','eyJhbGciOiJIUzI1NiJ9.eyJ0b2tlbklkIjoiODYyN2E3NzEtNGFlNy00YTk3LTliOTMtYTk4ZmY2ZjA1NTNhIiwidXNlcklkIjoidXNlci1kOG5ydTN4Y28iLCJpYXQiOjE3NzU2NDQ5MDMsImV4cCI6MTc3ODIzNjkwM30.tjpe7k11jJ4dNoJjyvoVwdwzbZnBP7fkOKqli1cxylQ','2026-05-08T10:41:43.319Z','2026-04-08 10:41:43');
INSERT INTO "sessions" ("id","user_id","refresh_token","expires_at","created_at") VALUES('a6e8a9a7-44fb-467c-befa-bc350e967c1b','user-d8nru3xco','eyJhbGciOiJIUzI1NiJ9.eyJ0b2tlbklkIjoiYTZlOGE5YTctNDRmYi00NjdjLWJlZmEtYmMzNTBlOTY3YzFiIiwidXNlcklkIjoidXNlci1kOG5ydTN4Y28iLCJpYXQiOjE3NzU2NDQ5NzgsImV4cCI6MTc3ODIzNjk3OH0.l_rCu1miyDOCkf0Yu4o-fZ_zIL_52YOC1SLWyDnqnd8','2026-05-08T10:42:58.202Z','2026-04-08 10:42:58');
INSERT INTO "sessions" ("id","user_id","refresh_token","expires_at","created_at") VALUES('e2f17e5b-26fc-4514-b411-1aaf9ccb0f08','user-d8nru3xco','eyJhbGciOiJIUzI1NiJ9.eyJ0b2tlbklkIjoiZTJmMTdlNWItMjZmYy00NTE0LWI0MTEtMWFhZjljY2IwZjA4IiwidXNlcklkIjoidXNlci1kOG5ydTN4Y28iLCJpYXQiOjE3NzU2NDc0MDEsImV4cCI6MTc3ODIzOTQwMX0.SIyRE7aaCz9VJdrh5yQUDaljglcCvQvQzAfDOuyKVAI','2026-05-08T11:23:21.413Z','2026-04-08 11:23:21');
INSERT INTO "sessions" ("id","user_id","refresh_token","expires_at","created_at") VALUES('fccd4f9b-d47d-4349-8a85-96537bf29bb6','user-i170bjn6w','eyJhbGciOiJIUzI1NiJ9.eyJ0b2tlbklkIjoiZmNjZDRmOWItZDQ3ZC00MzQ5LThhODUtOTY1MzdiZjI5YmI2IiwidXNlcklkIjoidXNlci1pMTcwYmpuNnciLCJpYXQiOjE3NzU2NDc0MDgsImV4cCI6MTc3ODIzOTQwOH0.rceQAZk-yy_ickjHK_ItFuhfSAZoh2Gim_IMBDVu1_4','2026-05-08T11:23:28.449Z','2026-04-08 11:23:28');
INSERT INTO "sessions" ("id","user_id","refresh_token","expires_at","created_at") VALUES('498e88c4-4e68-4d0f-800f-ca88ac849b39','user-d8nru3xco','eyJhbGciOiJIUzI1NiJ9.eyJ0b2tlbklkIjoiNDk4ZTg4YzQtNGU2OC00ZDBmLTgwMGYtY2E4OGFjODQ5YjM5IiwidXNlcklkIjoidXNlci1kOG5ydTN4Y28iLCJpYXQiOjE3NzU2NDc1MDEsImV4cCI6MTc3ODIzOTUwMX0.Ec7M6fBNCcn3hZNaEVFdocEL0X7XocDb3L6XqYJsvvM','2026-05-08T11:25:01.830Z','2026-04-08 11:25:01');
INSERT INTO "sessions" ("id","user_id","refresh_token","expires_at","created_at") VALUES('3876a3a0-5a41-4ab5-b867-ec28067ad101','user-i170bjn6w','eyJhbGciOiJIUzI1NiJ9.eyJ0b2tlbklkIjoiMzg3NmEzYTAtNWE0MS00YWI1LWI4NjctZWMyODA2N2FkMTAxIiwidXNlcklkIjoidXNlci1pMTcwYmpuNnciLCJpYXQiOjE3NzU2NDc1MDgsImV4cCI6MTc3ODIzOTUwOH0.HMyphdzpwXjD7TUKyJ05KtmRPgypOgdsfMrA_Il30qY','2026-05-08T11:25:08.824Z','2026-04-08 11:25:08');
INSERT INTO "sessions" ("id","user_id","refresh_token","expires_at","created_at") VALUES('301d766f-7d63-47b9-8afd-e10141230040','user-i170bjn6w','eyJhbGciOiJIUzI1NiJ9.eyJ0b2tlbklkIjoiMzAxZDc2NmYtN2Q2My00N2I5LThhZmQtZTEwMTQxMjMwMDQwIiwidXNlcklkIjoidXNlci1pMTcwYmpuNnciLCJpYXQiOjE3NzU2NDc1MjIsImV4cCI6MTc3ODIzOTUyMn0.SSXKtXc3qIrL6ADLgnKVc8VoizzaCu_Oa-Xb8p1_sOM','2026-05-08T11:25:22.671Z','2026-04-08 11:25:22');
INSERT INTO "sessions" ("id","user_id","refresh_token","expires_at","created_at") VALUES('c26e3593-bb3b-42bc-a0a9-33abd80b1c41','user-i170bjn6w','eyJhbGciOiJIUzI1NiJ9.eyJ0b2tlbklkIjoiYzI2ZTM1OTMtYmIzYi00MmJjLWEwYTktMzNhYmQ4MGIxYzQxIiwidXNlcklkIjoidXNlci1pMTcwYmpuNnciLCJpYXQiOjE3NzU2NDc1MjYsImV4cCI6MTc3ODIzOTUyNn0.NLRUyNSg_d-TjDYCNceHXS0g0mzjEHoGL9C8a5rB8lM','2026-05-08T11:25:26.036Z','2026-04-08 11:25:26');
INSERT INTO "sessions" ("id","user_id","refresh_token","expires_at","created_at") VALUES('efb6fd58-54f0-4f40-b8d7-20503d6ef061','user-i170bjn6w','eyJhbGciOiJIUzI1NiJ9.eyJ0b2tlbklkIjoiZWZiNmZkNTgtNTRmMC00ZjQwLWI4ZDctMjA1MDNkNmVmMDYxIiwidXNlcklkIjoidXNlci1pMTcwYmpuNnciLCJpYXQiOjE3NzU2NDc1MzIsImV4cCI6MTc3ODIzOTUzMn0.9PK0rd5iY7OKwPmgIi_yj5QCWbCh5f-EHxknXhrUS_w','2026-05-08T11:25:32.435Z','2026-04-08 11:25:32');
INSERT INTO "sessions" ("id","user_id","refresh_token","expires_at","created_at") VALUES('a5069f3d-1368-4f7a-ac2f-7ce8a7f4bdf2','user-d8nru3xco','eyJhbGciOiJIUzI1NiJ9.eyJ0b2tlbklkIjoiYTUwNjlmM2QtMTM2OC00ZjdhLWFjMmYtN2NlOGE3ZjRiZGYyIiwidXNlcklkIjoidXNlci1kOG5ydTN4Y28iLCJpYXQiOjE3NzU2NDc1NTIsImV4cCI6MTc3ODIzOTU1Mn0.oGmh_sgmB6Ow6DYb3FgL-ZVxQ4NN1Ma38tLRwIju3FQ','2026-05-08T11:25:52.486Z','2026-04-08 11:25:52');
INSERT INTO "sessions" ("id","user_id","refresh_token","expires_at","created_at") VALUES('53403c4c-dac2-4b08-aba2-803e46167230','user-i170bjn6w','eyJhbGciOiJIUzI1NiJ9.eyJ0b2tlbklkIjoiNTM0MDNjNGMtZGFjMi00YjA4LWFiYTItODAzZTQ2MTY3MjMwIiwidXNlcklkIjoidXNlci1pMTcwYmpuNnciLCJpYXQiOjE3NzU2NDc1NTksImV4cCI6MTc3ODIzOTU1OX0.ZJjS3rF-C3C9T-10ADd5FdOVkYt6eBHcV3BwsPlEYNo','2026-05-08T11:25:59.413Z','2026-04-08 11:25:59');
INSERT INTO "sessions" ("id","user_id","refresh_token","expires_at","created_at") VALUES('f7fd4f19-b374-485a-a493-22fff3712cde','user-i170bjn6w','eyJhbGciOiJIUzI1NiJ9.eyJ0b2tlbklkIjoiZjdmZDRmMTktYjM3NC00ODVhLWE0OTMtMjJmZmYzNzEyY2RlIiwidXNlcklkIjoidXNlci1pMTcwYmpuNnciLCJpYXQiOjE3NzU2NDc1NzMsImV4cCI6MTc3ODIzOTU3M30.use86NRI35zlqzAa_3vLV_Kbj0fPEJ9ghAluEXJ4kc8','2026-05-08T11:26:13.272Z','2026-04-08 11:26:13');
INSERT INTO "sessions" ("id","user_id","refresh_token","expires_at","created_at") VALUES('72292c5a-4b1d-494a-8115-fe2291865f05','user-i170bjn6w','eyJhbGciOiJIUzI1NiJ9.eyJ0b2tlbklkIjoiNzIyOTJjNWEtNGIxZC00OTRhLTgxMTUtZmUyMjkxODY1ZjA1IiwidXNlcklkIjoidXNlci1pMTcwYmpuNnciLCJpYXQiOjE3NzU2NDc1NzYsImV4cCI6MTc3ODIzOTU3Nn0.raY7eg9YKoxIUcB3tZojIyGkrhppV-XnFVXcjJ_XKDM','2026-05-08T11:26:16.679Z','2026-04-08 11:26:16');
INSERT INTO "sessions" ("id","user_id","refresh_token","expires_at","created_at") VALUES('bfa44995-9833-4238-9919-684e7da3c13c','user-i170bjn6w','eyJhbGciOiJIUzI1NiJ9.eyJ0b2tlbklkIjoiYmZhNDQ5OTUtOTgzMy00MjM4LTk5MTktNjg0ZTdkYTNjMTNjIiwidXNlcklkIjoidXNlci1pMTcwYmpuNnciLCJpYXQiOjE3NzU2NDc1ODIsImV4cCI6MTc3ODIzOTU4Mn0.J6HIoJQDQ-Z640IBYa7z_U252rNt55I08m6LuhQE2TA','2026-05-08T11:26:22.705Z','2026-04-08 11:26:22');
INSERT INTO "sessions" ("id","user_id","refresh_token","expires_at","created_at") VALUES('2657e13e-88d5-4bd7-be42-7938b29b9f91','user-i170bjn6w','eyJhbGciOiJIUzI1NiJ9.eyJ0b2tlbklkIjoiMjY1N2UxM2UtODhkNS00YmQ3LWJlNDItNzkzOGIyOWI5ZjkxIiwidXNlcklkIjoidXNlci1pMTcwYmpuNnciLCJpYXQiOjE3NzU2NDc1ODcsImV4cCI6MTc3ODIzOTU4N30.Bcd3WyMcXlcsxG_kRv60HmsO7r4MqR545j9u1dkgc60','2026-05-08T11:26:27.928Z','2026-04-08 11:26:28');
INSERT INTO "sessions" ("id","user_id","refresh_token","expires_at","created_at") VALUES('023c608e-3d16-445a-aa57-7b9e93a98e57','user-d8nru3xco','eyJhbGciOiJIUzI1NiJ9.eyJ0b2tlbklkIjoiMDIzYzYwOGUtM2QxNi00NDVhLWFhNTctN2I5ZTkzYTk4ZTU3IiwidXNlcklkIjoidXNlci1kOG5ydTN4Y28iLCJpYXQiOjE3NzU2NDc2MDYsImV4cCI6MTc3ODIzOTYwNn0.KJdWV9bgwhu64sw3IMj2Au0W9NMDj11mGn5JGzVAA_0','2026-05-08T11:26:46.414Z','2026-04-08 11:26:46');
INSERT INTO "sessions" ("id","user_id","refresh_token","expires_at","created_at") VALUES('a81c3560-655e-4af4-9069-0d8830587eb7','user-i170bjn6w','eyJhbGciOiJIUzI1NiJ9.eyJ0b2tlbklkIjoiYTgxYzM1NjAtNjU1ZS00YWY0LTkwNjktMGQ4ODMwNTg3ZWI3IiwidXNlcklkIjoidXNlci1pMTcwYmpuNnciLCJpYXQiOjE3NzU2NDc2MTMsImV4cCI6MTc3ODIzOTYxM30.z06_MZ_LPM_cGMqMg5pzwOhHRjzgRKGnQ5Pfi4y_5yw','2026-05-08T11:26:53.368Z','2026-04-08 11:26:53');
INSERT INTO "sessions" ("id","user_id","refresh_token","expires_at","created_at") VALUES('04f890b8-9683-4ec0-ac2f-9e332bfb57b7','user-i170bjn6w','eyJhbGciOiJIUzI1NiJ9.eyJ0b2tlbklkIjoiMDRmODkwYjgtOTY4My00ZWMwLWFjMmYtOWUzMzJiZmI1N2I3IiwidXNlcklkIjoidXNlci1pMTcwYmpuNnciLCJpYXQiOjE3NzU2NDc2MjcsImV4cCI6MTc3ODIzOTYyN30.Imt8dMBQp7dbv40bAOY1shfTgXAzrTebKQ_g47k8Y70','2026-05-08T11:27:07.413Z','2026-04-08 11:27:07');
INSERT INTO "sessions" ("id","user_id","refresh_token","expires_at","created_at") VALUES('dac37d3a-1577-40ea-b744-5894a77bcbd9','user-i170bjn6w','eyJhbGciOiJIUzI1NiJ9.eyJ0b2tlbklkIjoiZGFjMzdkM2EtMTU3Ny00MGVhLWI3NDQtNTg5NGE3N2JjYmQ5IiwidXNlcklkIjoidXNlci1pMTcwYmpuNnciLCJpYXQiOjE3NzU2NDc2MzAsImV4cCI6MTc3ODIzOTYzMH0.Mru5o_jHSCo7EdxkhsxOp-eX09eCdZL4XUANSgHNaLo','2026-05-08T11:27:10.843Z','2026-04-08 11:27:10');
INSERT INTO "sessions" ("id","user_id","refresh_token","expires_at","created_at") VALUES('d5ead6ed-4442-48a6-9814-739fa239b564','user-i170bjn6w','eyJhbGciOiJIUzI1NiJ9.eyJ0b2tlbklkIjoiZDVlYWQ2ZWQtNDQ0Mi00OGE2LTk4MTQtNzM5ZmEyMzliNTY0IiwidXNlcklkIjoidXNlci1pMTcwYmpuNnciLCJpYXQiOjE3NzU2NDc2MzcsImV4cCI6MTc3ODIzOTYzN30.aEuojRQ12846LTBaPo9w_oJADUrGym3dpwdQMs5PiuY','2026-05-08T11:27:17.280Z','2026-04-08 11:27:17');
INSERT INTO "sessions" ("id","user_id","refresh_token","expires_at","created_at") VALUES('fa1a6629-cc7a-4f53-8e1a-dcf8dfdaaecf','user-d8nru3xco','eyJhbGciOiJIUzI1NiJ9.eyJ0b2tlbklkIjoiZmExYTY2MjktY2M3YS00ZjUzLThlMWEtZGNmOGRmZGFhZWNmIiwidXNlcklkIjoidXNlci1kOG5ydTN4Y28iLCJpYXQiOjE3NzU2NDc2NzAsImV4cCI6MTc3ODIzOTY3MH0.6VnQZr06MtX4bBNm3ThX4ZqMTqn7WAy5HyMMsgRhx90','2026-05-08T11:27:50.173Z','2026-04-08 11:27:50');
INSERT INTO "sessions" ("id","user_id","refresh_token","expires_at","created_at") VALUES('57802228-d347-4fd7-87b9-4236ff3aa65d','user-i170bjn6w','eyJhbGciOiJIUzI1NiJ9.eyJ0b2tlbklkIjoiNTc4MDIyMjgtZDM0Ny00ZmQ3LTg3YjktNDIzNmZmM2FhNjVkIiwidXNlcklkIjoidXNlci1pMTcwYmpuNnciLCJpYXQiOjE3NzU2NDc2NzcsImV4cCI6MTc3ODIzOTY3N30.cu4gzJf0WHXX-x7CEGQUPJguXZ0ho6PBns5C-eiAZHc','2026-05-08T11:27:57.151Z','2026-04-08 11:27:57');
INSERT INTO "sessions" ("id","user_id","refresh_token","expires_at","created_at") VALUES('01265f8e-4d68-4e2c-b389-4e36c843b744','user-i170bjn6w','eyJhbGciOiJIUzI1NiJ9.eyJ0b2tlbklkIjoiMDEyNjVmOGUtNGQ2OC00ZTJjLWIzODktNGUzNmM4NDNiNzQ0IiwidXNlcklkIjoidXNlci1pMTcwYmpuNnciLCJpYXQiOjE3NzU2NDc2ODcsImV4cCI6MTc3ODIzOTY4N30.zNX1ok0lmC2hyl2ynEZ4yM2wkM9WQVnwrPUVvfLf13s','2026-05-08T11:28:07.280Z','2026-04-08 11:28:07');
INSERT INTO "sessions" ("id","user_id","refresh_token","expires_at","created_at") VALUES('c1fb0487-7dbb-421d-84ad-818717b80a6d','user-i170bjn6w','eyJhbGciOiJIUzI1NiJ9.eyJ0b2tlbklkIjoiYzFmYjA0ODctN2RiYi00MjFkLTg0YWQtODE4NzE3YjgwYTZkIiwidXNlcklkIjoidXNlci1pMTcwYmpuNnciLCJpYXQiOjE3NzU2NDc2OTAsImV4cCI6MTc3ODIzOTY5MH0.hJ1MCAcWEy8ttR3MMXVtDLpTLxjtlBIdOu3l_F92Rvo','2026-05-08T11:28:10.941Z','2026-04-08 11:28:11');
INSERT INTO "sessions" ("id","user_id","refresh_token","expires_at","created_at") VALUES('149c048f-6e6e-4dfb-9994-e4a0c33b267d','user-i170bjn6w','eyJhbGciOiJIUzI1NiJ9.eyJ0b2tlbklkIjoiMTQ5YzA0OGYtNmU2ZS00ZGZiLTk5OTQtZTRhMGMzM2IyNjdkIiwidXNlcklkIjoidXNlci1pMTcwYmpuNnciLCJpYXQiOjE3NzU2NDc2OTcsImV4cCI6MTc3ODIzOTY5N30.wo3ZisUVN9U0pILelZo1X1D1_3gjrQWk0c2s5L1YWHk','2026-05-08T11:28:17.218Z','2026-04-08 11:28:17');
INSERT INTO "sessions" ("id","user_id","refresh_token","expires_at","created_at") VALUES('b6a8239c-d7ea-4769-87ab-210eb82c49b4','user-d8nru3xco','eyJhbGciOiJIUzI1NiJ9.eyJ0b2tlbklkIjoiYjZhODIzOWMtZDdlYS00NzY5LTg3YWItMjEwZWI4MmM0OWI0IiwidXNlcklkIjoidXNlci1kOG5ydTN4Y28iLCJpYXQiOjE3NzU2NDc3MTMsImV4cCI6MTc3ODIzOTcxM30.0yvo3oWMPHALTKeGyyrV7r6wEroz0Hw3476Axe0jCKo','2026-05-08T11:28:33.579Z','2026-04-08 11:28:33');
INSERT INTO "sessions" ("id","user_id","refresh_token","expires_at","created_at") VALUES('51bc8edb-cd0b-438b-9fce-d94a6d153ff9','user-i170bjn6w','eyJhbGciOiJIUzI1NiJ9.eyJ0b2tlbklkIjoiNTFiYzhlZGItY2QwYi00MzhiLTlmY2UtZDk0YTZkMTUzZmY5IiwidXNlcklkIjoidXNlci1pMTcwYmpuNnciLCJpYXQiOjE3NzU2NDc3MjAsImV4cCI6MTc3ODIzOTcyMH0.DYL2xvwzCPmPj3BvHFb68j8ER605aSkmFWzcZhtosG4','2026-05-08T11:28:40.471Z','2026-04-08 11:28:40');
INSERT INTO "sessions" ("id","user_id","refresh_token","expires_at","created_at") VALUES('e7fd988b-97f9-43e6-abe7-46bdc8d439d5','user-i170bjn6w','eyJhbGciOiJIUzI1NiJ9.eyJ0b2tlbklkIjoiZTdmZDk4OGItOTdmOS00M2U2LWFiZTctNDZiZGM4ZDQzOWQ1IiwidXNlcklkIjoidXNlci1pMTcwYmpuNnciLCJpYXQiOjE3NzU2NDc3MzAsImV4cCI6MTc3ODIzOTczMH0.1QLHxLTKPCtOZNPByGkEnvsZ79I-LuioX402iNGHcnM','2026-05-08T11:28:50.611Z','2026-04-08 11:28:50');
INSERT INTO "sessions" ("id","user_id","refresh_token","expires_at","created_at") VALUES('a0169ffe-99de-4615-babb-02053406ef9c','user-i170bjn6w','eyJhbGciOiJIUzI1NiJ9.eyJ0b2tlbklkIjoiYTAxNjlmZmUtOTlkZS00NjE1LWJhYmItMDIwNTM0MDZlZjljIiwidXNlcklkIjoidXNlci1pMTcwYmpuNnciLCJpYXQiOjE3NzU2NDc3MzMsImV4cCI6MTc3ODIzOTczM30.hwNCSh9aGUrV45nBnLfDIhH9uDGTMZzuL-PpK46nPgk','2026-05-08T11:28:53.959Z','2026-04-08 11:28:54');
INSERT INTO "sessions" ("id","user_id","refresh_token","expires_at","created_at") VALUES('c4c5de8a-1f1c-41da-a5c8-2401df5dc6c2','user-i170bjn6w','eyJhbGciOiJIUzI1NiJ9.eyJ0b2tlbklkIjoiYzRjNWRlOGEtMWYxYy00MWRhLWE1YzgtMjQwMWRmNWRjNmMyIiwidXNlcklkIjoidXNlci1pMTcwYmpuNnciLCJpYXQiOjE3NzU2NDc3NDAsImV4cCI6MTc3ODIzOTc0MH0.IGjC2ryKP3LbwJ-k818jO1YMgyN8gXzVZ6S-b37WMIc','2026-05-08T11:29:00.362Z','2026-04-08 11:29:00');
INSERT INTO "sessions" ("id","user_id","refresh_token","expires_at","created_at") VALUES('3c3d7089-40b5-4c83-9cc5-ad9f38450fed','user-d8nru3xco','eyJhbGciOiJIUzI1NiJ9.eyJ0b2tlbklkIjoiM2MzZDcwODktNDBiNS00YzgzLTljYzUtYWQ5ZjM4NDUwZmVkIiwidXNlcklkIjoidXNlci1kOG5ydTN4Y28iLCJpYXQiOjE3NzU2NDc3NTYsImV4cCI6MTc3ODIzOTc1Nn0.oujRPG5Jv6NXGZ2Fu4e1Gog4wY_c-S4RzMtYQ3BfxKo','2026-05-08T11:29:16.673Z','2026-04-08 11:29:16');
INSERT INTO "sessions" ("id","user_id","refresh_token","expires_at","created_at") VALUES('b1ded707-cf08-46d5-89d5-b515e70fc7f7','user-i170bjn6w','eyJhbGciOiJIUzI1NiJ9.eyJ0b2tlbklkIjoiYjFkZWQ3MDctY2YwOC00NmQ1LTg5ZDUtYjUxNWU3MGZjN2Y3IiwidXNlcklkIjoidXNlci1pMTcwYmpuNnciLCJpYXQiOjE3NzU2NDc3NjMsImV4cCI6MTc3ODIzOTc2M30.ZZd6qbulUpXzCMp0P_4m5ibMYo0vdFQusTu8O7sjLJk','2026-05-08T11:29:23.448Z','2026-04-08 11:29:23');
INSERT INTO "sessions" ("id","user_id","refresh_token","expires_at","created_at") VALUES('917f0a3a-4ee6-4d71-9d97-2ba4a88d2781','user-i170bjn6w','eyJhbGciOiJIUzI1NiJ9.eyJ0b2tlbklkIjoiOTE3ZjBhM2EtNGVlNi00ZDcxLTlkOTctMmJhNGE4OGQyNzgxIiwidXNlcklkIjoidXNlci1pMTcwYmpuNnciLCJpYXQiOjE3NzU2NDc3NzMsImV4cCI6MTc3ODIzOTc3M30.AISyti2grANCf5OFK8wmGhN1JaWsDbmrqlkOI5coHIg','2026-05-08T11:29:33.184Z','2026-04-08 11:29:33');
INSERT INTO "sessions" ("id","user_id","refresh_token","expires_at","created_at") VALUES('640d9989-9f3b-435e-aa39-0c0412b9d53c','user-i170bjn6w','eyJhbGciOiJIUzI1NiJ9.eyJ0b2tlbklkIjoiNjQwZDk5ODktOWYzYi00MzVlLWFhMzktMGMwNDEyYjlkNTNjIiwidXNlcklkIjoidXNlci1pMTcwYmpuNnciLCJpYXQiOjE3NzU2NDc3ODEsImV4cCI6MTc3ODIzOTc4MX0.5y_ESlL-X8Bw3zbzn-B1iy6SPUOFa7YiOmMxL7LMO6M','2026-05-08T11:29:41.026Z','2026-04-08 11:29:41');
INSERT INTO "sessions" ("id","user_id","refresh_token","expires_at","created_at") VALUES('383e39c8-930d-4f9e-a44f-67dcbaf3cd4b','user-i170bjn6w','eyJhbGciOiJIUzI1NiJ9.eyJ0b2tlbklkIjoiMzgzZTM5YzgtOTMwZC00ZjllLWE0NGYtNjdkY2JhZjNjZDRiIiwidXNlcklkIjoidXNlci1pMTcwYmpuNnciLCJpYXQiOjE3NzU2NDc3ODcsImV4cCI6MTc3ODIzOTc4N30.Mo3f8fTyeQfTlBPPuEZeLEf-BYRzoCK2jsDvAsd9qOQ','2026-05-08T11:29:47.248Z','2026-04-08 11:29:47');
INSERT INTO "sessions" ("id","user_id","refresh_token","expires_at","created_at") VALUES('9f1bd3bf-47eb-4ec2-a12b-75b655c678a6','user-i170bjn6w','eyJhbGciOiJIUzI1NiJ9.eyJ0b2tlbklkIjoiOWYxYmQzYmYtNDdlYi00ZWMyLWExMmItNzViNjU1YzY3OGE2IiwidXNlcklkIjoidXNlci1pMTcwYmpuNnciLCJpYXQiOjE3NzU2NDc4MDEsImV4cCI6MTc3ODIzOTgwMX0.uoeXh0UdXnR1jJAay36C1LIjpulUR65nqMSS62yC29I','2026-05-08T11:30:01.967Z','2026-04-08 11:30:02');
INSERT INTO "sessions" ("id","user_id","refresh_token","expires_at","created_at") VALUES('69894d81-8598-465c-a35e-b4e32cc62d31','user-d8nru3xco','eyJhbGciOiJIUzI1NiJ9.eyJ0b2tlbklkIjoiNjk4OTRkODEtODU5OC00NjVjLWEzNWUtYjRlMzJjYzYyZDMxIiwidXNlcklkIjoidXNlci1kOG5ydTN4Y28iLCJpYXQiOjE3NzU2NDc5MTEsImV4cCI6MTc3ODIzOTkxMX0.YCYNk9ttW-O8ykbGafzCU_7AnGOI3bVeWtDy7DfWUJc','2026-05-08T11:31:51.317Z','2026-04-08 11:31:51');
INSERT INTO "sessions" ("id","user_id","refresh_token","expires_at","created_at") VALUES('14f8e37d-9f17-4598-9f3f-79d02f3e2663','user-i170bjn6w','eyJhbGciOiJIUzI1NiJ9.eyJ0b2tlbklkIjoiMTRmOGUzN2QtOWYxNy00NTk4LTlmM2YtNzlkMDJmM2UyNjYzIiwidXNlcklkIjoidXNlci1pMTcwYmpuNnciLCJpYXQiOjE3NzU2NDc5MTgsImV4cCI6MTc3ODIzOTkxOH0.wOnVbGlwMkzJZgKdPItlLRu0q4SHDq5cEHuFBQT0vjQ','2026-05-08T11:31:58.346Z','2026-04-08 11:31:58');
INSERT INTO "sessions" ("id","user_id","refresh_token","expires_at","created_at") VALUES('7dfd07eb-657c-427c-b05f-a20c5eb5b436','user-i170bjn6w','eyJhbGciOiJIUzI1NiJ9.eyJ0b2tlbklkIjoiN2RmZDA3ZWItNjU3Yy00MjdjLWIwNWYtYTIwYzVlYjViNDM2IiwidXNlcklkIjoidXNlci1pMTcwYmpuNnciLCJpYXQiOjE3NzU2NDc5MTksImV4cCI6MTc3ODIzOTkxOX0.7PyTRANqDhVaBEMuVXOtzHO-RJGvyt3T3Olk3pq95OU','2026-05-08T11:31:59.434Z','2026-04-08 11:31:59');
INSERT INTO "sessions" ("id","user_id","refresh_token","expires_at","created_at") VALUES('e5bc0e6b-a3fc-461e-8c74-978568a05872','user-i170bjn6w','eyJhbGciOiJIUzI1NiJ9.eyJ0b2tlbklkIjoiZTViYzBlNmItYTNmYy00NjFlLThjNzQtOTc4NTY4YTA1ODcyIiwidXNlcklkIjoidXNlci1pMTcwYmpuNnciLCJpYXQiOjE3NzU2NDc5MjAsImV4cCI6MTc3ODIzOTkyMH0.9-pxASZTEmz_pT6d97xw1dOMZfAUo_1VF552cbFX4Do','2026-05-08T11:32:00.515Z','2026-04-08 11:32:00');
INSERT INTO "sessions" ("id","user_id","refresh_token","expires_at","created_at") VALUES('ca012c3f-5267-4af7-b0f1-f5a08b7d9537','user-i170bjn6w','eyJhbGciOiJIUzI1NiJ9.eyJ0b2tlbklkIjoiY2EwMTJjM2YtNTI2Ny00YWY3LWIwZjEtZjVhMDhiN2Q5NTM3IiwidXNlcklkIjoidXNlci1pMTcwYmpuNnciLCJpYXQiOjE3NzU2NDc5MjEsImV4cCI6MTc3ODIzOTkyMX0.3rVzzRxv2PzgMofrLIMSzubHBhGEnTQcKwXQuS1o1U4','2026-05-08T11:32:01.708Z','2026-04-08 11:32:01');
INSERT INTO "sessions" ("id","user_id","refresh_token","expires_at","created_at") VALUES('406ca6bf-093f-4364-affe-71500f85c988','user-i170bjn6w','eyJhbGciOiJIUzI1NiJ9.eyJ0b2tlbklkIjoiNDA2Y2E2YmYtMDkzZi00MzY0LWFmZmUtNzE1MDBmODVjOTg4IiwidXNlcklkIjoidXNlci1pMTcwYmpuNnciLCJpYXQiOjE3NzU2NDc5MjIsImV4cCI6MTc3ODIzOTkyMn0.vYwMhDjSDSsF-Qk1bxxaYiIl389Dm1mimbq_tZnlF0k','2026-05-08T11:32:02.842Z','2026-04-08 11:32:02');
INSERT INTO "sessions" ("id","user_id","refresh_token","expires_at","created_at") VALUES('2847c1bd-fdcc-4047-a831-59806d295f0d','user-i170bjn6w','eyJhbGciOiJIUzI1NiJ9.eyJ0b2tlbklkIjoiMjg0N2MxYmQtZmRjYy00MDQ3LWE4MzEtNTk4MDZkMjk1ZjBkIiwidXNlcklkIjoidXNlci1pMTcwYmpuNnciLCJpYXQiOjE3NzU2NDc5MjQsImV4cCI6MTc3ODIzOTkyNH0.crE8Fl89MlUTsmc023h6Co-wD2EA3W52DF_fK9JZ2lY','2026-05-08T11:32:04.090Z','2026-04-08 11:32:04');
INSERT INTO "sessions" ("id","user_id","refresh_token","expires_at","created_at") VALUES('96aa6cf8-bc74-4bc5-a05e-f5a19e419442','user-i170bjn6w','eyJhbGciOiJIUzI1NiJ9.eyJ0b2tlbklkIjoiOTZhYTZjZjgtYmM3NC00YmM1LWEwNWUtZjVhMTllNDE5NDQyIiwidXNlcklkIjoidXNlci1pMTcwYmpuNnciLCJpYXQiOjE3NzU2NDc5MjUsImV4cCI6MTc3ODIzOTkyNX0.BkV8O_kGkViWdFXUhlsi4mlnngqQ9eaua1LkO05f2Do','2026-05-08T11:32:05.234Z','2026-04-08 11:32:05');
INSERT INTO "sessions" ("id","user_id","refresh_token","expires_at","created_at") VALUES('d1e702d1-0281-4389-a091-815d56341861','user-i170bjn6w','eyJhbGciOiJIUzI1NiJ9.eyJ0b2tlbklkIjoiZDFlNzAyZDEtMDI4MS00Mzg5LWEwOTEtODE1ZDU2MzQxODYxIiwidXNlcklkIjoidXNlci1pMTcwYmpuNnciLCJpYXQiOjE3NzU2NDc5MjYsImV4cCI6MTc3ODIzOTkyNn0.3AAPhQZlFqW-mdsVYM5BTsOQpMoV48c3GMTf44rOyZM','2026-05-08T11:32:06.301Z','2026-04-08 11:32:06');
INSERT INTO "sessions" ("id","user_id","refresh_token","expires_at","created_at") VALUES('6d16a2da-c0ea-459f-99f3-c5a465fea147','user-i170bjn6w','eyJhbGciOiJIUzI1NiJ9.eyJ0b2tlbklkIjoiNmQxNmEyZGEtYzBlYS00NTlmLTk5ZjMtYzVhNDY1ZmVhMTQ3IiwidXNlcklkIjoidXNlci1pMTcwYmpuNnciLCJpYXQiOjE3NzU2NDc5MjgsImV4cCI6MTc3ODIzOTkyOH0.NSFW1aVb-hQhCdx_lXVDBZ-CTSJOCVhawA1-JxMY2pg','2026-05-08T11:32:08.287Z','2026-04-08 11:32:08');
INSERT INTO "sessions" ("id","user_id","refresh_token","expires_at","created_at") VALUES('1fb25eaa-3420-4c7a-b9db-63f02690c423','user-i170bjn6w','eyJhbGciOiJIUzI1NiJ9.eyJ0b2tlbklkIjoiMWZiMjVlYWEtMzQyMC00YzdhLWI5ZGItNjNmMDI2OTBjNDIzIiwidXNlcklkIjoidXNlci1pMTcwYmpuNnciLCJpYXQiOjE3NzU2NDc5MzQsImV4cCI6MTc3ODIzOTkzNH0.4vSUYA0P2CaEKd1PzF6XudCPrt19v1Pij9TGQqSGB18','2026-05-08T11:32:14.568Z','2026-04-08 11:32:14');
INSERT INTO "sessions" ("id","user_id","refresh_token","expires_at","created_at") VALUES('05673cf0-2e16-4aa6-a1ed-866444d9572d','user-i170bjn6w','eyJhbGciOiJIUzI1NiJ9.eyJ0b2tlbklkIjoiMDU2NzNjZjAtMmUxNi00YWE2LWExZWQtODY2NDQ0ZDk1NzJkIiwidXNlcklkIjoidXNlci1pMTcwYmpuNnciLCJpYXQiOjE3NzU2NDc5MzUsImV4cCI6MTc3ODIzOTkzNX0._IugHQUwHKgSh48z6f1tR1qgNK_OWPJ7b4xaOSA63C0','2026-05-08T11:32:15.697Z','2026-04-08 11:32:15');
INSERT INTO "sessions" ("id","user_id","refresh_token","expires_at","created_at") VALUES('769813c8-f341-46b0-8ddd-dbf0fb2f1a90','user-i170bjn6w','eyJhbGciOiJIUzI1NiJ9.eyJ0b2tlbklkIjoiNzY5ODEzYzgtZjM0MS00NmIwLThkZGQtZGJmMGZiMmYxYTkwIiwidXNlcklkIjoidXNlci1pMTcwYmpuNnciLCJpYXQiOjE3NzU2NDc5MzYsImV4cCI6MTc3ODIzOTkzNn0.fRgwbRGC8SG4BV_JZiNZBnS5Ckz74kc4qj6-qxxm06g','2026-05-08T11:32:16.885Z','2026-04-08 11:32:16');
INSERT INTO "sessions" ("id","user_id","refresh_token","expires_at","created_at") VALUES('7402455a-2a6b-47a6-8847-480e35d40af5','user-i170bjn6w','eyJhbGciOiJIUzI1NiJ9.eyJ0b2tlbklkIjoiNzQwMjQ1NWEtMmE2Yi00N2E2LTg4NDctNDgwZTM1ZDQwYWY1IiwidXNlcklkIjoidXNlci1pMTcwYmpuNnciLCJpYXQiOjE3NzU2NDc5MzcsImV4cCI6MTc3ODIzOTkzN30.CdYeug7YIK46vjvhYgW_tDsQGoZ5Ku4hkWNp0jrc1D0','2026-05-08T11:32:17.949Z','2026-04-08 11:32:18');
INSERT INTO "sessions" ("id","user_id","refresh_token","expires_at","created_at") VALUES('3bf998b4-9d7c-4a34-a3b9-0f2390e68250','user-i170bjn6w','eyJhbGciOiJIUzI1NiJ9.eyJ0b2tlbklkIjoiM2JmOTk4YjQtOWQ3Yy00YTM0LWEzYjktMGYyMzkwZTY4MjUwIiwidXNlcklkIjoidXNlci1pMTcwYmpuNnciLCJpYXQiOjE3NzU2NDc5MzksImV4cCI6MTc3ODIzOTkzOX0.pxoj2bVJnSuD6qJHHLSMhVNb-2-WXuX5Brcuey1Edbg','2026-05-08T11:32:19.016Z','2026-04-08 11:32:19');
INSERT INTO "sessions" ("id","user_id","refresh_token","expires_at","created_at") VALUES('537daf66-daa8-4b40-b88e-0b189313a7ee','user-i170bjn6w','eyJhbGciOiJIUzI1NiJ9.eyJ0b2tlbklkIjoiNTM3ZGFmNjYtZGFhOC00YjQwLWI4OGUtMGIxODkzMTNhN2VlIiwidXNlcklkIjoidXNlci1pMTcwYmpuNnciLCJpYXQiOjE3NzU2NDc5NDAsImV4cCI6MTc3ODIzOTk0MH0.-Wl0DvOqeHVMLIVZCXdPdTJPprLJu6q_SFgrsS977ww','2026-05-08T11:32:20.105Z','2026-04-08 11:32:20');
INSERT INTO "sessions" ("id","user_id","refresh_token","expires_at","created_at") VALUES('a5ffb7e0-41ce-4991-970a-42ad85fc1a3c','user-i170bjn6w','eyJhbGciOiJIUzI1NiJ9.eyJ0b2tlbklkIjoiYTVmZmI3ZTAtNDFjZS00OTkxLTk3MGEtNDJhZDg1ZmMxYTNjIiwidXNlcklkIjoidXNlci1pMTcwYmpuNnciLCJpYXQiOjE3NzU2NDc5NDEsImV4cCI6MTc3ODIzOTk0MX0.jkgeUOs2fVxpK0fIEtAsU1YqUCMZCdQAqFG4-L-dIsM','2026-05-08T11:32:21.177Z','2026-04-08 11:32:21');
INSERT INTO "sessions" ("id","user_id","refresh_token","expires_at","created_at") VALUES('817b0c9c-f4e5-43e6-92b4-8efe35429d9f','user-i170bjn6w','eyJhbGciOiJIUzI1NiJ9.eyJ0b2tlbklkIjoiODE3YjBjOWMtZjRlNS00M2U2LTkyYjQtOGVmZTM1NDI5ZDlmIiwidXNlcklkIjoidXNlci1pMTcwYmpuNnciLCJpYXQiOjE3NzU2NDc5NDIsImV4cCI6MTc3ODIzOTk0Mn0.fMgYUnLOnc6mEzT5BzzkNpXcUA0dgshQYR9tg55AyAw','2026-05-08T11:32:22.270Z','2026-04-08 11:32:22');
INSERT INTO "sessions" ("id","user_id","refresh_token","expires_at","created_at") VALUES('5b8a0674-9863-45d7-8458-806a6c40444c','user-i170bjn6w','eyJhbGciOiJIUzI1NiJ9.eyJ0b2tlbklkIjoiNWI4YTA2NzQtOTg2My00NWQ3LTg0NTgtODA2YTZjNDA0NDRjIiwidXNlcklkIjoidXNlci1pMTcwYmpuNnciLCJpYXQiOjE3NzU2NDc5NDMsImV4cCI6MTc3ODIzOTk0M30.o6pCy2lmhdmLpUT2augzIZ6AqQ1n_x6vHLPiW3Qx0TA','2026-05-08T11:32:23.364Z','2026-04-08 11:32:23');
INSERT INTO "sessions" ("id","user_id","refresh_token","expires_at","created_at") VALUES('2cf87010-85c8-46b0-ac61-8cb91939b27f','user-i170bjn6w','eyJhbGciOiJIUzI1NiJ9.eyJ0b2tlbklkIjoiMmNmODcwMTAtODVjOC00NmIwLWFjNjEtOGNiOTE5MzliMjdmIiwidXNlcklkIjoidXNlci1pMTcwYmpuNnciLCJpYXQiOjE3NzU2NDc5NDQsImV4cCI6MTc3ODIzOTk0NH0.WTnglGYRHLjKhe4ZBWS62GVmLrJUFr6hoRCoktKZ8o4','2026-05-08T11:32:24.556Z','2026-04-08 11:32:24');
INSERT INTO "sessions" ("id","user_id","refresh_token","expires_at","created_at") VALUES('5601bceb-6d6f-4f76-9ba6-b01f9363ae6d','user-i170bjn6w','eyJhbGciOiJIUzI1NiJ9.eyJ0b2tlbklkIjoiNTYwMWJjZWItNmQ2Zi00Zjc2LTliYTYtYjAxZjkzNjNhZTZkIiwidXNlcklkIjoidXNlci1pMTcwYmpuNnciLCJpYXQiOjE3NzU2NDc5NDUsImV4cCI6MTc3ODIzOTk0NX0.K1SXl4AZxcBCX2jdmBzDkh1W2Cx8mI45aQvQ5xMVErI','2026-05-08T11:32:25.860Z','2026-04-08 11:32:25');
INSERT INTO "sessions" ("id","user_id","refresh_token","expires_at","created_at") VALUES('16f382d3-6a5a-43e5-a6fb-23c66c23bc76','user-i170bjn6w','eyJhbGciOiJIUzI1NiJ9.eyJ0b2tlbklkIjoiMTZmMzgyZDMtNmE1YS00M2U1LWE2ZmItMjNjNjZjMjNiYzc2IiwidXNlcklkIjoidXNlci1pMTcwYmpuNnciLCJpYXQiOjE3NzU2NDc5NTEsImV4cCI6MTc3ODIzOTk1MX0.6eYfiC8V-yJ_gIzzWrfZvIiy0TtOe52i7QK3mbTfsXE','2026-05-08T11:32:31.050Z','2026-04-08 11:32:31');
INSERT INTO "sessions" ("id","user_id","refresh_token","expires_at","created_at") VALUES('ff31d435-0efe-4ae1-bc5e-95a35ba5ce8c','user-i170bjn6w','eyJhbGciOiJIUzI1NiJ9.eyJ0b2tlbklkIjoiZmYzMWQ0MzUtMGVmZS00YWUxLWJjNWUtOTVhMzViYTVjZThjIiwidXNlcklkIjoidXNlci1pMTcwYmpuNnciLCJpYXQiOjE3NzU2NDc5NTIsImV4cCI6MTc3ODIzOTk1Mn0.u4ZKUVNkvw7hrFyNWyxlIAn8hLSBuUjIbrF7KHn5OeY','2026-05-08T11:32:32.139Z','2026-04-08 11:32:32');
INSERT INTO "sessions" ("id","user_id","refresh_token","expires_at","created_at") VALUES('e8573c0f-66de-4c4a-879f-7e7e3d88441b','user-i170bjn6w','eyJhbGciOiJIUzI1NiJ9.eyJ0b2tlbklkIjoiZTg1NzNjMGYtNjZkZS00YzRhLTg3OWYtN2U3ZTNkODg0NDFiIiwidXNlcklkIjoidXNlci1pMTcwYmpuNnciLCJpYXQiOjE3NzU2NDc5NTMsImV4cCI6MTc3ODIzOTk1M30.hBjab6287DRDUm4YeBK4RrkUUZ8vXyajVSNhlec1zto','2026-05-08T11:32:33.225Z','2026-04-08 11:32:33');
INSERT INTO "sessions" ("id","user_id","refresh_token","expires_at","created_at") VALUES('686c43a8-019f-4021-9236-7204ab9bf120','user-i170bjn6w','eyJhbGciOiJIUzI1NiJ9.eyJ0b2tlbklkIjoiNjg2YzQzYTgtMDE5Zi00MDIxLTkyMzYtNzIwNGFiOWJmMTIwIiwidXNlcklkIjoidXNlci1pMTcwYmpuNnciLCJpYXQiOjE3NzU2NDc5NTQsImV4cCI6MTc3ODIzOTk1NH0.XXpIhNCDxPeZ9dDky-ADVE19Xe_Z1piSN8ewIv5tFF4','2026-05-08T11:32:34.292Z','2026-04-08 11:32:34');
INSERT INTO "sessions" ("id","user_id","refresh_token","expires_at","created_at") VALUES('54af8404-1f36-4874-a9e6-1050455eb08e','user-i170bjn6w','eyJhbGciOiJIUzI1NiJ9.eyJ0b2tlbklkIjoiNTRhZjg0MDQtMWYzNi00ODc0LWE5ZTYtMTA1MDQ1NWViMDhlIiwidXNlcklkIjoidXNlci1pMTcwYmpuNnciLCJpYXQiOjE3NzU2NDc5NTUsImV4cCI6MTc3ODIzOTk1NX0.t3ri6svX0xrgVmSDEU_lyr3oL21mDaVhGCPwwe7TcoI','2026-05-08T11:32:35.340Z','2026-04-08 11:32:35');
INSERT INTO "sessions" ("id","user_id","refresh_token","expires_at","created_at") VALUES('c7537dcc-3ca8-489a-98f8-c8cc6a6af78e','user-i170bjn6w','eyJhbGciOiJIUzI1NiJ9.eyJ0b2tlbklkIjoiYzc1MzdkY2MtM2NhOC00ODlhLTk4ZjgtYzhjYzZhNmFmNzhlIiwidXNlcklkIjoidXNlci1pMTcwYmpuNnciLCJpYXQiOjE3NzU2NDc5NTYsImV4cCI6MTc3ODIzOTk1Nn0.qz0f9n6SQTkfqeGKQKuj7JgrYZ8M43k3vFNOTL_AkEs','2026-05-08T11:32:36.526Z','2026-04-08 11:32:36');
INSERT INTO "sessions" ("id","user_id","refresh_token","expires_at","created_at") VALUES('867f146c-f4c7-4d07-a33d-1cc31d179b6a','user-d8nru3xco','eyJhbGciOiJIUzI1NiJ9.eyJ0b2tlbklkIjoiODY3ZjE0NmMtZjRjNy00ZDA3LWEzM2QtMWNjMzFkMTc5YjZhIiwidXNlcklkIjoidXNlci1kOG5ydTN4Y28iLCJpYXQiOjE3NzU2NDgwMjMsImV4cCI6MTc3ODI0MDAyM30.Qsjikm1FNG-OTC4GpLyr5lCRzYZC7m5mqBTksiybPfY','2026-05-08T11:33:43.814Z','2026-04-08 11:33:43');
INSERT INTO "sessions" ("id","user_id","refresh_token","expires_at","created_at") VALUES('fcca165d-9fae-4f53-80d2-9a5c34e4b2df','user-i170bjn6w','eyJhbGciOiJIUzI1NiJ9.eyJ0b2tlbklkIjoiZmNjYTE2NWQtOWZhZS00ZjUzLTgwZDItOWE1YzM0ZTRiMmRmIiwidXNlcklkIjoidXNlci1pMTcwYmpuNnciLCJpYXQiOjE3NzU2NDgwMjUsImV4cCI6MTc3ODI0MDAyNX0.wtw79iTXeo261TxHCRLn4dQ26XdgQOKAWmJthLcTEWk','2026-05-08T11:33:45.931Z','2026-04-08 11:33:46');
INSERT INTO "sessions" ("id","user_id","refresh_token","expires_at","created_at") VALUES('bc304afd-72c0-4a12-9666-cb2037aff40b','user-i170bjn6w','eyJhbGciOiJIUzI1NiJ9.eyJ0b2tlbklkIjoiYmMzMDRhZmQtNzJjMC00YTEyLTk2NjYtY2IyMDM3YWZmNDBiIiwidXNlcklkIjoidXNlci1pMTcwYmpuNnciLCJpYXQiOjE3NzU2NDgwMjcsImV4cCI6MTc3ODI0MDAyN30.LEvZWIZ1J8yHyJ2876JqTl44Cy4dHBtW4KAkKc9kuQw','2026-05-08T11:33:47.613Z','2026-04-08 11:33:47');
INSERT INTO "sessions" ("id","user_id","refresh_token","expires_at","created_at") VALUES('cc95e522-142c-4bc5-9eb0-6c4c4048c97d','user-i170bjn6w','eyJhbGciOiJIUzI1NiJ9.eyJ0b2tlbklkIjoiY2M5NWU1MjItMTQyYy00YmM1LTllYjAtNmM0YzQwNDhjOTdkIiwidXNlcklkIjoidXNlci1pMTcwYmpuNnciLCJpYXQiOjE3NzU2NDgwMjgsImV4cCI6MTc3ODI0MDAyOH0.uvVNof0GJRUh0Rf2bnSB185Lw2UksClwWWUMhaUbDRs','2026-05-08T11:33:48.667Z','2026-04-08 11:33:48');
INSERT INTO "sessions" ("id","user_id","refresh_token","expires_at","created_at") VALUES('ca56a95e-8c8d-4428-b37f-1449ef170c96','user-i170bjn6w','eyJhbGciOiJIUzI1NiJ9.eyJ0b2tlbklkIjoiY2E1NmE5NWUtOGM4ZC00NDI4LWIzN2YtMTQ0OWVmMTcwYzk2IiwidXNlcklkIjoidXNlci1pMTcwYmpuNnciLCJpYXQiOjE3NzU2NDgwMjksImV4cCI6MTc3ODI0MDAyOX0.2oh5mhJTXIzlAV5Llv4RGuK-K62w200If09Y1oplzRA','2026-05-08T11:33:49.769Z','2026-04-08 11:33:49');
INSERT INTO "sessions" ("id","user_id","refresh_token","expires_at","created_at") VALUES('5c8968ac-1054-4931-a4a4-6ff7c6ae041b','user-i170bjn6w','eyJhbGciOiJIUzI1NiJ9.eyJ0b2tlbklkIjoiNWM4OTY4YWMtMTA1NC00OTMxLWE0YTQtNmZmN2M2YWUwNDFiIiwidXNlcklkIjoidXNlci1pMTcwYmpuNnciLCJpYXQiOjE3NzU2NDgwMzAsImV4cCI6MTc3ODI0MDAzMH0.y-cmbu01WuAof0bdKU9ijVd9ZUOmGNrt6mkIY2OSCTo','2026-05-08T11:33:50.845Z','2026-04-08 11:33:50');
INSERT INTO "sessions" ("id","user_id","refresh_token","expires_at","created_at") VALUES('4534260e-d526-4ecc-b287-5b017fcdb83a','user-i170bjn6w','eyJhbGciOiJIUzI1NiJ9.eyJ0b2tlbklkIjoiNDUzNDI2MGUtZDUyNi00ZWNjLWIyODctNWIwMTdmY2RiODNhIiwidXNlcklkIjoidXNlci1pMTcwYmpuNnciLCJpYXQiOjE3NzU2NDgwMzEsImV4cCI6MTc3ODI0MDAzMX0.aGkDR77-pg-i6h4pYs81JEOqtA6wYj59xbkydVYbwuU','2026-05-08T11:33:51.935Z','2026-04-08 11:33:52');
INSERT INTO "sessions" ("id","user_id","refresh_token","expires_at","created_at") VALUES('54ade24b-f8fe-45ce-8d63-96c376eac0ee','user-i170bjn6w','eyJhbGciOiJIUzI1NiJ9.eyJ0b2tlbklkIjoiNTRhZGUyNGItZjhmZS00NWNlLThkNjMtOTZjMzc2ZWFjMGVlIiwidXNlcklkIjoidXNlci1pMTcwYmpuNnciLCJpYXQiOjE3NzU2NDgwMzMsImV4cCI6MTc3ODI0MDAzM30.VFuooFjFNwqfN2thJGWzyUIJdyFoGTIGh7JAyH6v1zA','2026-05-08T11:33:53.236Z','2026-04-08 11:33:53');
INSERT INTO "sessions" ("id","user_id","refresh_token","expires_at","created_at") VALUES('177e30a6-d815-454a-b7f3-161b1d0494f8','user-i170bjn6w','eyJhbGciOiJIUzI1NiJ9.eyJ0b2tlbklkIjoiMTc3ZTMwYTYtZDgxNS00NTRhLWI3ZjMtMTYxYjFkMDQ5NGY4IiwidXNlcklkIjoidXNlci1pMTcwYmpuNnciLCJpYXQiOjE3NzU2NDgwMzQsImV4cCI6MTc3ODI0MDAzNH0.GpBMvPIc6sBloMtRVwa8A6VgfNGGEUJpvdPtzjzD73U','2026-05-08T11:33:54.291Z','2026-04-08 11:33:54');
INSERT INTO "sessions" ("id","user_id","refresh_token","expires_at","created_at") VALUES('e28109f4-9182-4149-9bc7-d6bceceeec6d','user-i170bjn6w','eyJhbGciOiJIUzI1NiJ9.eyJ0b2tlbklkIjoiZTI4MTA5ZjQtOTE4Mi00MTQ5LTliYzctZDZiY2VjZWVlYzZkIiwidXNlcklkIjoidXNlci1pMTcwYmpuNnciLCJpYXQiOjE3NzU2NDgwMzUsImV4cCI6MTc3ODI0MDAzNX0.ZHcyFqViM3kK9yAXMNacZ_F62ic4rc8TQdBoj0N3gfM','2026-05-08T11:33:55.349Z','2026-04-08 11:33:55');
INSERT INTO "sessions" ("id","user_id","refresh_token","expires_at","created_at") VALUES('5f732336-bcb2-4d0d-ac8c-70c5d0860ca5','user-i170bjn6w','eyJhbGciOiJIUzI1NiJ9.eyJ0b2tlbklkIjoiNWY3MzIzMzYtYmNiMi00ZDBkLWFjOGMtNzBjNWQwODYwY2E1IiwidXNlcklkIjoidXNlci1pMTcwYmpuNnciLCJpYXQiOjE3NzU2NDgwMzYsImV4cCI6MTc3ODI0MDAzNn0.C91PyPQ5AoMDeJQBm79uCwb5epWBi2LRAfFJfSK2A8U','2026-05-08T11:33:56.540Z','2026-04-08 11:33:56');
INSERT INTO "sessions" ("id","user_id","refresh_token","expires_at","created_at") VALUES('110ae9da-37be-4383-a4b4-3ac039dc05d4','user-i170bjn6w','eyJhbGciOiJIUzI1NiJ9.eyJ0b2tlbklkIjoiMTEwYWU5ZGEtMzdiZS00MzgzLWE0YjQtM2FjMDM5ZGMwNWQ0IiwidXNlcklkIjoidXNlci1pMTcwYmpuNnciLCJpYXQiOjE3NzU2NDgwMzcsImV4cCI6MTc3ODI0MDAzN30.muBAHkrcDo4QXDwkNtkOoAe4F908JRYU3bkJ1Pio2As','2026-05-08T11:33:57.703Z','2026-04-08 11:33:57');
INSERT INTO "sessions" ("id","user_id","refresh_token","expires_at","created_at") VALUES('4ea54d85-57cd-4f3e-b538-a82c966eef5a','user-i170bjn6w','eyJhbGciOiJIUzI1NiJ9.eyJ0b2tlbklkIjoiNGVhNTRkODUtNTdjZC00ZjNlLWI1MzgtYTgyYzk2NmVlZjVhIiwidXNlcklkIjoidXNlci1pMTcwYmpuNnciLCJpYXQiOjE3NzU2NDgwNDQsImV4cCI6MTc3ODI0MDA0NH0.byoP4QN4_nZl3KOuSEzRNHcnzcRtKIWfOHMDnwVs5F8','2026-05-08T11:34:04.058Z','2026-04-08 11:34:04');
INSERT INTO "sessions" ("id","user_id","refresh_token","expires_at","created_at") VALUES('d6ef6aaa-6655-4877-bfbd-5e611eab3196','user-i170bjn6w','eyJhbGciOiJIUzI1NiJ9.eyJ0b2tlbklkIjoiZDZlZjZhYWEtNjY1NS00ODc3LWJmYmQtNWU2MTFlYWIzMTk2IiwidXNlcklkIjoidXNlci1pMTcwYmpuNnciLCJpYXQiOjE3NzU2NDgwNDUsImV4cCI6MTc3ODI0MDA0NX0.gJy_JCObY_e5MN_EN4IDHF9LymVO0NuMqzNhHcpqJLA','2026-05-08T11:34:05.129Z','2026-04-08 11:34:05');
INSERT INTO "sessions" ("id","user_id","refresh_token","expires_at","created_at") VALUES('82ae8a26-fe6f-406b-916f-15e0b64896bb','user-i170bjn6w','eyJhbGciOiJIUzI1NiJ9.eyJ0b2tlbklkIjoiODJhZThhMjYtZmU2Zi00MDZiLTkxNmYtMTVlMGI2NDg5NmJiIiwidXNlcklkIjoidXNlci1pMTcwYmpuNnciLCJpYXQiOjE3NzU2NDgwNDYsImV4cCI6MTc3ODI0MDA0Nn0._7NRHK7ha7w7b1AQ4wJlHk1D6D2rqI-CjpfAPgwSowY','2026-05-08T11:34:06.182Z','2026-04-08 11:34:06');
INSERT INTO "sessions" ("id","user_id","refresh_token","expires_at","created_at") VALUES('4ba73c96-622c-472b-bf8f-43ab759ba6da','user-i170bjn6w','eyJhbGciOiJIUzI1NiJ9.eyJ0b2tlbklkIjoiNGJhNzNjOTYtNjIyYy00NzJiLWJmOGYtNDNhYjc1OWJhNmRhIiwidXNlcklkIjoidXNlci1pMTcwYmpuNnciLCJpYXQiOjE3NzU2NDgwNDcsImV4cCI6MTc3ODI0MDA0N30.27b8Dm56OjrkAypIio2brtE5SpPW68dSzSxX5PDnq08','2026-05-08T11:34:07.384Z','2026-04-08 11:34:07');
INSERT INTO "sessions" ("id","user_id","refresh_token","expires_at","created_at") VALUES('7221b0e1-a170-4c11-8b45-158b5fb2af92','user-i170bjn6w','eyJhbGciOiJIUzI1NiJ9.eyJ0b2tlbklkIjoiNzIyMWIwZTEtYTE3MC00YzExLThiNDUtMTU4YjVmYjJhZjkyIiwidXNlcklkIjoidXNlci1pMTcwYmpuNnciLCJpYXQiOjE3NzU2NDgwNDgsImV4cCI6MTc3ODI0MDA0OH0.A7IabyW1QYvbK0C8MsZlEdZoLrmc2Ed6tqw9-VtiqZQ','2026-05-08T11:34:08.437Z','2026-04-08 11:34:08');
INSERT INTO "sessions" ("id","user_id","refresh_token","expires_at","created_at") VALUES('8b3c0612-85c2-4faf-908b-f1d897c8337d','user-i170bjn6w','eyJhbGciOiJIUzI1NiJ9.eyJ0b2tlbklkIjoiOGIzYzA2MTItODVjMi00ZmFmLTkwOGItZjFkODk3YzgzMzdkIiwidXNlcklkIjoidXNlci1pMTcwYmpuNnciLCJpYXQiOjE3NzU2NDgwNDksImV4cCI6MTc3ODI0MDA0OX0.MTd-XVXUr1IbKVFmLjJsJTjs432Uns49-8AHfRWyQ70','2026-05-08T11:34:09.505Z','2026-04-08 11:34:09');
INSERT INTO "sessions" ("id","user_id","refresh_token","expires_at","created_at") VALUES('22a7c04f-ab34-4f2a-ae1d-15dcb3e23fe4','user-i170bjn6w','eyJhbGciOiJIUzI1NiJ9.eyJ0b2tlbklkIjoiMjJhN2MwNGYtYWIzNC00ZjJhLWFlMWQtMTVkY2IzZTIzZmU0IiwidXNlcklkIjoidXNlci1pMTcwYmpuNnciLCJpYXQiOjE3NzU2NDgwNTAsImV4cCI6MTc3ODI0MDA1MH0.wIlMuUVfLN4uskSZ-U2FpWdpAZnQWfAtMcN8-pSfxWQ','2026-05-08T11:34:10.570Z','2026-04-08 11:34:10');
INSERT INTO "sessions" ("id","user_id","refresh_token","expires_at","created_at") VALUES('81a4e2ba-3487-4e7b-86c8-e42bd9dedcd4','user-i170bjn6w','eyJhbGciOiJIUzI1NiJ9.eyJ0b2tlbklkIjoiODFhNGUyYmEtMzQ4Ny00ZTdiLTg2YzgtZTQyYmQ5ZGVkY2Q0IiwidXNlcklkIjoidXNlci1pMTcwYmpuNnciLCJpYXQiOjE3NzU2NDgwNTIsImV4cCI6MTc3ODI0MDA1Mn0.KJhzlskpldoB3sT69G6-ukK9afmqjRX6H-eCRE4WQAw','2026-05-08T11:34:12.959Z','2026-04-08 11:34:13');
INSERT INTO "sessions" ("id","user_id","refresh_token","expires_at","created_at") VALUES('06e70458-ea74-420d-b173-a56a9d4081c0','user-i170bjn6w','eyJhbGciOiJIUzI1NiJ9.eyJ0b2tlbklkIjoiMDZlNzA0NTgtZWE3NC00MjBkLWIxNzMtYTU2YTlkNDA4MWMwIiwidXNlcklkIjoidXNlci1pMTcwYmpuNnciLCJpYXQiOjE3NzU2NDgwNTksImV4cCI6MTc3ODI0MDA1OX0.cbGX0ITlnrW4P1x68Qj8NP2hzQiWmZZpTnBDn-0P_vE','2026-05-08T11:34:19.568Z','2026-04-08 11:34:19');
INSERT INTO "sessions" ("id","user_id","refresh_token","expires_at","created_at") VALUES('ecdc4ec3-99b4-4bf5-8b06-b775a54750e5','user-d8nru3xco','eyJhbGciOiJIUzI1NiJ9.eyJ0b2tlbklkIjoiZWNkYzRlYzMtOTliNC00YmY1LThiMDYtYjc3NWE1NDc1MGU1IiwidXNlcklkIjoidXNlci1kOG5ydTN4Y28iLCJpYXQiOjE3NzU2NDgwNzQsImV4cCI6MTc3ODI0MDA3NH0.NNJTsvEPV2Xib9x_gszS6d5wd_vfGedqo6DFU11XA3k','2026-05-08T11:34:34.410Z','2026-04-08 11:34:34');
INSERT INTO "sessions" ("id","user_id","refresh_token","expires_at","created_at") VALUES('4e55c1c5-f4f5-4945-8cc4-5367fd833c3e','user-i170bjn6w','eyJhbGciOiJIUzI1NiJ9.eyJ0b2tlbklkIjoiNGU1NWMxYzUtZjRmNS00OTQ1LThjYzQtNTM2N2ZkODMzYzNlIiwidXNlcklkIjoidXNlci1pMTcwYmpuNnciLCJpYXQiOjE3NzU2NDgwNzYsImV4cCI6MTc3ODI0MDA3Nn0.H00IaJNl4wObvOsUVSA-ymIPDTmqLbffA9jfZRdkQxY','2026-05-08T11:34:36.588Z','2026-04-08 11:34:36');
INSERT INTO "sessions" ("id","user_id","refresh_token","expires_at","created_at") VALUES('7cc5a1c2-cb0a-42b7-baa9-76a6d1c572fc','user-i170bjn6w','eyJhbGciOiJIUzI1NiJ9.eyJ0b2tlbklkIjoiN2NjNWExYzItY2IwYS00MmI3LWJhYTktNzZhNmQxYzU3MmZjIiwidXNlcklkIjoidXNlci1pMTcwYmpuNnciLCJpYXQiOjE3NzU2NDgwNzgsImV4cCI6MTc3ODI0MDA3OH0.qHMTHBzLFdzpvoCK63LIeW05UVCtltcGTvP0LfM1Hfw','2026-05-08T11:34:38.173Z','2026-04-08 11:34:38');
INSERT INTO "sessions" ("id","user_id","refresh_token","expires_at","created_at") VALUES('8e1d4dff-eb1f-4cce-b28c-516ade29e6db','user-i170bjn6w','eyJhbGciOiJIUzI1NiJ9.eyJ0b2tlbklkIjoiOGUxZDRkZmYtZWIxZi00Y2NlLWIyOGMtNTE2YWRlMjllNmRiIiwidXNlcklkIjoidXNlci1pMTcwYmpuNnciLCJpYXQiOjE3NzU2NDgwNzksImV4cCI6MTc3ODI0MDA3OX0.2PAH8zsJx-XmZUHSSnvOSpMQ0UNWLoQUpFQDdfK7epI','2026-05-08T11:34:39.265Z','2026-04-08 11:34:39');
INSERT INTO "sessions" ("id","user_id","refresh_token","expires_at","created_at") VALUES('db109fab-93be-4a97-a100-498506e18973','user-i170bjn6w','eyJhbGciOiJIUzI1NiJ9.eyJ0b2tlbklkIjoiZGIxMDlmYWItOTNiZS00YTk3LWExMDAtNDk4NTA2ZTE4OTczIiwidXNlcklkIjoidXNlci1pMTcwYmpuNnciLCJpYXQiOjE3NzU2NDgwODAsImV4cCI6MTc3ODI0MDA4MH0.imlBjvPP_16g0_-NwpQn-tXNzFprC77pZwCEbxZgNkw','2026-05-08T11:34:40.372Z','2026-04-08 11:34:40');
INSERT INTO "sessions" ("id","user_id","refresh_token","expires_at","created_at") VALUES('a378b39f-9fb3-434d-befd-36bd342f663b','user-i170bjn6w','eyJhbGciOiJIUzI1NiJ9.eyJ0b2tlbklkIjoiYTM3OGIzOWYtOWZiMy00MzRkLWJlZmQtMzZiZDM0MmY2NjNiIiwidXNlcklkIjoidXNlci1pMTcwYmpuNnciLCJpYXQiOjE3NzU2NDgwODEsImV4cCI6MTc3ODI0MDA4MX0.jku9MLL2bSGNbw0nCfPqGxoeugYA0MJ8Ds92_Pk7DAA','2026-05-08T11:34:41.484Z','2026-04-08 11:34:41');
INSERT INTO "sessions" ("id","user_id","refresh_token","expires_at","created_at") VALUES('b87c7cec-fb0c-49bb-869f-bcb5d1cca00d','user-i170bjn6w','eyJhbGciOiJIUzI1NiJ9.eyJ0b2tlbklkIjoiYjg3YzdjZWMtZmIwYy00OWJiLTg2OWYtYmNiNWQxY2NhMDBkIiwidXNlcklkIjoidXNlci1pMTcwYmpuNnciLCJpYXQiOjE3NzU2NDgwODIsImV4cCI6MTc3ODI0MDA4Mn0.dGtBTHJ8IyI5Z_io9ywGWyyW5TK5OF-JYz3ncWJ0yqk','2026-05-08T11:34:42.571Z','2026-04-08 11:34:42');
INSERT INTO "sessions" ("id","user_id","refresh_token","expires_at","created_at") VALUES('910cb799-9e9e-40f6-b096-cc89a221de62','user-i170bjn6w','eyJhbGciOiJIUzI1NiJ9.eyJ0b2tlbklkIjoiOTEwY2I3OTktOWU5ZS00MGY2LWIwOTYtY2M4OWEyMjFkZTYyIiwidXNlcklkIjoidXNlci1pMTcwYmpuNnciLCJpYXQiOjE3NzU2NDgwODQsImV4cCI6MTc3ODI0MDA4NH0.b4IvAeRQ7XzNlff1RnmVnvB71CJW9z__tvbqLV1pSMM','2026-05-08T11:34:44.012Z','2026-04-08 11:34:44');
INSERT INTO "sessions" ("id","user_id","refresh_token","expires_at","created_at") VALUES('12805ac5-1d29-408d-8cbb-024e20586af8','user-i170bjn6w','eyJhbGciOiJIUzI1NiJ9.eyJ0b2tlbklkIjoiMTI4MDVhYzUtMWQyOS00MDhkLThjYmItMDI0ZTIwNTg2YWY4IiwidXNlcklkIjoidXNlci1pMTcwYmpuNnciLCJpYXQiOjE3NzU2NDgwODUsImV4cCI6MTc3ODI0MDA4NX0.ibtC-Vi4ZbqM65Y-3MtnVdxj7-6JVBvbWFBH5vlX1yg','2026-05-08T11:34:45.206Z','2026-04-08 11:34:45');
INSERT INTO "sessions" ("id","user_id","refresh_token","expires_at","created_at") VALUES('9de320c7-b753-4391-a078-f88ce769ff50','user-i170bjn6w','eyJhbGciOiJIUzI1NiJ9.eyJ0b2tlbklkIjoiOWRlMzIwYzctYjc1My00MzkxLWEwNzgtZjg4Y2U3NjlmZjUwIiwidXNlcklkIjoidXNlci1pMTcwYmpuNnciLCJpYXQiOjE3NzU2NDgwODYsImV4cCI6MTc3ODI0MDA4Nn0.fFnOx3rkqjjfZTluDDdYPZ1aux5ut_FayMAdmCpptzc','2026-05-08T11:34:46.366Z','2026-04-08 11:34:46');
INSERT INTO "sessions" ("id","user_id","refresh_token","expires_at","created_at") VALUES('cf25fdb5-364f-4cdf-a839-88bc89b7d42f','user-i170bjn6w','eyJhbGciOiJIUzI1NiJ9.eyJ0b2tlbklkIjoiY2YyNWZkYjUtMzY0Zi00Y2RmLWE4MzktODhiYzg5YjdkNDJmIiwidXNlcklkIjoidXNlci1pMTcwYmpuNnciLCJpYXQiOjE3NzU2NDgwODcsImV4cCI6MTc3ODI0MDA4N30.SZIcZbKM-_S84ihIzT_oWBVcGxtk3As56_fw6Bq2kZs','2026-05-08T11:34:47.580Z','2026-04-08 11:34:47');
INSERT INTO "sessions" ("id","user_id","refresh_token","expires_at","created_at") VALUES('47c55294-1146-4ef2-a9ad-b8eaf1a4e046','user-i170bjn6w','eyJhbGciOiJIUzI1NiJ9.eyJ0b2tlbklkIjoiNDdjNTUyOTQtMTE0Ni00ZWYyLWE5YWQtYjhlYWYxYTRlMDQ2IiwidXNlcklkIjoidXNlci1pMTcwYmpuNnciLCJpYXQiOjE3NzU2NDgwODgsImV4cCI6MTc3ODI0MDA4OH0.WIABVE2YDVrez-BbIJ9jywS-zE65s0Ncs5ZNSQYUsj8','2026-05-08T11:34:48.767Z','2026-04-08 11:34:48');
INSERT INTO "sessions" ("id","user_id","refresh_token","expires_at","created_at") VALUES('c3108aea-5a92-4bae-be14-e38772c154a9','user-i170bjn6w','eyJhbGciOiJIUzI1NiJ9.eyJ0b2tlbklkIjoiYzMxMDhhZWEtNWE5Mi00YmFlLWJlMTQtZTM4NzcyYzE1NGE5IiwidXNlcklkIjoidXNlci1pMTcwYmpuNnciLCJpYXQiOjE3NzU2NDgwOTUsImV4cCI6MTc3ODI0MDA5NX0.lsziD2iSi4wcPBnzvG5QG188xoUebXO1LY-sPNfI-MI','2026-05-08T11:34:55.235Z','2026-04-08 11:34:55');
INSERT INTO "sessions" ("id","user_id","refresh_token","expires_at","created_at") VALUES('827f8739-e49d-40f4-a650-0f4ad1ad43a6','user-i170bjn6w','eyJhbGciOiJIUzI1NiJ9.eyJ0b2tlbklkIjoiODI3Zjg3MzktZTQ5ZC00MGY0LWE2NTAtMGY0YWQxYWQ0M2E2IiwidXNlcklkIjoidXNlci1pMTcwYmpuNnciLCJpYXQiOjE3NzU2NDgwOTYsImV4cCI6MTc3ODI0MDA5Nn0.azpcPtrtnvXq8FhQnj4qzd3cSdSHEKnRNL_Q_qWKbZU','2026-05-08T11:34:56.360Z','2026-04-08 11:34:56');
INSERT INTO "sessions" ("id","user_id","refresh_token","expires_at","created_at") VALUES('a6ea1c2c-e01a-4905-852d-84be6a143a22','user-i170bjn6w','eyJhbGciOiJIUzI1NiJ9.eyJ0b2tlbklkIjoiYTZlYTFjMmMtZTAxYS00OTA1LTg1MmQtODRiZTZhMTQzYTIyIiwidXNlcklkIjoidXNlci1pMTcwYmpuNnciLCJpYXQiOjE3NzU2NDgwOTcsImV4cCI6MTc3ODI0MDA5N30.m0I3U24YPIxjk4In0m2mSYyXnujpj1wnnsn8WuTGBw8','2026-05-08T11:34:57.486Z','2026-04-08 11:34:57');
INSERT INTO "sessions" ("id","user_id","refresh_token","expires_at","created_at") VALUES('43316f6d-781b-4899-86f2-9f5075c76da9','user-i170bjn6w','eyJhbGciOiJIUzI1NiJ9.eyJ0b2tlbklkIjoiNDMzMTZmNmQtNzgxYi00ODk5LTg2ZjItOWY1MDc1Yzc2ZGE5IiwidXNlcklkIjoidXNlci1pMTcwYmpuNnciLCJpYXQiOjE3NzU2NDgwOTgsImV4cCI6MTc3ODI0MDA5OH0.EP4YBYOmdmV4bTboVtZvc3jHo3_0nPjTJhmTT29_c4I','2026-05-08T11:34:58.545Z','2026-04-08 11:34:58');
INSERT INTO "sessions" ("id","user_id","refresh_token","expires_at","created_at") VALUES('27d413f7-66ac-47c5-92c2-6d34345d3ac3','user-i170bjn6w','eyJhbGciOiJIUzI1NiJ9.eyJ0b2tlbklkIjoiMjdkNDEzZjctNjZhYy00N2M1LTkyYzItNmQzNDM0NWQzYWMzIiwidXNlcklkIjoidXNlci1pMTcwYmpuNnciLCJpYXQiOjE3NzU2NDgwOTksImV4cCI6MTc3ODI0MDA5OX0.nNwpccKBIL7mzVWqt_iPMpulVYBa378WocwH1cKnzn4','2026-05-08T11:34:59.628Z','2026-04-08 11:34:59');
INSERT INTO "sessions" ("id","user_id","refresh_token","expires_at","created_at") VALUES('2f9517e1-d7a8-469a-9e3d-9b148df2293c','user-i170bjn6w','eyJhbGciOiJIUzI1NiJ9.eyJ0b2tlbklkIjoiMmY5NTE3ZTEtZDdhOC00NjlhLTllM2QtOWIxNDhkZjIyOTNjIiwidXNlcklkIjoidXNlci1pMTcwYmpuNnciLCJpYXQiOjE3NzU2NDgxMDAsImV4cCI6MTc3ODI0MDEwMH0.FF8ewu5J1DAnfl41PqghZwhfw1eWhNb4tnGV_cSS-dY','2026-05-08T11:35:00.769Z','2026-04-08 11:35:00');
INSERT INTO "sessions" ("id","user_id","refresh_token","expires_at","created_at") VALUES('bdd9608d-9296-41af-a59e-d320ae76bf69','user-i170bjn6w','eyJhbGciOiJIUzI1NiJ9.eyJ0b2tlbklkIjoiYmRkOTYwOGQtOTI5Ni00MWFmLWE1OWUtZDMyMGFlNzZiZjY5IiwidXNlcklkIjoidXNlci1pMTcwYmpuNnciLCJpYXQiOjE3NzU2NDgxMDIsImV4cCI6MTc3ODI0MDEwMn0.-kftVZnaJBIwg_atBwLhxBAWhZsVTdVh6EMIA6bvx_I','2026-05-08T11:35:02.127Z','2026-04-08 11:35:02');
INSERT INTO "sessions" ("id","user_id","refresh_token","expires_at","created_at") VALUES('9b056860-f70f-4508-bd05-fb8c1ba2677b','user-i170bjn6w','eyJhbGciOiJIUzI1NiJ9.eyJ0b2tlbklkIjoiOWIwNTY4NjAtZjcwZi00NTA4LWJkMDUtZmI4YzFiYTI2NzdiIiwidXNlcklkIjoidXNlci1pMTcwYmpuNnciLCJpYXQiOjE3NzU2NDgxMDQsImV4cCI6MTc3ODI0MDEwNH0.biWoqRbblm4xWGqUKBQVl1CDTpO5DLGDooHz5rE8pSU','2026-05-08T11:35:04.587Z','2026-04-08 11:35:04');
INSERT INTO "sessions" ("id","user_id","refresh_token","expires_at","created_at") VALUES('7640a1cc-6de5-45de-9551-1881368120fe','user-i170bjn6w','eyJhbGciOiJIUzI1NiJ9.eyJ0b2tlbklkIjoiNzY0MGExY2MtNmRlNS00NWRlLTk1NTEtMTg4MTM2ODEyMGZlIiwidXNlcklkIjoidXNlci1pMTcwYmpuNnciLCJpYXQiOjE3NzU2NDgxMTAsImV4cCI6MTc3ODI0MDExMH0.MD39F0w2urkvQKgI4OfOe6mOSxSVjRXHel00hgFu3xo','2026-05-08T11:35:10.277Z','2026-04-08 11:35:10');
INSERT INTO "sessions" ("id","user_id","refresh_token","expires_at","created_at") VALUES('9871a226-0465-4f24-8565-66beda36f6c3','user-d8nru3xco','eyJhbGciOiJIUzI1NiJ9.eyJ0b2tlbklkIjoiOTg3MWEyMjYtMDQ2NS00ZjI0LTg1NjUtNjZiZWRhMzZmNmMzIiwidXNlcklkIjoidXNlci1kOG5ydTN4Y28iLCJpYXQiOjE3NzU2NDgxMjYsImV4cCI6MTc3ODI0MDEyNn0.GdzrHeHoihw5Td4bNW0fN6R9FlP5zXDDO01EFrHUlBc','2026-05-08T11:35:26.228Z','2026-04-08 11:35:26');
INSERT INTO "sessions" ("id","user_id","refresh_token","expires_at","created_at") VALUES('a123b2f3-6e90-4aba-b828-97899ed42a26','user-i170bjn6w','eyJhbGciOiJIUzI1NiJ9.eyJ0b2tlbklkIjoiYTEyM2IyZjMtNmU5MC00YWJhLWI4MjgtOTc4OTllZDQyYTI2IiwidXNlcklkIjoidXNlci1pMTcwYmpuNnciLCJpYXQiOjE3NzU2NDgxMjgsImV4cCI6MTc3ODI0MDEyOH0.Ou38F_BAlr9QbcTvx87z-vZqlQL6A4dsjbmhA9h3Kmo','2026-05-08T11:35:28.308Z','2026-04-08 11:35:28');
INSERT INTO "sessions" ("id","user_id","refresh_token","expires_at","created_at") VALUES('ab153f2c-8799-4803-83ee-e881c2a725b2','user-i170bjn6w','eyJhbGciOiJIUzI1NiJ9.eyJ0b2tlbklkIjoiYWIxNTNmMmMtODc5OS00ODAzLTgzZWUtZTg4MWMyYTcyNWIyIiwidXNlcklkIjoidXNlci1pMTcwYmpuNnciLCJpYXQiOjE3NzU2NDgxMjksImV4cCI6MTc3ODI0MDEyOX0.pkb-BjyeKbuQIDIKy_UYW4Y_rkeCDH7sbU7HWHiaRaU','2026-05-08T11:35:29.756Z','2026-04-08 11:35:29');
INSERT INTO "sessions" ("id","user_id","refresh_token","expires_at","created_at") VALUES('1320d17d-efd6-4114-8834-b028037cc2fb','user-i170bjn6w','eyJhbGciOiJIUzI1NiJ9.eyJ0b2tlbklkIjoiMTMyMGQxN2QtZWZkNi00MTE0LTg4MzQtYjAyODAzN2NjMmZiIiwidXNlcklkIjoidXNlci1pMTcwYmpuNnciLCJpYXQiOjE3NzU2NDgxMzAsImV4cCI6MTc3ODI0MDEzMH0.YE5Nrm5g8WFRlcrgHxMb3ZgCHjEluxoym0aF2MBoZfg','2026-05-08T11:35:30.821Z','2026-04-08 11:35:30');
INSERT INTO "sessions" ("id","user_id","refresh_token","expires_at","created_at") VALUES('a3dd3167-462c-4781-b69a-017f833ec298','user-i170bjn6w','eyJhbGciOiJIUzI1NiJ9.eyJ0b2tlbklkIjoiYTNkZDMxNjctNDYyYy00NzgxLWI2OWEtMDE3ZjgzM2VjMjk4IiwidXNlcklkIjoidXNlci1pMTcwYmpuNnciLCJpYXQiOjE3NzU2NDgxMzEsImV4cCI6MTc3ODI0MDEzMX0.KKhsJ-PvFtGMQur5AnMfFnGaPgXyHwNGdH6BhYXLvGo','2026-05-08T11:35:31.940Z','2026-04-08 11:35:32');
INSERT INTO "sessions" ("id","user_id","refresh_token","expires_at","created_at") VALUES('896ee366-924d-49d0-9f92-667cfec5498e','user-i170bjn6w','eyJhbGciOiJIUzI1NiJ9.eyJ0b2tlbklkIjoiODk2ZWUzNjYtOTI0ZC00OWQwLTlmOTItNjY3Y2ZlYzU0OThlIiwidXNlcklkIjoidXNlci1pMTcwYmpuNnciLCJpYXQiOjE3NzU2NDgxMzMsImV4cCI6MTc3ODI0MDEzM30.CD0hhXh2yM6ILCOz3cGIFbwAGHqs8wner66kqFXLgjE','2026-05-08T11:35:33.120Z','2026-04-08 11:35:33');
INSERT INTO "sessions" ("id","user_id","refresh_token","expires_at","created_at") VALUES('ed7db927-75d2-4c3a-b728-d5a112067956','user-i170bjn6w','eyJhbGciOiJIUzI1NiJ9.eyJ0b2tlbklkIjoiZWQ3ZGI5MjctNzVkMi00YzNhLWI3MjgtZDVhMTEyMDY3OTU2IiwidXNlcklkIjoidXNlci1pMTcwYmpuNnciLCJpYXQiOjE3NzU2NDgxMzQsImV4cCI6MTc3ODI0MDEzNH0.T_2pS7BVJUwYGT3WnAdzU1VJV4FAquOnVfkrK0Z9C54','2026-05-08T11:35:34.157Z','2026-04-08 11:35:34');
INSERT INTO "sessions" ("id","user_id","refresh_token","expires_at","created_at") VALUES('000fd630-56a5-4201-9f84-457a611d1ced','user-i170bjn6w','eyJhbGciOiJIUzI1NiJ9.eyJ0b2tlbklkIjoiMDAwZmQ2MzAtNTZhNS00MjAxLTlmODQtNDU3YTYxMWQxY2VkIiwidXNlcklkIjoidXNlci1pMTcwYmpuNnciLCJpYXQiOjE3NzU2NDgxMzUsImV4cCI6MTc3ODI0MDEzNX0.f7JWZjVFVkXoxwCeOwVarJxI9Uvp3cDuh9mDNuZ-_WM','2026-05-08T11:35:35.578Z','2026-04-08 11:35:35');
INSERT INTO "sessions" ("id","user_id","refresh_token","expires_at","created_at") VALUES('142fd953-de31-4cfa-9c7d-1a053a3fb33b','user-i170bjn6w','eyJhbGciOiJIUzI1NiJ9.eyJ0b2tlbklkIjoiMTQyZmQ5NTMtZGUzMS00Y2ZhLTljN2QtMWEwNTNhM2ZiMzNiIiwidXNlcklkIjoidXNlci1pMTcwYmpuNnciLCJpYXQiOjE3NzU2NDgxMzYsImV4cCI6MTc3ODI0MDEzNn0.4uXA2pUkBaEGyl_VSwmGwVrMAqy2PTaiAKDuJDoirOg','2026-05-08T11:35:36.950Z','2026-04-08 11:35:37');
INSERT INTO "sessions" ("id","user_id","refresh_token","expires_at","created_at") VALUES('f9914584-c2f2-4d22-825d-0f7ac0d28693','user-i170bjn6w','eyJhbGciOiJIUzI1NiJ9.eyJ0b2tlbklkIjoiZjk5MTQ1ODQtYzJmMi00ZDIyLTgyNWQtMGY3YWMwZDI4NjkzIiwidXNlcklkIjoidXNlci1pMTcwYmpuNnciLCJpYXQiOjE3NzU2NDgxMzgsImV4cCI6MTc3ODI0MDEzOH0.veTHE8jEdc89XQgiCOxQqRiQe-0iL8aEMdyBrdt_mAo','2026-05-08T11:35:38.133Z','2026-04-08 11:35:38');
INSERT INTO "sessions" ("id","user_id","refresh_token","expires_at","created_at") VALUES('de575020-bdde-4767-a0bb-cf24e2afb1d4','user-i170bjn6w','eyJhbGciOiJIUzI1NiJ9.eyJ0b2tlbklkIjoiZGU1NzUwMjAtYmRkZS00NzY3LWEwYmItY2YyNGUyYWZiMWQ0IiwidXNlcklkIjoidXNlci1pMTcwYmpuNnciLCJpYXQiOjE3NzU2NDgxMzksImV4cCI6MTc3ODI0MDEzOX0.QpFMDJEYYYpVzZcE99y8NzbD8AR25PenXkk2Mh4dyb0','2026-05-08T11:35:39.186Z','2026-04-08 11:35:39');
INSERT INTO "sessions" ("id","user_id","refresh_token","expires_at","created_at") VALUES('f55f68b1-9515-4dc1-ba3d-3311feff6679','user-i170bjn6w','eyJhbGciOiJIUzI1NiJ9.eyJ0b2tlbklkIjoiZjU1ZjY4YjEtOTUxNS00ZGMxLWJhM2QtMzMxMWZlZmY2Njc5IiwidXNlcklkIjoidXNlci1pMTcwYmpuNnciLCJpYXQiOjE3NzU2NDgxNDAsImV4cCI6MTc3ODI0MDE0MH0.1-PQURDyioecJ7v1jGXelVI8zc_Id_oI5caFKb_Nusw','2026-05-08T11:35:40.240Z','2026-04-08 11:35:40');
INSERT INTO "sessions" ("id","user_id","refresh_token","expires_at","created_at") VALUES('8ad4236b-d216-4941-939e-05d485ffa327','user-i170bjn6w','eyJhbGciOiJIUzI1NiJ9.eyJ0b2tlbklkIjoiOGFkNDIzNmItZDIxNi00OTQxLTkzOWUtMDVkNDg1ZmZhMzI3IiwidXNlcklkIjoidXNlci1pMTcwYmpuNnciLCJpYXQiOjE3NzU2NDgxNDYsImV4cCI6MTc3ODI0MDE0Nn0.iJPBdF1FbS1YTtJ4r2nRuI9YYGTv-O7gY-sJ0sU5nLg','2026-05-08T11:35:46.883Z','2026-04-08 11:35:46');
INSERT INTO "sessions" ("id","user_id","refresh_token","expires_at","created_at") VALUES('22457fac-5b12-41b5-b13d-167d0927dcb5','user-i170bjn6w','eyJhbGciOiJIUzI1NiJ9.eyJ0b2tlbklkIjoiMjI0NTdmYWMtNWIxMi00MWI1LWIxM2QtMTY3ZDA5MjdkY2I1IiwidXNlcklkIjoidXNlci1pMTcwYmpuNnciLCJpYXQiOjE3NzU2NDgxNDcsImV4cCI6MTc3ODI0MDE0N30.a3BYJpjwB4iiE0S9Bc1fcoTJJPhY80sBH3bmOE05ejI','2026-05-08T11:35:47.969Z','2026-04-08 11:35:48');
INSERT INTO "sessions" ("id","user_id","refresh_token","expires_at","created_at") VALUES('1c264200-a1a1-4061-9b2e-c1d0a3f66c28','user-i170bjn6w','eyJhbGciOiJIUzI1NiJ9.eyJ0b2tlbklkIjoiMWMyNjQyMDAtYTFhMS00MDYxLTliMmUtYzFkMGEzZjY2YzI4IiwidXNlcklkIjoidXNlci1pMTcwYmpuNnciLCJpYXQiOjE3NzU2NDgxNDksImV4cCI6MTc3ODI0MDE0OX0.MXEXaiDd_iBe6RGJrzLoEpl1KmIZP1h0L0N0HiApDB0','2026-05-08T11:35:49.046Z','2026-04-08 11:35:49');
INSERT INTO "sessions" ("id","user_id","refresh_token","expires_at","created_at") VALUES('1c775df6-fbca-4eff-a02a-23afcb7206b4','user-i170bjn6w','eyJhbGciOiJIUzI1NiJ9.eyJ0b2tlbklkIjoiMWM3NzVkZjYtZmJjYS00ZWZmLWEwMmEtMjNhZmNiNzIwNmI0IiwidXNlcklkIjoidXNlci1pMTcwYmpuNnciLCJpYXQiOjE3NzU2NDgxNTAsImV4cCI6MTc3ODI0MDE1MH0.9yGmoYFC3x6KcHejpALeAlmhUI4zZkGlddhRBdEA5IM','2026-05-08T11:35:50.109Z','2026-04-08 11:35:50');
INSERT INTO "sessions" ("id","user_id","refresh_token","expires_at","created_at") VALUES('bd531fe5-fd58-42fd-88c5-a10abe2a0b05','user-i170bjn6w','eyJhbGciOiJIUzI1NiJ9.eyJ0b2tlbklkIjoiYmQ1MzFmZTUtZmQ1OC00MmZkLTg4YzUtYTEwYWJlMmEwYjA1IiwidXNlcklkIjoidXNlci1pMTcwYmpuNnciLCJpYXQiOjE3NzU2NDgxNTEsImV4cCI6MTc3ODI0MDE1MX0.EyLWHAcRicYqa47e7JY6iPIWmc2n8Hv1e3ZgSsCG2QI','2026-05-08T11:35:51.221Z','2026-04-08 11:35:51');
INSERT INTO "sessions" ("id","user_id","refresh_token","expires_at","created_at") VALUES('b91797f2-8cd6-4562-8af2-9b8f09e8bffb','user-i170bjn6w','eyJhbGciOiJIUzI1NiJ9.eyJ0b2tlbklkIjoiYjkxNzk3ZjItOGNkNi00NTYyLThhZjItOWI4ZjA5ZThiZmZiIiwidXNlcklkIjoidXNlci1pMTcwYmpuNnciLCJpYXQiOjE3NzU2NDgxNTIsImV4cCI6MTc3ODI0MDE1Mn0.g07NbD3nrdrTZ-Rf_Agg8nOYn3OL5q3l18loaWSF0eE','2026-05-08T11:35:52.485Z','2026-04-08 11:35:52');
INSERT INTO "sessions" ("id","user_id","refresh_token","expires_at","created_at") VALUES('4c5648dd-5bcd-45ab-a193-86e7315e58e7','user-i170bjn6w','eyJhbGciOiJIUzI1NiJ9.eyJ0b2tlbklkIjoiNGM1NjQ4ZGQtNWJjZC00NWFiLWExOTMtODZlNzMxNWU1OGU3IiwidXNlcklkIjoidXNlci1pMTcwYmpuNnciLCJpYXQiOjE3NzU2NDgxNTMsImV4cCI6MTc3ODI0MDE1M30.Wdd2R4lMIXYlsmXBIazucXr7WSt6iJOKF9XZp6oDk00','2026-05-08T11:35:53.653Z','2026-04-08 11:35:53');
INSERT INTO "sessions" ("id","user_id","refresh_token","expires_at","created_at") VALUES('133d48da-e5f7-42d4-b56d-f475e2331f28','user-i170bjn6w','eyJhbGciOiJIUzI1NiJ9.eyJ0b2tlbklkIjoiMTMzZDQ4ZGEtZTVmNy00MmQ0LWI1NmQtZjQ3NWUyMzMxZjI4IiwidXNlcklkIjoidXNlci1pMTcwYmpuNnciLCJpYXQiOjE3NzU2NDgxNTUsImV4cCI6MTc3ODI0MDE1NX0.dJ4ZEcAWMR_8ChUCzU6xHt8b0vKNeZ4P08jQ6R01ACc','2026-05-08T11:35:55.921Z','2026-04-08 11:35:55');
INSERT INTO "sessions" ("id","user_id","refresh_token","expires_at","created_at") VALUES('e69ad40b-8c0d-4f26-a126-f16fbb89e2a2','user-i170bjn6w','eyJhbGciOiJIUzI1NiJ9.eyJ0b2tlbklkIjoiZTY5YWQ0MGItOGMwZC00ZjI2LWExMjYtZjE2ZmJiODllMmEyIiwidXNlcklkIjoidXNlci1pMTcwYmpuNnciLCJpYXQiOjE3NzU2NDgxNjEsImV4cCI6MTc3ODI0MDE2MX0.9evmshZWvQEn2iNLgcYbjC1294jLhRH05pmI17ZXzWk','2026-05-08T11:36:01.715Z','2026-04-08 11:36:01');
INSERT INTO "sessions" ("id","user_id","refresh_token","expires_at","created_at") VALUES('d25f1258-4ee7-4cd5-bb48-1c6d03a2a770','user-d8nru3xco','eyJhbGciOiJIUzI1NiJ9.eyJ0b2tlbklkIjoiZDI1ZjEyNTgtNGVlNy00Y2Q1LWJiNDgtMWM2ZDAzYTJhNzcwIiwidXNlcklkIjoidXNlci1kOG5ydTN4Y28iLCJpYXQiOjE3NzU2NDgxODAsImV4cCI6MTc3ODI0MDE4MH0.L2-l-ia0Wz0lHv3rLHGCQ637BKvEpoj_O76KbjqqZOQ','2026-05-08T11:36:20.209Z','2026-04-08 11:36:20');
INSERT INTO "sessions" ("id","user_id","refresh_token","expires_at","created_at") VALUES('d83007cb-b1c4-4244-ad8a-56aba51ee4cc','user-i170bjn6w','eyJhbGciOiJIUzI1NiJ9.eyJ0b2tlbklkIjoiZDgzMDA3Y2ItYjFjNC00MjQ0LWFkOGEtNTZhYmE1MWVlNGNjIiwidXNlcklkIjoidXNlci1pMTcwYmpuNnciLCJpYXQiOjE3NzU2NDgxODIsImV4cCI6MTc3ODI0MDE4Mn0._IK774n-qD0s2lS7kpDrk7DiNI_K7ZyJ5L6cVXrAYnc','2026-05-08T11:36:22.337Z','2026-04-08 11:36:22');
INSERT INTO "sessions" ("id","user_id","refresh_token","expires_at","created_at") VALUES('e5d3fd60-d170-43e1-97df-527793914791','user-i170bjn6w','eyJhbGciOiJIUzI1NiJ9.eyJ0b2tlbklkIjoiZTVkM2ZkNjAtZDE3MC00M2UxLTk3ZGYtNTI3NzkzOTE0NzkxIiwidXNlcklkIjoidXNlci1pMTcwYmpuNnciLCJpYXQiOjE3NzU2NDgxODcsImV4cCI6MTc3ODI0MDE4N30.vkmI3reyZgmm7CFkOLhEIHp2kjJmZkToH8DWu8EUnWs','2026-05-08T11:36:27.852Z','2026-04-08 11:36:27');
INSERT INTO "sessions" ("id","user_id","refresh_token","expires_at","created_at") VALUES('50dee232-c6f9-448e-a675-dd2ccf088333','user-i170bjn6w','eyJhbGciOiJIUzI1NiJ9.eyJ0b2tlbklkIjoiNTBkZWUyMzItYzZmOS00NDhlLWE2NzUtZGQyY2NmMDg4MzMzIiwidXNlcklkIjoidXNlci1pMTcwYmpuNnciLCJpYXQiOjE3NzU2NDgxODgsImV4cCI6MTc3ODI0MDE4OH0.8sVLwLKrJMunh4nIDal9gVUoc3IDpvVPw6JJ-XbEil0','2026-05-08T11:36:28.953Z','2026-04-08 11:36:29');
INSERT INTO "sessions" ("id","user_id","refresh_token","expires_at","created_at") VALUES('44b8ea8c-8619-4f83-b9cd-6089f9811b9a','user-i170bjn6w','eyJhbGciOiJIUzI1NiJ9.eyJ0b2tlbklkIjoiNDRiOGVhOGMtODYxOS00ZjgzLWI5Y2QtNjA4OWY5ODExYjlhIiwidXNlcklkIjoidXNlci1pMTcwYmpuNnciLCJpYXQiOjE3NzU2NDgxOTAsImV4cCI6MTc3ODI0MDE5MH0.dGy_TKLvMrG3FxuUKNtH44Vyc_tOd5KTOtkgUmGvpFA','2026-05-08T11:36:30.047Z','2026-04-08 11:36:30');
INSERT INTO "sessions" ("id","user_id","refresh_token","expires_at","created_at") VALUES('f31bf4eb-6cbb-48de-af22-c74334aa8322','user-i170bjn6w','eyJhbGciOiJIUzI1NiJ9.eyJ0b2tlbklkIjoiZjMxYmY0ZWItNmNiYi00OGRlLWFmMjItYzc0MzM0YWE4MzIyIiwidXNlcklkIjoidXNlci1pMTcwYmpuNnciLCJpYXQiOjE3NzU2NDgxOTEsImV4cCI6MTc3ODI0MDE5MX0.qXXRvn3QGhhIqKlhn2lbe_kosoAtbbgiSyFZ_XlCYdQ','2026-05-08T11:36:31.212Z','2026-04-08 11:36:31');
INSERT INTO "sessions" ("id","user_id","refresh_token","expires_at","created_at") VALUES('8959cffc-143e-4ebf-98c9-e82c58caf331','user-i170bjn6w','eyJhbGciOiJIUzI1NiJ9.eyJ0b2tlbklkIjoiODk1OWNmZmMtMTQzZS00ZWJmLTk4YzktZTgyYzU4Y2FmMzMxIiwidXNlcklkIjoidXNlci1pMTcwYmpuNnciLCJpYXQiOjE3NzU2NDgxOTIsImV4cCI6MTc3ODI0MDE5Mn0.aMjE8m4E7q-2Ykak5HEezPjSalqIcIYwfMKFm_zJdkU','2026-05-08T11:36:32.304Z','2026-04-08 11:36:32');
INSERT INTO "sessions" ("id","user_id","refresh_token","expires_at","created_at") VALUES('aa53950f-c88d-4bcb-8990-efd935d5507f','user-i170bjn6w','eyJhbGciOiJIUzI1NiJ9.eyJ0b2tlbklkIjoiYWE1Mzk1MGYtYzg4ZC00YmNiLTg5OTAtZWZkOTM1ZDU1MDdmIiwidXNlcklkIjoidXNlci1pMTcwYmpuNnciLCJpYXQiOjE3NzU2NDgxOTMsImV4cCI6MTc3ODI0MDE5M30.k3EwAsR473k7QLaGqC8_9Qyhx-yI0jAU6jFg232fJhg','2026-05-08T11:36:33.538Z','2026-04-08 11:36:33');
INSERT INTO "sessions" ("id","user_id","refresh_token","expires_at","created_at") VALUES('b8168a5d-1682-4fe9-9ebb-6c99f2189ce6','user-i170bjn6w','eyJhbGciOiJIUzI1NiJ9.eyJ0b2tlbklkIjoiYjgxNjhhNWQtMTY4Mi00ZmU5LTllYmItNmM5OWYyMTg5Y2U2IiwidXNlcklkIjoidXNlci1pMTcwYmpuNnciLCJpYXQiOjE3NzU2NDgxOTQsImV4cCI6MTc3ODI0MDE5NH0.rBZa5agET2GgVKRBt28rL4xT79V5bVwYwF7njs0FysY','2026-05-08T11:36:34.957Z','2026-04-08 11:36:35');
INSERT INTO "sessions" ("id","user_id","refresh_token","expires_at","created_at") VALUES('851fd384-49e5-44be-97ee-08fa88c7dbd2','user-i170bjn6w','eyJhbGciOiJIUzI1NiJ9.eyJ0b2tlbklkIjoiODUxZmQzODQtNDllNS00NGJlLTk3ZWUtMDhmYTg4YzdkYmQyIiwidXNlcklkIjoidXNlci1pMTcwYmpuNnciLCJpYXQiOjE3NzU2NDgxOTYsImV4cCI6MTc3ODI0MDE5Nn0.afIutLZiclGfZwFzq0Ddotwss6xqSTKQdlSinSik2tY','2026-05-08T11:36:36.049Z','2026-04-08 11:36:36');
INSERT INTO "sessions" ("id","user_id","refresh_token","expires_at","created_at") VALUES('45f55430-4ee5-4137-9a4e-194c22ec0f1d','user-i170bjn6w','eyJhbGciOiJIUzI1NiJ9.eyJ0b2tlbklkIjoiNDVmNTU0MzAtNGVlNS00MTM3LTlhNGUtMTk0YzIyZWMwZjFkIiwidXNlcklkIjoidXNlci1pMTcwYmpuNnciLCJpYXQiOjE3NzU2NDgxOTcsImV4cCI6MTc3ODI0MDE5N30.5ZXf81T6pdiuO47MPVpaxPZ8pdzzW1Ho9ZPxxnYHJnM','2026-05-08T11:36:37.354Z','2026-04-08 11:36:37');
INSERT INTO "sessions" ("id","user_id","refresh_token","expires_at","created_at") VALUES('d0a43a66-9342-4c81-9845-6dbc9e9a88fb','user-i170bjn6w','eyJhbGciOiJIUzI1NiJ9.eyJ0b2tlbklkIjoiZDBhNDNhNjYtOTM0Mi00YzgxLTk4NDUtNmRiYzllOWE4OGZiIiwidXNlcklkIjoidXNlci1pMTcwYmpuNnciLCJpYXQiOjE3NzU2NDgxOTgsImV4cCI6MTc3ODI0MDE5OH0.85AKPA9As4OawsovwPzc86i5-3Ae-qm7PlCCmtxZHUI','2026-05-08T11:36:38.407Z','2026-04-08 11:36:38');
INSERT INTO "sessions" ("id","user_id","refresh_token","expires_at","created_at") VALUES('edf451aa-6034-444e-9150-1fb3f6a18bb4','user-i170bjn6w','eyJhbGciOiJIUzI1NiJ9.eyJ0b2tlbklkIjoiZWRmNDUxYWEtNjAzNC00NDRlLTkxNTAtMWZiM2Y2YTE4YmI0IiwidXNlcklkIjoidXNlci1pMTcwYmpuNnciLCJpYXQiOjE3NzU2NDgyMDQsImV4cCI6MTc3ODI0MDIwNH0.Cb0oaM-ym5O1bDwhlCpU2ogzpg7-81MtgAizKju-GPs','2026-05-08T11:36:44.758Z','2026-04-08 11:36:44');
INSERT INTO "sessions" ("id","user_id","refresh_token","expires_at","created_at") VALUES('57c0775e-599d-4faf-907c-66190f4b3ecf','user-i170bjn6w','eyJhbGciOiJIUzI1NiJ9.eyJ0b2tlbklkIjoiNTdjMDc3NWUtNTk5ZC00ZmFmLTkwN2MtNjYxOTBmNGIzZWNmIiwidXNlcklkIjoidXNlci1pMTcwYmpuNnciLCJpYXQiOjE3NzU2NDgyMDUsImV4cCI6MTc3ODI0MDIwNX0.GwflcxcD9KONZ0muAPZFHBAfDnH_sDcYW6iK2U53Cos','2026-05-08T11:36:45.899Z','2026-04-08 11:36:45');
INSERT INTO "sessions" ("id","user_id","refresh_token","expires_at","created_at") VALUES('0d124f03-c7f7-4d96-8adc-06f8876a43db','user-i170bjn6w','eyJhbGciOiJIUzI1NiJ9.eyJ0b2tlbklkIjoiMGQxMjRmMDMtYzdmNy00ZDk2LThhZGMtMDZmODg3NmE0M2RiIiwidXNlcklkIjoidXNlci1pMTcwYmpuNnciLCJpYXQiOjE3NzU2NDgyMDcsImV4cCI6MTc3ODI0MDIwN30.EI2E4opnLU8cDX6oSoR0QmJUCuCaXl4OQszNi7vl7Ec','2026-05-08T11:36:47.004Z','2026-04-08 11:36:47');
INSERT INTO "sessions" ("id","user_id","refresh_token","expires_at","created_at") VALUES('70c0783b-1743-495e-91be-927424da68bd','user-i170bjn6w','eyJhbGciOiJIUzI1NiJ9.eyJ0b2tlbklkIjoiNzBjMDc4M2ItMTc0My00OTVlLTkxYmUtOTI3NDI0ZGE2OGJkIiwidXNlcklkIjoidXNlci1pMTcwYmpuNnciLCJpYXQiOjE3NzU2NDgyMDgsImV4cCI6MTc3ODI0MDIwOH0.jQ-_CEidwPel3-C5dRPnM5kaVloCeW75zmtr8g8VPSU','2026-05-08T11:36:48.054Z','2026-04-08 11:36:48');
INSERT INTO "sessions" ("id","user_id","refresh_token","expires_at","created_at") VALUES('52d31008-cb69-4e07-81c5-fb4f93f562c5','user-i170bjn6w','eyJhbGciOiJIUzI1NiJ9.eyJ0b2tlbklkIjoiNTJkMzEwMDgtY2I2OS00ZTA3LTgxYzUtZmI0ZjkzZjU2MmM1IiwidXNlcklkIjoidXNlci1pMTcwYmpuNnciLCJpYXQiOjE3NzU2NDgyMDksImV4cCI6MTc3ODI0MDIwOX0.iCix-kVymNZ33tQWFpGtZImoju_sYbKx3H7yZkoF-lE','2026-05-08T11:36:49.175Z','2026-04-08 11:36:49');
INSERT INTO "sessions" ("id","user_id","refresh_token","expires_at","created_at") VALUES('6cfa6abe-3580-4973-bffc-bae85fd758a2','user-i170bjn6w','eyJhbGciOiJIUzI1NiJ9.eyJ0b2tlbklkIjoiNmNmYTZhYmUtMzU4MC00OTczLWJmZmMtYmFlODVmZDc1OGEyIiwidXNlcklkIjoidXNlci1pMTcwYmpuNnciLCJpYXQiOjE3NzU2NDgyMTAsImV4cCI6MTc3ODI0MDIxMH0.yRJR76fmuyCtbOG29ug9ndFjnRcBuheS4WfsfXLfErw','2026-05-08T11:36:50.360Z','2026-04-08 11:36:50');
INSERT INTO "sessions" ("id","user_id","refresh_token","expires_at","created_at") VALUES('50b46a65-88ad-441d-a725-0153c3c0218a','user-i170bjn6w','eyJhbGciOiJIUzI1NiJ9.eyJ0b2tlbklkIjoiNTBiNDZhNjUtODhhZC00NDFkLWE3MjUtMDE1M2MzYzAyMThhIiwidXNlcklkIjoidXNlci1pMTcwYmpuNnciLCJpYXQiOjE3NzU2NDgyMTEsImV4cCI6MTc3ODI0MDIxMX0.n14zcPTjKKDHHhDjZB3wLf--aURCXCeLXn-diciPCec','2026-05-08T11:36:51.426Z','2026-04-08 11:36:51');
INSERT INTO "sessions" ("id","user_id","refresh_token","expires_at","created_at") VALUES('7e5507fe-028c-46c5-b952-8e28c9acf895','user-i170bjn6w','eyJhbGciOiJIUzI1NiJ9.eyJ0b2tlbklkIjoiN2U1NTA3ZmUtMDI4Yy00NmM1LWI5NTItOGUyOGM5YWNmODk1IiwidXNlcklkIjoidXNlci1pMTcwYmpuNnciLCJpYXQiOjE3NzU2NDgyMTMsImV4cCI6MTc3ODI0MDIxM30.SkMD95CDZBKeVq_QVLf1mmRUVRxZWfAEN6jVH8Xn4RI','2026-05-08T11:36:53.545Z','2026-04-08 11:36:53');
INSERT INTO "sessions" ("id","user_id","refresh_token","expires_at","created_at") VALUES('35079839-3d5e-48bf-b7bd-e274fa57cc44','user-i170bjn6w','eyJhbGciOiJIUzI1NiJ9.eyJ0b2tlbklkIjoiMzUwNzk4MzktM2Q1ZS00OGJmLWI3YmQtZTI3NGZhNTdjYzQ0IiwidXNlcklkIjoidXNlci1pMTcwYmpuNnciLCJpYXQiOjE3NzU2NDgyMTksImV4cCI6MTc3ODI0MDIxOX0.eikrJkqDqRhTWPIfpCcVrZlbgP0JTMTyrEvi7z70CzI','2026-05-08T11:36:59.449Z','2026-04-08 11:36:59');
INSERT INTO "sessions" ("id","user_id","refresh_token","expires_at","created_at") VALUES('b79c86d4-7351-4e72-b989-1196847f47fb','user-d8nru3xco','eyJhbGciOiJIUzI1NiJ9.eyJ0b2tlbklkIjoiYjc5Yzg2ZDQtNzM1MS00ZTcyLWI5ODktMTE5Njg0N2Y0N2ZiIiwidXNlcklkIjoidXNlci1kOG5ydTN4Y28iLCJpYXQiOjE3NzU2NDgyNzIsImV4cCI6MTc3ODI0MDI3Mn0.CCiLXMudkQ0-sje1aztIf_MnJ3GQ6H_ULFQ8tm-PlTc','2026-05-08T11:37:52.259Z','2026-04-08 11:37:52');
INSERT INTO "sessions" ("id","user_id","refresh_token","expires_at","created_at") VALUES('971b5200-5b88-459e-8ee6-834c76604c42','user-i170bjn6w','eyJhbGciOiJIUzI1NiJ9.eyJ0b2tlbklkIjoiOTcxYjUyMDAtNWI4OC00NTllLThlZTYtODM0Yzc2NjA0YzQyIiwidXNlcklkIjoidXNlci1pMTcwYmpuNnciLCJpYXQiOjE3NzU2NDgyNzQsImV4cCI6MTc3ODI0MDI3NH0.aFP6d8unGTVWSaipQnjJfaC3YVfM-W3b7692Zmt7gFo','2026-05-08T11:37:54.369Z','2026-04-08 11:37:54');
INSERT INTO "sessions" ("id","user_id","refresh_token","expires_at","created_at") VALUES('9ec36f11-e2d5-407c-afb8-0c1f55e95b28','user-i170bjn6w','eyJhbGciOiJIUzI1NiJ9.eyJ0b2tlbklkIjoiOWVjMzZmMTEtZTJkNS00MDdjLWFmYjgtMGMxZjU1ZTk1YjI4IiwidXNlcklkIjoidXNlci1pMTcwYmpuNnciLCJpYXQiOjE3NzU2NDgyNzYsImV4cCI6MTc3ODI0MDI3Nn0.GzyoQowfUPLzeIIUgsCMQP0gmIVg861GXFiIqGVFJes','2026-05-08T11:37:56.183Z','2026-04-08 11:37:56');
INSERT INTO "sessions" ("id","user_id","refresh_token","expires_at","created_at") VALUES('2e1baa8c-652b-42b7-94b9-61fce51f0226','user-i170bjn6w','eyJhbGciOiJIUzI1NiJ9.eyJ0b2tlbklkIjoiMmUxYmFhOGMtNjUyYi00MmI3LTk0YjktNjFmY2U1MWYwMjI2IiwidXNlcklkIjoidXNlci1pMTcwYmpuNnciLCJpYXQiOjE3NzU2NDgyNzgsImV4cCI6MTc3ODI0MDI3OH0.9tnlcVmkHYNRkhZvtWJ_4UvisbcPTikn9QKlqzJU66A','2026-05-08T11:37:58.079Z','2026-04-08 11:37:58');
INSERT INTO "sessions" ("id","user_id","refresh_token","expires_at","created_at") VALUES('e2492972-7872-4b8b-b829-65563840618d','user-i170bjn6w','eyJhbGciOiJIUzI1NiJ9.eyJ0b2tlbklkIjoiZTI0OTI5NzItNzg3Mi00YjhiLWI4MjktNjU1NjM4NDA2MThkIiwidXNlcklkIjoidXNlci1pMTcwYmpuNnciLCJpYXQiOjE3NzU2NDgyNzksImV4cCI6MTc3ODI0MDI3OX0.LrMmuceQu9EIj7Q-1e75lzAQCIuVjW6qKFHj8LYitbE','2026-05-08T11:37:59.140Z','2026-04-08 11:37:59');
INSERT INTO "sessions" ("id","user_id","refresh_token","expires_at","created_at") VALUES('8aa6cd9b-81bc-46f5-8965-57aeed205f53','user-i170bjn6w','eyJhbGciOiJIUzI1NiJ9.eyJ0b2tlbklkIjoiOGFhNmNkOWItODFiYy00NmY1LTg5NjUtNTdhZWVkMjA1ZjUzIiwidXNlcklkIjoidXNlci1pMTcwYmpuNnciLCJpYXQiOjE3NzU2NDgyODAsImV4cCI6MTc3ODI0MDI4MH0.qAe2U6zLwDevGAb1DTqC7BEPWBG6BaCgb0dKpma5N40','2026-05-08T11:38:00.213Z','2026-04-08 11:38:00');
INSERT INTO "sessions" ("id","user_id","refresh_token","expires_at","created_at") VALUES('81a36dc5-aac2-4d3f-95b7-009558e36fde','user-i170bjn6w','eyJhbGciOiJIUzI1NiJ9.eyJ0b2tlbklkIjoiODFhMzZkYzUtYWFjMi00ZDNmLTk1YjctMDA5NTU4ZTM2ZmRlIiwidXNlcklkIjoidXNlci1pMTcwYmpuNnciLCJpYXQiOjE3NzU2NDgyODEsImV4cCI6MTc3ODI0MDI4MX0.rMS4zjsxUWAmmnu-9vqEn_w9Ousw_omapz5H3HS3pAs','2026-05-08T11:38:01.471Z','2026-04-08 11:38:01');
INSERT INTO "sessions" ("id","user_id","refresh_token","expires_at","created_at") VALUES('2b9f6ef4-7973-44bf-8d36-a8a639429fb8','user-i170bjn6w','eyJhbGciOiJIUzI1NiJ9.eyJ0b2tlbklkIjoiMmI5ZjZlZjQtNzk3My00NGJmLThkMzYtYThhNjM5NDI5ZmI4IiwidXNlcklkIjoidXNlci1pMTcwYmpuNnciLCJpYXQiOjE3NzU2NDgyODIsImV4cCI6MTc3ODI0MDI4Mn0.kDBWHRaMOvZpGrmOEOJTrh-CcqcYD3ZVtWXYmkL_CcM','2026-05-08T11:38:02.595Z','2026-04-08 11:38:02');
INSERT INTO "sessions" ("id","user_id","refresh_token","expires_at","created_at") VALUES('b762242d-6cf5-4071-a240-d8a066dd7a1a','user-i170bjn6w','eyJhbGciOiJIUzI1NiJ9.eyJ0b2tlbklkIjoiYjc2MjI0MmQtNmNmNS00MDcxLWEyNDAtZDhhMDY2ZGQ3YTFhIiwidXNlcklkIjoidXNlci1pMTcwYmpuNnciLCJpYXQiOjE3NzU2NDgyODMsImV4cCI6MTc3ODI0MDI4M30.Lwue-4Az-W8A9X7UcPARH13zqoC36GfFt72STD7i4lU','2026-05-08T11:38:03.651Z','2026-04-08 11:38:03');
INSERT INTO "sessions" ("id","user_id","refresh_token","expires_at","created_at") VALUES('f792bb6e-31fe-4ff2-a83f-f845681e1408','user-i170bjn6w','eyJhbGciOiJIUzI1NiJ9.eyJ0b2tlbklkIjoiZjc5MmJiNmUtMzFmZS00ZmYyLWE4M2YtZjg0NTY4MWUxNDA4IiwidXNlcklkIjoidXNlci1pMTcwYmpuNnciLCJpYXQiOjE3NzU2NDgyODQsImV4cCI6MTc3ODI0MDI4NH0.ceFlkxvUQA_hNhdtO2OhnvWR5RaAkEgH2WRYMUU8Zoo','2026-05-08T11:38:04.864Z','2026-04-08 11:38:04');
INSERT INTO "sessions" ("id","user_id","refresh_token","expires_at","created_at") VALUES('062cbd03-6bef-405e-981f-5d0140ff6cb9','user-i170bjn6w','eyJhbGciOiJIUzI1NiJ9.eyJ0b2tlbklkIjoiMDYyY2JkMDMtNmJlZi00MDVlLTk4MWYtNWQwMTQwZmY2Y2I5IiwidXNlcklkIjoidXNlci1pMTcwYmpuNnciLCJpYXQiOjE3NzU2NDgyODYsImV4cCI6MTc3ODI0MDI4Nn0.5_bTjIs86A8L3u2JL5rcRR0IurCzfoc5iFFVmvBKGdM','2026-05-08T11:38:06.041Z','2026-04-08 11:38:06');
INSERT INTO "sessions" ("id","user_id","refresh_token","expires_at","created_at") VALUES('cb8d162f-31bb-4fcf-b0e2-02ed9766a057','user-i170bjn6w','eyJhbGciOiJIUzI1NiJ9.eyJ0b2tlbklkIjoiY2I4ZDE2MmYtMzFiYi00ZmNmLWIwZTItMDJlZDk3NjZhMDU3IiwidXNlcklkIjoidXNlci1pMTcwYmpuNnciLCJpYXQiOjE3NzU2NDgyODgsImV4cCI6MTc3ODI0MDI4OH0.diLHadX8j0ocIG6ZmOpKsYKDAdIDkfepOzXRLfZlSxA','2026-05-08T11:38:08.642Z','2026-04-08 11:38:08');
INSERT INTO "sessions" ("id","user_id","refresh_token","expires_at","created_at") VALUES('8d8e27fc-b291-4314-a9bd-674d3d4995e3','user-i170bjn6w','eyJhbGciOiJIUzI1NiJ9.eyJ0b2tlbklkIjoiOGQ4ZTI3ZmMtYjI5MS00MzE0LWE5YmQtNjc0ZDNkNDk5NWUzIiwidXNlcklkIjoidXNlci1pMTcwYmpuNnciLCJpYXQiOjE3NzU2NDgyODksImV4cCI6MTc3ODI0MDI4OX0.X_mxeueir-NiDss0z6lycuUL-gRHqZDg7TFtM6A4SnU','2026-05-08T11:38:09.703Z','2026-04-08 11:38:09');
INSERT INTO "sessions" ("id","user_id","refresh_token","expires_at","created_at") VALUES('fd760002-3f72-4003-9bb4-70408f4b01c9','user-i170bjn6w','eyJhbGciOiJIUzI1NiJ9.eyJ0b2tlbklkIjoiZmQ3NjAwMDItM2Y3Mi00MDAzLTliYjQtNzA0MDhmNGIwMWM5IiwidXNlcklkIjoidXNlci1pMTcwYmpuNnciLCJpYXQiOjE3NzU2NDgyOTAsImV4cCI6MTc3ODI0MDI5MH0.Cm2eJRLGi3UNcM-5OlojCa-SE05IYQqGs7dDA0R1edg','2026-05-08T11:38:10.757Z','2026-04-08 11:38:10');
INSERT INTO "sessions" ("id","user_id","refresh_token","expires_at","created_at") VALUES('b558bb9f-f5e3-4571-8163-55281f13c8ca','user-i170bjn6w','eyJhbGciOiJIUzI1NiJ9.eyJ0b2tlbklkIjoiYjU1OGJiOWYtZjVlMy00NTcxLTgxNjMtNTUyODFmMTNjOGNhIiwidXNlcklkIjoidXNlci1pMTcwYmpuNnciLCJpYXQiOjE3NzU2NDgyOTEsImV4cCI6MTc3ODI0MDI5MX0.uD1mhywjsaRS2R1H37nOJd8Ag7BpQDu90eh0O-uZf_Q','2026-05-08T11:38:11.827Z','2026-04-08 11:38:11');
INSERT INTO "sessions" ("id","user_id","refresh_token","expires_at","created_at") VALUES('b36ac937-4e0d-4a84-a228-c4de7dfa26cd','user-i170bjn6w','eyJhbGciOiJIUzI1NiJ9.eyJ0b2tlbklkIjoiYjM2YWM5MzctNGUwZC00YTg0LWEyMjgtYzRkZTdkZmEyNmNkIiwidXNlcklkIjoidXNlci1pMTcwYmpuNnciLCJpYXQiOjE3NzU2NDgyOTIsImV4cCI6MTc3ODI0MDI5Mn0.JOU9-gCa8hMMUh161IWSyRgfYwnUei9R87JNJSfi6Bk','2026-05-08T11:38:12.897Z','2026-04-08 11:38:12');
INSERT INTO "sessions" ("id","user_id","refresh_token","expires_at","created_at") VALUES('698962cf-b83a-435b-8022-342919e2a103','user-i170bjn6w','eyJhbGciOiJIUzI1NiJ9.eyJ0b2tlbklkIjoiNjk4OTYyY2YtYjgzYS00MzViLTgwMjItMzQyOTE5ZTJhMTAzIiwidXNlcklkIjoidXNlci1pMTcwYmpuNnciLCJpYXQiOjE3NzU2NDgyOTQsImV4cCI6MTc3ODI0MDI5NH0.eMJr1FAuvV-EgwCpBU9wIynzsR-XFG9vPMwWCsaEuCQ','2026-05-08T11:38:14.047Z','2026-04-08 11:38:14');
INSERT INTO "sessions" ("id","user_id","refresh_token","expires_at","created_at") VALUES('8459a5d6-b08a-458c-b2b8-95cab4f2abd9','user-i170bjn6w','eyJhbGciOiJIUzI1NiJ9.eyJ0b2tlbklkIjoiODQ1OWE1ZDYtYjA4YS00NThjLWIyYjgtOTVjYWI0ZjJhYmQ5IiwidXNlcklkIjoidXNlci1pMTcwYmpuNnciLCJpYXQiOjE3NzU2NDgyOTUsImV4cCI6MTc3ODI0MDI5NX0.rgF72i93-MG9Q6NB_K9SN6hQUsR07IqrYfkhbk5Tan4','2026-05-08T11:38:15.236Z','2026-04-08 11:38:15');
INSERT INTO "sessions" ("id","user_id","refresh_token","expires_at","created_at") VALUES('ab665107-0684-4509-9113-f5a62c5833d8','user-i170bjn6w','eyJhbGciOiJIUzI1NiJ9.eyJ0b2tlbklkIjoiYWI2NjUxMDctMDY4NC00NTA5LTkxMTMtZjVhNjJjNTgzM2Q4IiwidXNlcklkIjoidXNlci1pMTcwYmpuNnciLCJpYXQiOjE3NzU2NDgyOTcsImV4cCI6MTc3ODI0MDI5N30.f9vjM-ZwSCfNboZFEj_5IbFvDiX4xIQ4EDiZZwSUzoE','2026-05-08T11:38:17.611Z','2026-04-08 11:38:17');
INSERT INTO "sessions" ("id","user_id","refresh_token","expires_at","created_at") VALUES('b66c7910-252c-4fa5-919b-e9909fd8d96e','user-i170bjn6w','eyJhbGciOiJIUzI1NiJ9.eyJ0b2tlbklkIjoiYjY2Yzc5MTAtMjUyYy00ZmE1LTkxOWItZTk5MDlmZDhkOTZlIiwidXNlcklkIjoidXNlci1pMTcwYmpuNnciLCJpYXQiOjE3NzU2NDgzMDMsImV4cCI6MTc3ODI0MDMwM30.rMomTmXB6ShjQOpVW-YkbJF6flQPe94b7pY5PVX26WI','2026-05-08T11:38:23.468Z','2026-04-08 11:38:23');
INSERT INTO "sessions" ("id","user_id","refresh_token","expires_at","created_at") VALUES('785b3f34-0107-4966-8f18-ba22c66c3de6','user-d8nru3xco','eyJhbGciOiJIUzI1NiJ9.eyJ0b2tlbklkIjoiNzg1YjNmMzQtMDEwNy00OTY2LThmMTgtYmEyMmM2NmMzZGU2IiwidXNlcklkIjoidXNlci1kOG5ydTN4Y28iLCJpYXQiOjE3NzU2NDgzMTksImV4cCI6MTc3ODI0MDMxOX0.BC9NPxzUlgpA8T3iJU294GlvNWfVo8Z-ip18BKWig3U','2026-05-08T11:38:39.130Z','2026-04-08 11:38:39');
INSERT INTO "sessions" ("id","user_id","refresh_token","expires_at","created_at") VALUES('628dbee3-109e-487d-aab0-04f8629aa912','user-i170bjn6w','eyJhbGciOiJIUzI1NiJ9.eyJ0b2tlbklkIjoiNjI4ZGJlZTMtMTA5ZS00ODdkLWFhYjAtMDRmODYyOWFhOTEyIiwidXNlcklkIjoidXNlci1pMTcwYmpuNnciLCJpYXQiOjE3NzU2NDgzMjEsImV4cCI6MTc3ODI0MDMyMX0.hkeJGw8H8zvjVLpwL8hiCR5qMA9lHgwJY6OG8nfMvRo','2026-05-08T11:38:41.187Z','2026-04-08 11:38:41');
INSERT INTO "sessions" ("id","user_id","refresh_token","expires_at","created_at") VALUES('d5ee98fb-409b-4b45-9628-af650533b880','user-i170bjn6w','eyJhbGciOiJIUzI1NiJ9.eyJ0b2tlbklkIjoiZDVlZTk4ZmItNDA5Yi00YjQ1LTk2MjgtYWY2NTA1MzNiODgwIiwidXNlcklkIjoidXNlci1pMTcwYmpuNnciLCJpYXQiOjE3NzU2NDgzMjIsImV4cCI6MTc3ODI0MDMyMn0.aPDUAjS7T9HLbiCWJiI8Cxej3BQqlm6vl8rcbrzYneo','2026-05-08T11:38:42.886Z','2026-04-08 11:38:42');
INSERT INTO "sessions" ("id","user_id","refresh_token","expires_at","created_at") VALUES('4a27f5ef-2f18-4ee6-aae4-f22f269448df','user-i170bjn6w','eyJhbGciOiJIUzI1NiJ9.eyJ0b2tlbklkIjoiNGEyN2Y1ZWYtMmYxOC00ZWU2LWFhZTQtZjIyZjI2OTQ0OGRmIiwidXNlcklkIjoidXNlci1pMTcwYmpuNnciLCJpYXQiOjE3NzU2NDgzMjQsImV4cCI6MTc3ODI0MDMyNH0.K2Bii8AZaBNnFQaCETBFNRg_AuIsdAM7PEfxXeABnCA','2026-05-08T11:38:44.008Z','2026-04-08 11:38:44');
INSERT INTO "sessions" ("id","user_id","refresh_token","expires_at","created_at") VALUES('c19e545f-3b4a-4ed9-894f-b7cc1b1603d8','user-i170bjn6w','eyJhbGciOiJIUzI1NiJ9.eyJ0b2tlbklkIjoiYzE5ZTU0NWYtM2I0YS00ZWQ5LTg5NGYtYjdjYzFiMTYwM2Q4IiwidXNlcklkIjoidXNlci1pMTcwYmpuNnciLCJpYXQiOjE3NzU2NDgzMjUsImV4cCI6MTc3ODI0MDMyNX0.4gOPf5_LRfAGqivM1t1-pATP5kTbKfoCkmU7JWnp7HQ','2026-05-08T11:38:45.251Z','2026-04-08 11:38:45');
INSERT INTO "sessions" ("id","user_id","refresh_token","expires_at","created_at") VALUES('ff5e136c-b798-4ee6-a094-ca3fc408a8bf','user-i170bjn6w','eyJhbGciOiJIUzI1NiJ9.eyJ0b2tlbklkIjoiZmY1ZTEzNmMtYjc5OC00ZWU2LWEwOTQtY2EzZmM0MDhhOGJmIiwidXNlcklkIjoidXNlci1pMTcwYmpuNnciLCJpYXQiOjE3NzU2NDgzMjYsImV4cCI6MTc3ODI0MDMyNn0.GEPGT-IKSNFQUrYbZOl3T5HXl3jEeq8t4BTZD9S1dhU','2026-05-08T11:38:46.466Z','2026-04-08 11:38:46');
INSERT INTO "sessions" ("id","user_id","refresh_token","expires_at","created_at") VALUES('65e9e127-23d4-438e-9249-54bbf32f6d40','user-i170bjn6w','eyJhbGciOiJIUzI1NiJ9.eyJ0b2tlbklkIjoiNjVlOWUxMjctMjNkNC00MzhlLTkyNDktNTRiYmYzMmY2ZDQwIiwidXNlcklkIjoidXNlci1pMTcwYmpuNnciLCJpYXQiOjE3NzU2NDgzMjcsImV4cCI6MTc3ODI0MDMyN30.z-A5n7ChihZS1eNql9THIF2pWOZKRc2BZ9gPeqg0HkI','2026-05-08T11:38:47.812Z','2026-04-08 11:38:47');
INSERT INTO "sessions" ("id","user_id","refresh_token","expires_at","created_at") VALUES('8f40f4ab-39c2-477d-b36a-2adc0b126b2a','user-i170bjn6w','eyJhbGciOiJIUzI1NiJ9.eyJ0b2tlbklkIjoiOGY0MGY0YWItMzljMi00NzdkLWIzNmEtMmFkYzBiMTI2YjJhIiwidXNlcklkIjoidXNlci1pMTcwYmpuNnciLCJpYXQiOjE3NzU2NDgzMjksImV4cCI6MTc3ODI0MDMyOX0.ZY-PPIdkpE-AupHdrYALeFaOPM70SGsKYwYay1FsnaI','2026-05-08T11:38:49.119Z','2026-04-08 11:38:49');
INSERT INTO "sessions" ("id","user_id","refresh_token","expires_at","created_at") VALUES('d0c66873-97b8-42c3-bfd1-c2e0f7c060cf','user-i170bjn6w','eyJhbGciOiJIUzI1NiJ9.eyJ0b2tlbklkIjoiZDBjNjY4NzMtOTdiOC00MmMzLWJmZDEtYzJlMGY3YzA2MGNmIiwidXNlcklkIjoidXNlci1pMTcwYmpuNnciLCJpYXQiOjE3NzU2NDgzMzAsImV4cCI6MTc3ODI0MDMzMH0._Qo5CpwHRe1pXgJfMrrWW98R2Qe5nmWzIg5-JSPU1GE','2026-05-08T11:38:50.211Z','2026-04-08 11:38:50');
INSERT INTO "sessions" ("id","user_id","refresh_token","expires_at","created_at") VALUES('d2c5b14f-14d6-45b3-b608-728f2fa6528d','user-i170bjn6w','eyJhbGciOiJIUzI1NiJ9.eyJ0b2tlbklkIjoiZDJjNWIxNGYtMTRkNi00NWIzLWI2MDgtNzI4ZjJmYTY1MjhkIiwidXNlcklkIjoidXNlci1pMTcwYmpuNnciLCJpYXQiOjE3NzU2NDgzMzEsImV4cCI6MTc3ODI0MDMzMX0.VMR3JVeg81N_ZO145V6h8uEEwgaNCKIw8sh_r1DDdT8','2026-05-08T11:38:51.314Z','2026-04-08 11:38:51');
INSERT INTO "sessions" ("id","user_id","refresh_token","expires_at","created_at") VALUES('cbe2246c-6884-4ba7-aa38-cf8baa7a9129','user-i170bjn6w','eyJhbGciOiJIUzI1NiJ9.eyJ0b2tlbklkIjoiY2JlMjI0NmMtNjg4NC00YmE3LWFhMzgtY2Y4YmFhN2E5MTI5IiwidXNlcklkIjoidXNlci1pMTcwYmpuNnciLCJpYXQiOjE3NzU2NDgzMzIsImV4cCI6MTc3ODI0MDMzMn0.GaRBfIPaTtwcF6axez3Lh3b2SywHZPMSIfXpffIVkE8','2026-05-08T11:38:52.391Z','2026-04-08 11:38:52');
INSERT INTO "sessions" ("id","user_id","refresh_token","expires_at","created_at") VALUES('f3673556-0605-4124-b229-6fed0a25cdda','user-i170bjn6w','eyJhbGciOiJIUzI1NiJ9.eyJ0b2tlbklkIjoiZjM2NzM1NTYtMDYwNS00MTI0LWIyMjktNmZlZDBhMjVjZGRhIiwidXNlcklkIjoidXNlci1pMTcwYmpuNnciLCJpYXQiOjE3NzU2NDgzMzQsImV4cCI6MTc3ODI0MDMzNH0.G7vO39ETcd-AiUbqzF7Se5qyUZDyueTPzmJjoR9sHAU','2026-05-08T11:38:54.569Z','2026-04-08 11:38:54');
INSERT INTO "sessions" ("id","user_id","refresh_token","expires_at","created_at") VALUES('0bb48d0c-397f-47cf-888b-4f2b9e7a3437','user-i170bjn6w','eyJhbGciOiJIUzI1NiJ9.eyJ0b2tlbklkIjoiMGJiNDhkMGMtMzk3Zi00N2NmLTg4OGItNGYyYjllN2EzNDM3IiwidXNlcklkIjoidXNlci1pMTcwYmpuNnciLCJpYXQiOjE3NzU2NDgzMzcsImV4cCI6MTc3ODI0MDMzN30.jVHnb96yEQR2D_zFYZhSKs7vS1xitmT5nX1qCZvpKBY','2026-05-08T11:38:57.101Z','2026-04-08 11:38:57');
INSERT INTO "sessions" ("id","user_id","refresh_token","expires_at","created_at") VALUES('15f9cdd2-fd74-430f-a69a-920a91e32156','user-i170bjn6w','eyJhbGciOiJIUzI1NiJ9.eyJ0b2tlbklkIjoiMTVmOWNkZDItZmQ3NC00MzBmLWE2OWEtOTIwYTkxZTMyMTU2IiwidXNlcklkIjoidXNlci1pMTcwYmpuNnciLCJpYXQiOjE3NzU2NDgzMzgsImV4cCI6MTc3ODI0MDMzOH0.aVdGTgFfGwehgKTnOrml1csOUZWKQhGaFMVOUIbBC10','2026-05-08T11:38:58.205Z','2026-04-08 11:38:58');
INSERT INTO "sessions" ("id","user_id","refresh_token","expires_at","created_at") VALUES('bc3e0097-5a29-49dd-af2e-0de912fd0f2c','user-i170bjn6w','eyJhbGciOiJIUzI1NiJ9.eyJ0b2tlbklkIjoiYmMzZTAwOTctNWEyOS00OWRkLWFmMmUtMGRlOTEyZmQwZjJjIiwidXNlcklkIjoidXNlci1pMTcwYmpuNnciLCJpYXQiOjE3NzU2NDgzMzksImV4cCI6MTc3ODI0MDMzOX0.VWiz4Y3MmTSonj1K0tDRpRA1GIDMa1LoXgPcTa7Lm58','2026-05-08T11:38:59.307Z','2026-04-08 11:38:59');
INSERT INTO "sessions" ("id","user_id","refresh_token","expires_at","created_at") VALUES('0535db06-87e2-4c48-a7e9-ae56655c5d22','user-i170bjn6w','eyJhbGciOiJIUzI1NiJ9.eyJ0b2tlbklkIjoiMDUzNWRiMDYtODdlMi00YzQ4LWE3ZTktYWU1NjY1NWM1ZDIyIiwidXNlcklkIjoidXNlci1pMTcwYmpuNnciLCJpYXQiOjE3NzU2NDgzNDAsImV4cCI6MTc3ODI0MDM0MH0.E-1HTgK7lAOIYRkl3fEQCAnF--4dyPrwyTkoLk6ex2k','2026-05-08T11:39:00.414Z','2026-04-08 11:39:00');
INSERT INTO "sessions" ("id","user_id","refresh_token","expires_at","created_at") VALUES('d59541e3-5b5c-4382-9f79-a76e2ac6f0f8','user-i170bjn6w','eyJhbGciOiJIUzI1NiJ9.eyJ0b2tlbklkIjoiZDU5NTQxZTMtNWI1Yy00MzgyLTlmNzktYTc2ZTJhYzZmMGY4IiwidXNlcklkIjoidXNlci1pMTcwYmpuNnciLCJpYXQiOjE3NzU2NDgzNDEsImV4cCI6MTc3ODI0MDM0MX0.FL2fYle2mjSElduzQsEr1E-FhR71eiCmwChRqHVdsuk','2026-05-08T11:39:01.511Z','2026-04-08 11:39:01');
INSERT INTO "sessions" ("id","user_id","refresh_token","expires_at","created_at") VALUES('37427916-718c-4bb2-81b4-292143b12263','user-i170bjn6w','eyJhbGciOiJIUzI1NiJ9.eyJ0b2tlbklkIjoiMzc0Mjc5MTYtNzE4Yy00YmIyLTgxYjQtMjkyMTQzYjEyMjYzIiwidXNlcklkIjoidXNlci1pMTcwYmpuNnciLCJpYXQiOjE3NzU2NDgzNDIsImV4cCI6MTc3ODI0MDM0Mn0.fH-z97y_nrVGDFWgKCGFX5r7Dq4lo-FKHPSEupoLf7I','2026-05-08T11:39:02.617Z','2026-04-08 11:39:02');
INSERT INTO "sessions" ("id","user_id","refresh_token","expires_at","created_at") VALUES('e8076527-fe47-4b0b-90e2-488546994242','user-i170bjn6w','eyJhbGciOiJIUzI1NiJ9.eyJ0b2tlbklkIjoiZTgwNzY1MjctZmU0Ny00YjBiLTkwZTItNDg4NTQ2OTk0MjQyIiwidXNlcklkIjoidXNlci1pMTcwYmpuNnciLCJpYXQiOjE3NzU2NDgzNDMsImV4cCI6MTc3ODI0MDM0M30.Iuh2aYhS-BaPq7vIONoyqpmz3l8Q_K0fjCtrRMk4bHs','2026-05-08T11:39:03.924Z','2026-04-08 11:39:04');
INSERT INTO "sessions" ("id","user_id","refresh_token","expires_at","created_at") VALUES('ba8c59bf-e8c4-4184-b953-1adfc4591c41','user-i170bjn6w','eyJhbGciOiJIUzI1NiJ9.eyJ0b2tlbklkIjoiYmE4YzU5YmYtZThjNC00MTg0LWI5NTMtMWFkZmM0NTkxYzQxIiwidXNlcklkIjoidXNlci1pMTcwYmpuNnciLCJpYXQiOjE3NzU2NDgzNDYsImV4cCI6MTc3ODI0MDM0Nn0.3WpqjolISjK3lMQlcZdQUMTVIQIXDY5kWYrT9zwpt6E','2026-05-08T11:39:06.399Z','2026-04-08 11:39:06');
INSERT INTO "sessions" ("id","user_id","refresh_token","expires_at","created_at") VALUES('34e33b4a-55ca-4933-99f3-7f201de5ac27','user-i170bjn6w','eyJhbGciOiJIUzI1NiJ9.eyJ0b2tlbklkIjoiMzRlMzNiNGEtNTVjYS00OTMzLTk5ZjMtN2YyMDFkZTVhYzI3IiwidXNlcklkIjoidXNlci1pMTcwYmpuNnciLCJpYXQiOjE3NzU2NDgzNTIsImV4cCI6MTc3ODI0MDM1Mn0.w0-pZxYd6UMUaRwLqlSOXi1DzNCzjw8w-3PzGOuOi90','2026-05-08T11:39:12.446Z','2026-04-08 11:39:12');
INSERT INTO "sessions" ("id","user_id","refresh_token","expires_at","created_at") VALUES('a4ecb3b3-56df-4d18-8c02-bed962ab3eb5','user-d8nru3xco','eyJhbGciOiJIUzI1NiJ9.eyJ0b2tlbklkIjoiYTRlY2IzYjMtNTZkZi00ZDE4LThjMDItYmVkOTYyYWIzZWI1IiwidXNlcklkIjoidXNlci1kOG5ydTN4Y28iLCJpYXQiOjE3NzU2NDgzNjgsImV4cCI6MTc3ODI0MDM2OH0.Mar4T6-2HfOPIcUVfVYfce0F-4_Dv4jUY5V4aPBgZ9s','2026-05-08T11:39:28.173Z','2026-04-08 11:39:28');
INSERT INTO "sessions" ("id","user_id","refresh_token","expires_at","created_at") VALUES('8372d81c-d738-422b-9aed-c50b27ff550f','user-i170bjn6w','eyJhbGciOiJIUzI1NiJ9.eyJ0b2tlbklkIjoiODM3MmQ4MWMtZDczOC00MjJiLTlhZWQtYzUwYjI3ZmY1NTBmIiwidXNlcklkIjoidXNlci1pMTcwYmpuNnciLCJpYXQiOjE3NzU2NDgzNzAsImV4cCI6MTc3ODI0MDM3MH0.Y9liHZJmiMcim-x223J2yla9f__lWtFiPMymlQxhQ7o','2026-05-08T11:39:30.201Z','2026-04-08 11:39:30');
INSERT INTO "sessions" ("id","user_id","refresh_token","expires_at","created_at") VALUES('0386c886-5056-405e-9748-e5faf4812a3c','user-i170bjn6w','eyJhbGciOiJIUzI1NiJ9.eyJ0b2tlbklkIjoiMDM4NmM4ODYtNTA1Ni00MDVlLTk3NDgtZTVmYWY0ODEyYTNjIiwidXNlcklkIjoidXNlci1pMTcwYmpuNnciLCJpYXQiOjE3NzU2NDgzNzEsImV4cCI6MTc3ODI0MDM3MX0.SXJ-WEmct4NrEn8QeTViCCNCOANuEXTAX9IJo-uJhyo','2026-05-08T11:39:31.728Z','2026-04-08 11:39:31');
INSERT INTO "sessions" ("id","user_id","refresh_token","expires_at","created_at") VALUES('4fe06925-e29c-45e5-b6de-920dd683bf8e','user-i170bjn6w','eyJhbGciOiJIUzI1NiJ9.eyJ0b2tlbklkIjoiNGZlMDY5MjUtZTI5Yy00NWU1LWI2ZGUtOTIwZGQ2ODNiZjhlIiwidXNlcklkIjoidXNlci1pMTcwYmpuNnciLCJpYXQiOjE3NzU2NDgzNzIsImV4cCI6MTc3ODI0MDM3Mn0.eCKSG7bywZaAutNZ3wAv6CpoOWv8wRPAFPChVKuou7Q','2026-05-08T11:39:32.926Z','2026-04-08 11:39:32');
INSERT INTO "sessions" ("id","user_id","refresh_token","expires_at","created_at") VALUES('b62b6fde-5c3f-4d65-81bb-574863e2a96a','user-i170bjn6w','eyJhbGciOiJIUzI1NiJ9.eyJ0b2tlbklkIjoiYjYyYjZmZGUtNWMzZi00ZDY1LTgxYmItNTc0ODYzZTJhOTZhIiwidXNlcklkIjoidXNlci1pMTcwYmpuNnciLCJpYXQiOjE3NzU2NDgzNzQsImV4cCI6MTc3ODI0MDM3NH0.qpwvWY-hY04bCLhIeWY0zCwVYzeHS3cqpeJfg6V9XV0','2026-05-08T11:39:34.237Z','2026-04-08 11:39:34');
INSERT INTO "sessions" ("id","user_id","refresh_token","expires_at","created_at") VALUES('d6c4111d-d39b-44d2-95df-b83f6342cd42','user-i170bjn6w','eyJhbGciOiJIUzI1NiJ9.eyJ0b2tlbklkIjoiZDZjNDExMWQtZDM5Yi00NGQyLTk1ZGYtYjgzZjYzNDJjZDQyIiwidXNlcklkIjoidXNlci1pMTcwYmpuNnciLCJpYXQiOjE3NzU2NDgzNzUsImV4cCI6MTc3ODI0MDM3NX0.M6wWdB-bzCir7IYc_eQEqBN6_hNWC1O7JkANOHhmasE','2026-05-08T11:39:35.284Z','2026-04-08 11:39:35');
INSERT INTO "sessions" ("id","user_id","refresh_token","expires_at","created_at") VALUES('6744107b-a3a0-48fb-98d7-448388ebf79b','user-i170bjn6w','eyJhbGciOiJIUzI1NiJ9.eyJ0b2tlbklkIjoiNjc0NDEwN2ItYTNhMC00OGZiLTk4ZDctNDQ4Mzg4ZWJmNzliIiwidXNlcklkIjoidXNlci1pMTcwYmpuNnciLCJpYXQiOjE3NzU2NDgzNzYsImV4cCI6MTc3ODI0MDM3Nn0._fZcIwE8gyCwAChwWE3CFXL4xCJ7UqahwgtyYctLjJM','2026-05-08T11:39:36.475Z','2026-04-08 11:39:36');
INSERT INTO "sessions" ("id","user_id","refresh_token","expires_at","created_at") VALUES('7b113986-7cab-42c6-9db0-d11cecf8b9a5','user-i170bjn6w','eyJhbGciOiJIUzI1NiJ9.eyJ0b2tlbklkIjoiN2IxMTM5ODYtN2NhYi00MmM2LTlkYjAtZDExY2VjZjhiOWE1IiwidXNlcklkIjoidXNlci1pMTcwYmpuNnciLCJpYXQiOjE3NzU2NDgzNzcsImV4cCI6MTc3ODI0MDM3N30.mO02kma7kZMfBwNqRkcwK3cA_-70x77hxSeTf1l2AA0','2026-05-08T11:39:37.880Z','2026-04-08 11:39:37');
INSERT INTO "sessions" ("id","user_id","refresh_token","expires_at","created_at") VALUES('8bd73f20-2771-41b3-865e-2c2c554ada78','user-i170bjn6w','eyJhbGciOiJIUzI1NiJ9.eyJ0b2tlbklkIjoiOGJkNzNmMjAtMjc3MS00MWIzLTg2NWUtMmMyYzU1NGFkYTc4IiwidXNlcklkIjoidXNlci1pMTcwYmpuNnciLCJpYXQiOjE3NzU2NDgzNzgsImV4cCI6MTc3ODI0MDM3OH0.sfRAYbP3CZuX9T02APXAzsF17-qCanRDcKEBWLhlvNU','2026-05-08T11:39:38.921Z','2026-04-08 11:39:38');
INSERT INTO "sessions" ("id","user_id","refresh_token","expires_at","created_at") VALUES('2f2cb0ca-5d82-4e2e-a731-0c20e0583a07','user-i170bjn6w','eyJhbGciOiJIUzI1NiJ9.eyJ0b2tlbklkIjoiMmYyY2IwY2EtNWQ4Mi00ZTJlLWE3MzEtMGMyMGUwNTgzYTA3IiwidXNlcklkIjoidXNlci1pMTcwYmpuNnciLCJpYXQiOjE3NzU2NDgzNzksImV4cCI6MTc3ODI0MDM3OX0.gQj3ySNioV13rmgoVsQkwNjaJRXZV3NPp_24gf5fEGE','2026-05-08T11:39:39.949Z','2026-04-08 11:39:40');
INSERT INTO "sessions" ("id","user_id","refresh_token","expires_at","created_at") VALUES('cb0ba642-6df9-4364-b74f-f7d8f90dabe6','user-i170bjn6w','eyJhbGciOiJIUzI1NiJ9.eyJ0b2tlbklkIjoiY2IwYmE2NDItNmRmOS00MzY0LWI3NGYtZjdkOGY5MGRhYmU2IiwidXNlcklkIjoidXNlci1pMTcwYmpuNnciLCJpYXQiOjE3NzU2NDgzODAsImV4cCI6MTc3ODI0MDM4MH0.xCEqP3xhRvGvLT--WnYoFfFNB3Uu689JjTN1m2e76p8','2026-05-08T11:39:40.983Z','2026-04-08 11:39:41');
INSERT INTO "sessions" ("id","user_id","refresh_token","expires_at","created_at") VALUES('56c324f5-86aa-4b6b-805d-58d51967d056','user-i170bjn6w','eyJhbGciOiJIUzI1NiJ9.eyJ0b2tlbklkIjoiNTZjMzI0ZjUtODZhYS00YjZiLTgwNWQtNThkNTE5NjdkMDU2IiwidXNlcklkIjoidXNlci1pMTcwYmpuNnciLCJpYXQiOjE3NzU2NDgzODIsImV4cCI6MTc3ODI0MDM4Mn0.FRFUeV0QJHd3duKsTFhmVEmEO61FSIMENnpPP_6XRo8','2026-05-08T11:39:42.144Z','2026-04-08 11:39:42');
INSERT INTO "sessions" ("id","user_id","refresh_token","expires_at","created_at") VALUES('20130e8d-2e53-4ec5-8d1f-d143de125381','user-i170bjn6w','eyJhbGciOiJIUzI1NiJ9.eyJ0b2tlbklkIjoiMjAxMzBlOGQtMmU1My00ZWM1LThkMWYtZDE0M2RlMTI1MzgxIiwidXNlcklkIjoidXNlci1pMTcwYmpuNnciLCJpYXQiOjE3NzU2NDgzODQsImV4cCI6MTc3ODI0MDM4NH0.oyea0mUfA9tojUDCy8vQNVTx_hjQm0tDrbTrwUxEZL0','2026-05-08T11:39:44.443Z','2026-04-08 11:39:44');
INSERT INTO "sessions" ("id","user_id","refresh_token","expires_at","created_at") VALUES('33ac9283-7261-4fe4-8636-65a8500260b8','user-i170bjn6w','eyJhbGciOiJIUzI1NiJ9.eyJ0b2tlbklkIjoiMzNhYzkyODMtNzI2MS00ZmU0LTg2MzYtNjVhODUwMDI2MGI4IiwidXNlcklkIjoidXNlci1pMTcwYmpuNnciLCJpYXQiOjE3NzU2NDgzODUsImV4cCI6MTc3ODI0MDM4NX0.9f7ET0IhQ5YrEATcmQdRl-EKtHg6499vGLhnCoXQHRs','2026-05-08T11:39:45.724Z','2026-04-08 11:39:45');
INSERT INTO "sessions" ("id","user_id","refresh_token","expires_at","created_at") VALUES('f6c5a3bc-448b-4232-9e26-a967bad67680','user-i170bjn6w','eyJhbGciOiJIUzI1NiJ9.eyJ0b2tlbklkIjoiZjZjNWEzYmMtNDQ4Yi00MjMyLTllMjYtYTk2N2JhZDY3NjgwIiwidXNlcklkIjoidXNlci1pMTcwYmpuNnciLCJpYXQiOjE3NzU2NDgzODYsImV4cCI6MTc3ODI0MDM4Nn0.ZL9YljKyr-ivr3zqfIjN4PzGhX0WAK_NWhM26DyR2tk','2026-05-08T11:39:46.773Z','2026-04-08 11:39:46');
INSERT INTO "sessions" ("id","user_id","refresh_token","expires_at","created_at") VALUES('c4495b79-0c5e-4767-8bde-6dfbdf1396b9','user-i170bjn6w','eyJhbGciOiJIUzI1NiJ9.eyJ0b2tlbklkIjoiYzQ0OTViNzktMGM1ZS00NzY3LThiZGUtNmRmYmRmMTM5NmI5IiwidXNlcklkIjoidXNlci1pMTcwYmpuNnciLCJpYXQiOjE3NzU2NDgzODcsImV4cCI6MTc3ODI0MDM4N30.JT8GgGFFnrhr94btSCeOzkI3dAh3W0THNXN0sIXpy9Y','2026-05-08T11:39:47.826Z','2026-04-08 11:39:47');
INSERT INTO "sessions" ("id","user_id","refresh_token","expires_at","created_at") VALUES('2038c95a-af40-4fcd-b570-500dbee6bb3a','user-i170bjn6w','eyJhbGciOiJIUzI1NiJ9.eyJ0b2tlbklkIjoiMjAzOGM5NWEtYWY0MC00ZmNkLWI1NzAtNTAwZGJlZTZiYjNhIiwidXNlcklkIjoidXNlci1pMTcwYmpuNnciLCJpYXQiOjE3NzU2NDgzODgsImV4cCI6MTc3ODI0MDM4OH0.reu0W5_58laEjid4BMQUAx1Ljd5m5OCKGf0BsDxZlwo','2026-05-08T11:39:48.881Z','2026-04-08 11:39:48');
INSERT INTO "sessions" ("id","user_id","refresh_token","expires_at","created_at") VALUES('2f5ca66d-9777-4e64-a691-49adbe16f5b9','user-i170bjn6w','eyJhbGciOiJIUzI1NiJ9.eyJ0b2tlbklkIjoiMmY1Y2E2NmQtOTc3Ny00ZTY0LWE2OTEtNDlhZGJlMTZmNWI5IiwidXNlcklkIjoidXNlci1pMTcwYmpuNnciLCJpYXQiOjE3NzU2NDgzODksImV4cCI6MTc3ODI0MDM4OX0.84TAhj408EzG-2tS0-bg0xmozSc4TZl3WyJMIzkWQgA','2026-05-08T11:39:49.926Z','2026-04-08 11:39:50');
INSERT INTO "sessions" ("id","user_id","refresh_token","expires_at","created_at") VALUES('92e6a02b-feb7-4200-863e-44b29f8bb2c4','user-i170bjn6w','eyJhbGciOiJIUzI1NiJ9.eyJ0b2tlbklkIjoiOTJlNmEwMmItZmViNy00MjAwLTg2M2UtNDRiMjlmOGJiMmM0IiwidXNlcklkIjoidXNlci1pMTcwYmpuNnciLCJpYXQiOjE3NzU2NDgzOTAsImV4cCI6MTc3ODI0MDM5MH0.FeHauA1Kzxsy9WF7z5pfZJ6e_cojZZnd11iOWqQaZMk','2026-05-08T11:39:50.954Z','2026-04-08 11:39:51');
INSERT INTO "sessions" ("id","user_id","refresh_token","expires_at","created_at") VALUES('1698bffa-b915-4e32-b45b-9420d3cfbd25','user-i170bjn6w','eyJhbGciOiJIUzI1NiJ9.eyJ0b2tlbklkIjoiMTY5OGJmZmEtYjkxNS00ZTMyLWI0NWItOTQyMGQzY2ZiZDI1IiwidXNlcklkIjoidXNlci1pMTcwYmpuNnciLCJpYXQiOjE3NzU2NDgzOTMsImV4cCI6MTc3ODI0MDM5M30.wVGSu0e5Zp-YQq_xVgECSdkv6jlml7V_b8fCIz4dpsk','2026-05-08T11:39:53.316Z','2026-04-08 11:39:53');
INSERT INTO "sessions" ("id","user_id","refresh_token","expires_at","created_at") VALUES('ae816a94-b815-47e5-98a9-7a53ee9a01c2','user-i170bjn6w','eyJhbGciOiJIUzI1NiJ9.eyJ0b2tlbklkIjoiYWU4MTZhOTQtYjgxNS00N2U1LTk4YTktN2E1M2VlOWEwMWMyIiwidXNlcklkIjoidXNlci1pMTcwYmpuNnciLCJpYXQiOjE3NzU2NDgzOTgsImV4cCI6MTc3ODI0MDM5OH0.-fpLfZiOY6oXuPn0JS0mku_RQmPnKIWODOgw-iUbAsA','2026-05-08T11:39:58.981Z','2026-04-08 11:39:59');
INSERT INTO "sessions" ("id","user_id","refresh_token","expires_at","created_at") VALUES('b1a6305e-c734-44ca-aa3a-9904f67c622b','user-d8nru3xco','eyJhbGciOiJIUzI1NiJ9.eyJ0b2tlbklkIjoiYjFhNjMwNWUtYzczNC00NGNhLWFhM2EtOTkwNGY2N2M2MjJiIiwidXNlcklkIjoidXNlci1kOG5ydTN4Y28iLCJpYXQiOjE3NzU2NDg0MzIsImV4cCI6MTc3ODI0MDQzMn0.CHCu6BYw0rjSVMIL1XvhoMFV5lp01KiTzgHZ8Hrjnsw','2026-05-08T11:40:32.491Z','2026-04-08 11:40:32');
INSERT INTO "sessions" ("id","user_id","refresh_token","expires_at","created_at") VALUES('11bbf49c-8f62-404f-80a7-729e3e287229','user-i170bjn6w','eyJhbGciOiJIUzI1NiJ9.eyJ0b2tlbklkIjoiMTFiYmY0OWMtOGY2Mi00MDRmLTgwYTctNzI5ZTNlMjg3MjI5IiwidXNlcklkIjoidXNlci1pMTcwYmpuNnciLCJpYXQiOjE3NzU2NDg0MzQsImV4cCI6MTc3ODI0MDQzNH0.472rOkfZc_sMZ-HqTfE6fgRsVx66rPDmypgpiT8tCc4','2026-05-08T11:40:34.783Z','2026-04-08 11:40:34');
INSERT INTO "sessions" ("id","user_id","refresh_token","expires_at","created_at") VALUES('e54e9d17-a3d9-49b7-93c1-15ea14acf915','user-i170bjn6w','eyJhbGciOiJIUzI1NiJ9.eyJ0b2tlbklkIjoiZTU0ZTlkMTctYTNkOS00OWI3LTkzYzEtMTVlYTE0YWNmOTE1IiwidXNlcklkIjoidXNlci1pMTcwYmpuNnciLCJpYXQiOjE3NzU2NDg0MzYsImV4cCI6MTc3ODI0MDQzNn0.5YXGpV11sBhHjd5yJ4pLERy9ctEjJU9vMSEN0hJna5s','2026-05-08T11:40:36.346Z','2026-04-08 11:40:36');
INSERT INTO "sessions" ("id","user_id","refresh_token","expires_at","created_at") VALUES('a8413e95-162a-466d-991e-205191e88127','user-i170bjn6w','eyJhbGciOiJIUzI1NiJ9.eyJ0b2tlbklkIjoiYTg0MTNlOTUtMTYyYS00NjZkLTk5MWUtMjA1MTkxZTg4MTI3IiwidXNlcklkIjoidXNlci1pMTcwYmpuNnciLCJpYXQiOjE3NzU2NDg0MzcsImV4cCI6MTc3ODI0MDQzN30.RFdQDT38G3A5RwrhqqrUm4C0e_dLOFmeIS8MpzR2jrA','2026-05-08T11:40:37.619Z','2026-04-08 11:40:37');
INSERT INTO "sessions" ("id","user_id","refresh_token","expires_at","created_at") VALUES('78f840a6-c8cc-4e2a-a89a-342072f97a00','user-i170bjn6w','eyJhbGciOiJIUzI1NiJ9.eyJ0b2tlbklkIjoiNzhmODQwYTYtYzhjYy00ZTJhLWE4OWEtMzQyMDcyZjk3YTAwIiwidXNlcklkIjoidXNlci1pMTcwYmpuNnciLCJpYXQiOjE3NzU2NDg0MzgsImV4cCI6MTc3ODI0MDQzOH0.KOOlh1xArvuCgLyHgZowUHUWL2f7iQMrYSPjunPbR4U','2026-05-08T11:40:38.698Z','2026-04-08 11:40:38');
INSERT INTO "sessions" ("id","user_id","refresh_token","expires_at","created_at") VALUES('a7425cff-095e-455e-a874-2fd86d830e02','user-i170bjn6w','eyJhbGciOiJIUzI1NiJ9.eyJ0b2tlbklkIjoiYTc0MjVjZmYtMDk1ZS00NTVlLWE4NzQtMmZkODZkODMwZTAyIiwidXNlcklkIjoidXNlci1pMTcwYmpuNnciLCJpYXQiOjE3NzU2NDg0MzksImV4cCI6MTc3ODI0MDQzOX0.lEWK4SEO_L0vhqXbLafebRVhWwa_xWb2Lqi3poA8K20','2026-05-08T11:40:39.766Z','2026-04-08 11:40:39');
INSERT INTO "sessions" ("id","user_id","refresh_token","expires_at","created_at") VALUES('fa867ac5-f58b-4c59-b446-8850e5b538d9','user-i170bjn6w','eyJhbGciOiJIUzI1NiJ9.eyJ0b2tlbklkIjoiZmE4NjdhYzUtZjU4Yi00YzU5LWI0NDYtODg1MGU1YjUzOGQ5IiwidXNlcklkIjoidXNlci1pMTcwYmpuNnciLCJpYXQiOjE3NzU2NDg0NDAsImV4cCI6MTc3ODI0MDQ0MH0.dCSglc9kAsnRGfI_qv3_9Cm2zD-yQLiUhL1rii2SPik','2026-05-08T11:40:40.836Z','2026-04-08 11:40:40');
INSERT INTO "sessions" ("id","user_id","refresh_token","expires_at","created_at") VALUES('6af892c1-95fa-486e-a14e-2a92c64e3914','user-i170bjn6w','eyJhbGciOiJIUzI1NiJ9.eyJ0b2tlbklkIjoiNmFmODkyYzEtOTVmYS00ODZlLWExNGUtMmE5MmM2NGUzOTE0IiwidXNlcklkIjoidXNlci1pMTcwYmpuNnciLCJpYXQiOjE3NzU2NDg0NDIsImV4cCI6MTc3ODI0MDQ0Mn0.mLRKBj37AB-mfrh1aBeqT-UazyNhQhA7Pw3-iGscTW0','2026-05-08T11:40:42.143Z','2026-04-08 11:40:42');
INSERT INTO "sessions" ("id","user_id","refresh_token","expires_at","created_at") VALUES('c2e60ec8-3898-4524-856e-b7871487c5b5','user-i170bjn6w','eyJhbGciOiJIUzI1NiJ9.eyJ0b2tlbklkIjoiYzJlNjBlYzgtMzg5OC00NTI0LTg1NmUtYjc4NzE0ODdjNWI1IiwidXNlcklkIjoidXNlci1pMTcwYmpuNnciLCJpYXQiOjE3NzU2NDg0NDMsImV4cCI6MTc3ODI0MDQ0M30.ONL1EKYODouIrenVd7vAutkz5FQn-_AaEIgRRo8Edyw','2026-05-08T11:40:43.227Z','2026-04-08 11:40:43');
INSERT INTO "sessions" ("id","user_id","refresh_token","expires_at","created_at") VALUES('4425e4eb-aab0-429d-837f-f2077b018309','user-i170bjn6w','eyJhbGciOiJIUzI1NiJ9.eyJ0b2tlbklkIjoiNDQyNWU0ZWItYWFiMC00MjlkLTgzN2YtZjIwNzdiMDE4MzA5IiwidXNlcklkIjoidXNlci1pMTcwYmpuNnciLCJpYXQiOjE3NzU2NDg0NDQsImV4cCI6MTc3ODI0MDQ0NH0.hMBHv8CC0PwdnS1YHJ4nhSwl0R6AgIvaVYhyZKRlPWM','2026-05-08T11:40:44.534Z','2026-04-08 11:40:44');
INSERT INTO "sessions" ("id","user_id","refresh_token","expires_at","created_at") VALUES('8358daf6-c72a-4d21-af78-cab5eb1eb62e','user-i170bjn6w','eyJhbGciOiJIUzI1NiJ9.eyJ0b2tlbklkIjoiODM1OGRhZjYtYzcyYS00ZDIxLWFmNzgtY2FiNWViMWViNjJlIiwidXNlcklkIjoidXNlci1pMTcwYmpuNnciLCJpYXQiOjE3NzU2NDg0NDUsImV4cCI6MTc3ODI0MDQ0NX0.dRRnYhp_1D2Zm7MujE-6MjMPGsaOd0NG6ujQFMoxEeY','2026-05-08T11:40:45.840Z','2026-04-08 11:40:45');
INSERT INTO "sessions" ("id","user_id","refresh_token","expires_at","created_at") VALUES('3b21c33b-d35c-4649-8070-7bf5679cd852','user-i170bjn6w','eyJhbGciOiJIUzI1NiJ9.eyJ0b2tlbklkIjoiM2IyMWMzM2ItZDM1Yy00NjQ5LTgwNzAtN2JmNTY3OWNkODUyIiwidXNlcklkIjoidXNlci1pMTcwYmpuNnciLCJpYXQiOjE3NzU2NDg0NDcsImV4cCI6MTc3ODI0MDQ0N30.yArSzRA3tw9qFZVd8GkvLblkqLvtxzS8-rJj-H5qDLQ','2026-05-08T11:40:47.135Z','2026-04-08 11:40:47');
INSERT INTO "sessions" ("id","user_id","refresh_token","expires_at","created_at") VALUES('c75f688a-d375-42d2-a78f-0c3de2bf7556','user-i170bjn6w','eyJhbGciOiJIUzI1NiJ9.eyJ0b2tlbklkIjoiYzc1ZjY4OGEtZDM3NS00MmQyLWE3OGYtMGMzZGUyYmY3NTU2IiwidXNlcklkIjoidXNlci1pMTcwYmpuNnciLCJpYXQiOjE3NzU2NDg0NDksImV4cCI6MTc3ODI0MDQ0OX0._ORDMOAcjxan1Z96Z401w7zu-m5AviS1lCXTXybP0P0','2026-05-08T11:40:49.707Z','2026-04-08 11:40:49');
INSERT INTO "sessions" ("id","user_id","refresh_token","expires_at","created_at") VALUES('e1503e73-a84a-4f40-9aa0-63a2eaafbc05','user-i170bjn6w','eyJhbGciOiJIUzI1NiJ9.eyJ0b2tlbklkIjoiZTE1MDNlNzMtYTg0YS00ZjQwLTlhYTAtNjNhMmVhYWZiYzA1IiwidXNlcklkIjoidXNlci1pMTcwYmpuNnciLCJpYXQiOjE3NzU2NDg0NTAsImV4cCI6MTc3ODI0MDQ1MH0.11hrcriixbYl7DImxHBrGhQXdXieV7ICJ35Ce4Uto_4','2026-05-08T11:40:50.910Z','2026-04-08 11:40:50');
INSERT INTO "sessions" ("id","user_id","refresh_token","expires_at","created_at") VALUES('bc07ce6f-270a-4f71-8947-930b9ab35718','user-i170bjn6w','eyJhbGciOiJIUzI1NiJ9.eyJ0b2tlbklkIjoiYmMwN2NlNmYtMjcwYS00ZjcxLTg5NDctOTMwYjlhYjM1NzE4IiwidXNlcklkIjoidXNlci1pMTcwYmpuNnciLCJpYXQiOjE3NzU2NDg0NTEsImV4cCI6MTc3ODI0MDQ1MX0.Dfmsei65jIoe96EWFieYeYJl2i2NJmLmGBdzkADUgH0','2026-05-08T11:40:51.969Z','2026-04-08 11:40:52');
INSERT INTO "sessions" ("id","user_id","refresh_token","expires_at","created_at") VALUES('0823eda2-10e4-44af-ae25-57178642973c','user-i170bjn6w','eyJhbGciOiJIUzI1NiJ9.eyJ0b2tlbklkIjoiMDgyM2VkYTItMTBlNC00NGFmLWFlMjUtNTcxNzg2NDI5NzNjIiwidXNlcklkIjoidXNlci1pMTcwYmpuNnciLCJpYXQiOjE3NzU2NDg0NTMsImV4cCI6MTc3ODI0MDQ1M30.03IL67SgAE49amb4MfVm4br_jxBzaN9PedLyO2p5blQ','2026-05-08T11:40:53.014Z','2026-04-08 11:40:53');
INSERT INTO "sessions" ("id","user_id","refresh_token","expires_at","created_at") VALUES('99edecef-d4cd-4969-a9e4-e277423616ed','user-i170bjn6w','eyJhbGciOiJIUzI1NiJ9.eyJ0b2tlbklkIjoiOTllZGVjZWYtZDRjZC00OTY5LWE5ZTQtZTI3NzQyMzYxNmVkIiwidXNlcklkIjoidXNlci1pMTcwYmpuNnciLCJpYXQiOjE3NzU2NDg0NTQsImV4cCI6MTc3ODI0MDQ1NH0.jzeJmOMDi26pW7-2yVrDVx7n1xE3rmdAKtYshzXx5Wk','2026-05-08T11:40:54.196Z','2026-04-08 11:40:54');
INSERT INTO "sessions" ("id","user_id","refresh_token","expires_at","created_at") VALUES('cd5bc88a-f36e-4cab-aa5f-2e42d1123a77','user-i170bjn6w','eyJhbGciOiJIUzI1NiJ9.eyJ0b2tlbklkIjoiY2Q1YmM4OGEtZjM2ZS00Y2FiLWFhNWYtMmU0MmQxMTIzYTc3IiwidXNlcklkIjoidXNlci1pMTcwYmpuNnciLCJpYXQiOjE3NzU2NDg0NTUsImV4cCI6MTc3ODI0MDQ1NX0.unR2SZS7b3VJHzen-mXpyx0jwXZ02Ps4mRPV3ci_ogU','2026-05-08T11:40:55.379Z','2026-04-08 11:40:55');
INSERT INTO "sessions" ("id","user_id","refresh_token","expires_at","created_at") VALUES('73a23029-d568-4c10-a14a-0ee93edc2374','user-i170bjn6w','eyJhbGciOiJIUzI1NiJ9.eyJ0b2tlbklkIjoiNzNhMjMwMjktZDU2OC00YzEwLWExNGEtMGVlOTNlZGMyMzc0IiwidXNlcklkIjoidXNlci1pMTcwYmpuNnciLCJpYXQiOjE3NzU2NDg0NTYsImV4cCI6MTc3ODI0MDQ1Nn0.3fchkmIdSFeDu5rYkLFf6lQyGXQFHxqqzqAzF4SunbY','2026-05-08T11:40:56.671Z','2026-04-08 11:40:56');
INSERT INTO "sessions" ("id","user_id","refresh_token","expires_at","created_at") VALUES('992cdd2d-92e4-40d9-9235-3fd0de8b4b29','user-i170bjn6w','eyJhbGciOiJIUzI1NiJ9.eyJ0b2tlbklkIjoiOTkyY2RkMmQtOTJlNC00MGQ5LTkyMzUtM2ZkMGRlOGI0YjI5IiwidXNlcklkIjoidXNlci1pMTcwYmpuNnciLCJpYXQiOjE3NzU2NDg0NTksImV4cCI6MTc3ODI0MDQ1OX0.ye9HF9IaxVh3d8cUGKvC_YD54eExLGU25dfTkykUgok','2026-05-08T11:40:59.035Z','2026-04-08 11:40:59');
INSERT INTO "sessions" ("id","user_id","refresh_token","expires_at","created_at") VALUES('16994185-5d83-4481-855d-dddaf34d6efb','user-i170bjn6w','eyJhbGciOiJIUzI1NiJ9.eyJ0b2tlbklkIjoiMTY5OTQxODUtNWQ4My00NDgxLTg1NWQtZGRkYWYzNGQ2ZWZiIiwidXNlcklkIjoidXNlci1pMTcwYmpuNnciLCJpYXQiOjE3NzU2NDg0NjAsImV4cCI6MTc3ODI0MDQ2MH0.Njxi55IZR3azVw0FZGyZ44mu2krHmbd-pW-HaLE6a54','2026-05-08T11:41:00.841Z','2026-04-08 11:41:00');
INSERT INTO "sessions" ("id","user_id","refresh_token","expires_at","created_at") VALUES('763f159e-4fee-4005-b593-604036a1f4e2','user-i170bjn6w','eyJhbGciOiJIUzI1NiJ9.eyJ0b2tlbklkIjoiNzYzZjE1OWUtNGZlZS00MDA1LWI1OTMtNjA0MDM2YTFmNGUyIiwidXNlcklkIjoidXNlci1pMTcwYmpuNnciLCJpYXQiOjE3NzU2OTk4ODYsImV4cCI6MTc3ODI5MTg4Nn0.dBBoB4Crd6P0DzO_ay0jyCBARX0qqpIMmc5gt6J5I3Y','2026-05-09T01:58:06.245Z','2026-04-09 01:58:06');
INSERT INTO "sessions" ("id","user_id","refresh_token","expires_at","created_at") VALUES('baf85bdc-3cab-4ebd-8200-99f319f5f53b','user-d8nru3xco','eyJhbGciOiJIUzI1NiJ9.eyJ0b2tlbklkIjoiYmFmODViZGMtM2NhYi00ZWJkLTgyMDAtOTlmMzE5ZjVmNTNiIiwidXNlcklkIjoidXNlci1kOG5ydTN4Y28iLCJpYXQiOjE3NzU2OTk4ODcsImV4cCI6MTc3ODI5MTg4N30.ty8XtOqLmS7bNLk5vuOMYCGYrwW5ZTbHsmwxbcY70hE','2026-05-09T01:58:07.136Z','2026-04-09 01:58:07');
INSERT INTO "sessions" ("id","user_id","refresh_token","expires_at","created_at") VALUES('3457136b-5f93-49de-92f8-7829ffd79e9d','user-i170bjn6w','eyJhbGciOiJIUzI1NiJ9.eyJ0b2tlbklkIjoiMzQ1NzEzNmItNWY5My00OWRlLTkyZjgtNzgyOWZmZDc5ZTlkIiwidXNlcklkIjoidXNlci1pMTcwYmpuNnciLCJpYXQiOjE3NzU2OTk4ODcsImV4cCI6MTc3ODI5MTg4N30.CwfPO7m3V14cnwMpZL5muKagRNbydhMuPnaeYoWYuJM','2026-05-09T01:58:07.969Z','2026-04-09 01:58:08');
INSERT INTO "sessions" ("id","user_id","refresh_token","expires_at","created_at") VALUES('4c4f1d9d-acda-4781-9de4-f829a84c4607','user-i170bjn6w','eyJhbGciOiJIUzI1NiJ9.eyJ0b2tlbklkIjoiNGM0ZjFkOWQtYWNkYS00NzgxLTlkZTQtZjgyOWE4NGM0NjA3IiwidXNlcklkIjoidXNlci1pMTcwYmpuNnciLCJpYXQiOjE3NzU2OTk4ODksImV4cCI6MTc3ODI5MTg4OX0.vmAPuFknvfkrODs8OddH8e84tPno-lOW7KhoBfMfDlk','2026-05-09T01:58:09.430Z','2026-04-09 01:58:09');
INSERT INTO "sessions" ("id","user_id","refresh_token","expires_at","created_at") VALUES('ee4b4e40-d652-40a8-8c35-8cc48390b649','user-i170bjn6w','eyJhbGciOiJIUzI1NiJ9.eyJ0b2tlbklkIjoiZWU0YjRlNDAtZDY1Mi00MGE4LThjMzUtOGNjNDgzOTBiNjQ5IiwidXNlcklkIjoidXNlci1pMTcwYmpuNnciLCJpYXQiOjE3NzU2OTk5ODEsImV4cCI6MTc3ODI5MTk4MX0.kdQClfIYEMjz2CLoMb-vrjV-tY5gG80uwthAyWCzOUo','2026-05-09T01:59:41.210Z','2026-04-09 01:59:41');
INSERT INTO "sessions" ("id","user_id","refresh_token","expires_at","created_at") VALUES('caac50c6-bb27-4b5a-8058-26083a79680b','user-d8nru3xco','eyJhbGciOiJIUzI1NiJ9.eyJ0b2tlbklkIjoiY2FhYzUwYzYtYmIyNy00YjVhLTgwNTgtMjYwODNhNzk2ODBiIiwidXNlcklkIjoidXNlci1kOG5ydTN4Y28iLCJpYXQiOjE3NzU2OTk5ODEsImV4cCI6MTc3ODI5MTk4MX0._snzXiD8co0Ii58aPrBJ8Jgh0ekE7SbiCw1i13Nqnuw','2026-05-09T01:59:41.955Z','2026-04-09 01:59:42');
INSERT INTO "sessions" ("id","user_id","refresh_token","expires_at","created_at") VALUES('d5c7e4a7-403e-42ba-bb0c-8a64fe0b3fc4','user-i170bjn6w','eyJhbGciOiJIUzI1NiJ9.eyJ0b2tlbklkIjoiZDVjN2U0YTctNDAzZS00MmJhLWJiMGMtOGE2NGZlMGIzZmM0IiwidXNlcklkIjoidXNlci1pMTcwYmpuNnciLCJpYXQiOjE3NzU2OTk5ODIsImV4cCI6MTc3ODI5MTk4Mn0.VHa38kJFSrbnDQyd83GpDqx8lKqLx7pvDNuh0yrUpv4','2026-05-09T01:59:42.684Z','2026-04-09 01:59:42');
INSERT INTO "sessions" ("id","user_id","refresh_token","expires_at","created_at") VALUES('06e571a4-2f89-4c62-9e15-d754da6121f0','user-i170bjn6w','eyJhbGciOiJIUzI1NiJ9.eyJ0b2tlbklkIjoiMDZlNTcxYTQtMmY4OS00YzYyLTllMTUtZDc1NGRhNjEyMWYwIiwidXNlcklkIjoidXNlci1pMTcwYmpuNnciLCJpYXQiOjE3NzU2OTk5ODgsImV4cCI6MTc3ODI5MTk4OH0.7NoVlwfQEinDQphVP8KNA1IMbrzjQEBU8MuwE2QQeGI','2026-05-09T01:59:48.093Z','2026-04-09 01:59:48');
INSERT INTO "sessions" ("id","user_id","refresh_token","expires_at","created_at") VALUES('3c4b1d49-6f3f-4da1-9016-93e2154aac53','user-i170bjn6w','eyJhbGciOiJIUzI1NiJ9.eyJ0b2tlbklkIjoiM2M0YjFkNDktNmYzZi00ZGExLTkwMTYtOTNlMjE1NGFhYzUzIiwidXNlcklkIjoidXNlci1pMTcwYmpuNnciLCJpYXQiOjE3NzU3MDAwMTgsImV4cCI6MTc3ODI5MjAxOH0.0Q1ZVfsA4TJEr3p9tIj2Kl-wAx3yRtHjAMGeh9tqReY','2026-05-09T02:00:18.238Z','2026-04-09 02:00:18');
INSERT INTO "sessions" ("id","user_id","refresh_token","expires_at","created_at") VALUES('21b8ed4d-fcee-43f0-8096-31a5a1fb63ff','user-i170bjn6w','eyJhbGciOiJIUzI1NiJ9.eyJ0b2tlbklkIjoiMjFiOGVkNGQtZmNlZS00M2YwLTgwOTYtMzFhNWExZmI2M2ZmIiwidXNlcklkIjoidXNlci1pMTcwYmpuNnciLCJpYXQiOjE3NzU3MDAwMzgsImV4cCI6MTc3ODI5MjAzOH0.ta1-jSJj4Lc5b78I9cjx94NagSvmbIsZTdBRAaP5uto','2026-05-09T02:00:38.817Z','2026-04-09 02:00:38');
INSERT INTO "sessions" ("id","user_id","refresh_token","expires_at","created_at") VALUES('1a79df9e-68b5-4bb9-8be8-2547562e8436','user-i170bjn6w','eyJhbGciOiJIUzI1NiJ9.eyJ0b2tlbklkIjoiMWE3OWRmOWUtNjhiNS00YmI5LThiZTgtMjU0NzU2MmU4NDM2IiwidXNlcklkIjoidXNlci1pMTcwYmpuNnciLCJpYXQiOjE3NzU3MDAwODYsImV4cCI6MTc3ODI5MjA4Nn0.t4QH8XE17ECv0a_IL5NucLb5lUmRHhBTlBvvP5b0TlE','2026-05-09T02:01:26.440Z','2026-04-09 02:01:26');
INSERT INTO "sessions" ("id","user_id","refresh_token","expires_at","created_at") VALUES('1a3a9952-6718-4761-b526-c99f202df17a','user-i170bjn6w','eyJhbGciOiJIUzI1NiJ9.eyJ0b2tlbklkIjoiMWEzYTk5NTItNjcxOC00NzYxLWI1MjYtYzk5ZjIwMmRmMTdhIiwidXNlcklkIjoidXNlci1pMTcwYmpuNnciLCJpYXQiOjE3NzU3MDAxMzIsImV4cCI6MTc3ODI5MjEzMn0.4xwrrV0m5GnwbRv-0VEVG1Qzzmc_pxtE-EUe_dMaOXk','2026-05-09T02:02:12.157Z','2026-04-09 02:02:12');
INSERT INTO "sessions" ("id","user_id","refresh_token","expires_at","created_at") VALUES('62745020-0cfd-406b-9ba0-deec8002f360','user-d8nru3xco','eyJhbGciOiJIUzI1NiJ9.eyJ0b2tlbklkIjoiNjI3NDUwMjAtMGNmZC00MDZiLTliYTAtZGVlYzgwMDJmMzYwIiwidXNlcklkIjoidXNlci1kOG5ydTN4Y28iLCJpYXQiOjE3NzU3MDAxMzIsImV4cCI6MTc3ODI5MjEzMn0.Xt_Zj1AKugggyo-erZcTXoFOTTSeOGV3FxD18QJrcts','2026-05-09T02:02:12.923Z','2026-04-09 02:02:12');
INSERT INTO "sessions" ("id","user_id","refresh_token","expires_at","created_at") VALUES('dd7ae76f-8231-46bd-9308-7bf9d010d26f','user-i170bjn6w','eyJhbGciOiJIUzI1NiJ9.eyJ0b2tlbklkIjoiZGQ3YWU3NmYtODIzMS00NmJkLTkzMDgtN2JmOWQwMTBkMjZmIiwidXNlcklkIjoidXNlci1pMTcwYmpuNnciLCJpYXQiOjE3NzU3MDAxMzMsImV4cCI6MTc3ODI5MjEzM30.AtUMdGwKMfs9m38QjJKZ6Uee72JiHPhqocS_N3InMms','2026-05-09T02:02:13.675Z','2026-04-09 02:02:13');
INSERT INTO "sessions" ("id","user_id","refresh_token","expires_at","created_at") VALUES('e41c3dbd-9baf-47d9-b753-9f2ea6c14fa7','user-i170bjn6w','eyJhbGciOiJIUzI1NiJ9.eyJ0b2tlbklkIjoiZTQxYzNkYmQtOWJhZi00N2Q5LWI3NTMtOWYyZWE2YzE0ZmE3IiwidXNlcklkIjoidXNlci1pMTcwYmpuNnciLCJpYXQiOjE3NzU3MDAxMzUsImV4cCI6MTc3ODI5MjEzNX0.VcASbykbycDs5WHHtSRR7k3662jQ4PEQU3NTlLI7Ark','2026-05-09T02:02:15.109Z','2026-04-09 02:02:15');
INSERT INTO "sessions" ("id","user_id","refresh_token","expires_at","created_at") VALUES('0b056c8a-3099-4ec5-99c6-7ec1b6a07208','user-i170bjn6w','eyJhbGciOiJIUzI1NiJ9.eyJ0b2tlbklkIjoiMGIwNTZjOGEtMzA5OS00ZWM1LTk5YzYtN2VjMWI2YTA3MjA4IiwidXNlcklkIjoidXNlci1pMTcwYmpuNnciLCJpYXQiOjE3NzU3MDAzOTQsImV4cCI6MTc3ODI5MjM5NH0.znBkGZLFDrRksqx5tjgfF7OVv9Bz8Vc7gmGJQSU65JY','2026-05-09T02:06:34.551Z','2026-04-09 02:06:34');
INSERT INTO "sessions" ("id","user_id","refresh_token","expires_at","created_at") VALUES('a9cc199b-ee1c-4ba5-b51a-9635bd4a7881','user-d8nru3xco','eyJhbGciOiJIUzI1NiJ9.eyJ0b2tlbklkIjoiYTljYzE5OWItZWUxYy00YmE1LWI1MWEtOTYzNWJkNGE3ODgxIiwidXNlcklkIjoidXNlci1kOG5ydTN4Y28iLCJpYXQiOjE3NzU3MDAzOTUsImV4cCI6MTc3ODI5MjM5NX0.NlfIpNeDT59-hnhNJUKR_Ezi7rmZtkA7bO5FH_FniBI','2026-05-09T02:06:35.464Z','2026-04-09 02:06:35');
INSERT INTO "sessions" ("id","user_id","refresh_token","expires_at","created_at") VALUES('c3edb7ed-17fb-4036-9b00-b86bdd091e37','user-i170bjn6w','eyJhbGciOiJIUzI1NiJ9.eyJ0b2tlbklkIjoiYzNlZGI3ZWQtMTdmYi00MDM2LTliMDAtYjg2YmRkMDkxZTM3IiwidXNlcklkIjoidXNlci1pMTcwYmpuNnciLCJpYXQiOjE3NzU3MDAzOTYsImV4cCI6MTc3ODI5MjM5Nn0.uMJR9249l9ROSUC-gp3ZguVDkCG4SsRXajafvuz4niE','2026-05-09T02:06:36.222Z','2026-04-09 02:06:36');
INSERT INTO "sessions" ("id","user_id","refresh_token","expires_at","created_at") VALUES('e6fc158c-6d2b-4d39-b5b6-35209bdeae56','user-i170bjn6w','eyJhbGciOiJIUzI1NiJ9.eyJ0b2tlbklkIjoiZTZmYzE1OGMtNmQyYi00ZDM5LWI1YjYtMzUyMDliZGVhZTU2IiwidXNlcklkIjoidXNlci1pMTcwYmpuNnciLCJpYXQiOjE3NzU3MDAzOTcsImV4cCI6MTc3ODI5MjM5N30.AhOP0LR3O0qzRVdbqGUZzgF9aam8MP0NBZTeRILyN3M','2026-05-09T02:06:37.638Z','2026-04-09 02:06:37');
INSERT INTO "sessions" ("id","user_id","refresh_token","expires_at","created_at") VALUES('b8ff090a-a4a8-4691-bc0b-92ee93c4900e','user-i170bjn6w','eyJhbGciOiJIUzI1NiJ9.eyJ0b2tlbklkIjoiYjhmZjA5MGEtYTRhOC00NjkxLWJjMGItOTJlZTkzYzQ5MDBlIiwidXNlcklkIjoidXNlci1pMTcwYmpuNnciLCJpYXQiOjE3NzU3MDA0ODcsImV4cCI6MTc3ODI5MjQ4N30.zuAX19C7DCA4XiZsnwHVNCkoXxXfyJ3uqrtVRsw6hsM','2026-05-09T02:08:07.007Z','2026-04-09 02:08:07');
INSERT INTO "sessions" ("id","user_id","refresh_token","expires_at","created_at") VALUES('ec89adb0-edd5-4bbc-b08d-d61043d99f59','user-d8nru3xco','eyJhbGciOiJIUzI1NiJ9.eyJ0b2tlbklkIjoiZWM4OWFkYjAtZWRkNS00YmJjLWIwOGQtZDYxMDQzZDk5ZjU5IiwidXNlcklkIjoidXNlci1kOG5ydTN4Y28iLCJpYXQiOjE3NzU3MDA0ODcsImV4cCI6MTc3ODI5MjQ4N30.ADN_MN7-F0WoXEHEGPG1DtCHgOHr8NeIgj4WGu3B-q8','2026-05-09T02:08:07.878Z','2026-04-09 02:08:07');
INSERT INTO "sessions" ("id","user_id","refresh_token","expires_at","created_at") VALUES('7b329525-8e15-4022-bc83-587c315d064d','user-i170bjn6w','eyJhbGciOiJIUzI1NiJ9.eyJ0b2tlbklkIjoiN2IzMjk1MjUtOGUxNS00MDIyLWJjODMtNTg3YzMxNWQwNjRkIiwidXNlcklkIjoidXNlci1pMTcwYmpuNnciLCJpYXQiOjE3NzU3MDA0ODgsImV4cCI6MTc3ODI5MjQ4OH0.99K4SkYcNGZwfsGeBoonkz7dU4VEgILOJCopGApMBRY','2026-05-09T02:08:08.608Z','2026-04-09 02:08:08');
INSERT INTO "sessions" ("id","user_id","refresh_token","expires_at","created_at") VALUES('7165b774-7e94-4135-b6bb-6be3eaa57147','user-i170bjn6w','eyJhbGciOiJIUzI1NiJ9.eyJ0b2tlbklkIjoiNzE2NWI3NzQtN2U5NC00MTM1LWI2YmItNmJlM2VhYTU3MTQ3IiwidXNlcklkIjoidXNlci1pMTcwYmpuNnciLCJpYXQiOjE3NzU3MDA0OTAsImV4cCI6MTc3ODI5MjQ5MH0.yO0gsT36f7ntrj7Xl2Q0D3xb7hHqk2XlAH5UB5Z2H18','2026-05-09T02:08:10.040Z','2026-04-09 02:08:10');
INSERT INTO "sessions" ("id","user_id","refresh_token","expires_at","created_at") VALUES('1f0d7e61-f593-46f1-86d1-71a1801d8a2c','user-i170bjn6w','eyJhbGciOiJIUzI1NiJ9.eyJ0b2tlbklkIjoiMWYwZDdlNjEtZjU5My00NmYxLTg2ZDEtNzFhMTgwMWQ4YTJjIiwidXNlcklkIjoidXNlci1pMTcwYmpuNnciLCJpYXQiOjE3NzU3MDA2MTMsImV4cCI6MTc3ODI5MjYxM30.axo2yAE9qaqBodp42R9R5lqCzrPpjoR5NDGukXbo0CY','2026-05-09T02:10:13.488Z','2026-04-09 02:10:13');
INSERT INTO "sessions" ("id","user_id","refresh_token","expires_at","created_at") VALUES('a23449e3-5e65-4dec-a180-5ad29807732a','user-d8nru3xco','eyJhbGciOiJIUzI1NiJ9.eyJ0b2tlbklkIjoiYTIzNDQ5ZTMtNWU2NS00ZGVjLWExODAtNWFkMjk4MDc3MzJhIiwidXNlcklkIjoidXNlci1kOG5ydTN4Y28iLCJpYXQiOjE3NzU3MDA2MTQsImV4cCI6MTc3ODI5MjYxNH0.BLAxxIKfLS3-lhSpFBbiq2BO-8g6p_Zs_2dZPBBd__k','2026-05-09T02:10:14.234Z','2026-04-09 02:10:14');
INSERT INTO "sessions" ("id","user_id","refresh_token","expires_at","created_at") VALUES('47c566c8-0cfa-41be-b0d2-298760f8f365','user-i170bjn6w','eyJhbGciOiJIUzI1NiJ9.eyJ0b2tlbklkIjoiNDdjNTY2YzgtMGNmYS00MWJlLWIwZDItMjk4NzYwZjhmMzY1IiwidXNlcklkIjoidXNlci1pMTcwYmpuNnciLCJpYXQiOjE3NzU3MDA2MTQsImV4cCI6MTc3ODI5MjYxNH0.T_Agi0e8ht9xUJIXOXnuaIAAFmElCYl0ouqx-2YXYyM','2026-05-09T02:10:14.982Z','2026-04-09 02:10:15');
INSERT INTO "sessions" ("id","user_id","refresh_token","expires_at","created_at") VALUES('d06716ad-141d-4295-bcfb-421eff8913a4','user-i170bjn6w','eyJhbGciOiJIUzI1NiJ9.eyJ0b2tlbklkIjoiZDA2NzE2YWQtMTQxZC00Mjk1LWJjZmItNDIxZWZmODkxM2E0IiwidXNlcklkIjoidXNlci1pMTcwYmpuNnciLCJpYXQiOjE3NzU3MDA2MTYsImV4cCI6MTc3ODI5MjYxNn0.mbPu1gCEmJAe2mMS2PTOMzDeG_jQKNiHdHlrzuNetWk','2026-05-09T02:10:16.397Z','2026-04-09 02:10:16');
INSERT INTO "sessions" ("id","user_id","refresh_token","expires_at","created_at") VALUES('f2b74d3a-6589-434d-85a5-467f26c59099','user-i170bjn6w','eyJhbGciOiJIUzI1NiJ9.eyJ0b2tlbklkIjoiZjJiNzRkM2EtNjU4OS00MzRkLTg1YTUtNDY3ZjI2YzU5MDk5IiwidXNlcklkIjoidXNlci1pMTcwYmpuNnciLCJpYXQiOjE3NzU3MDA2MTksImV4cCI6MTc3ODI5MjYxOX0.p6HLFxWwv8lxBQWuROHPTZbGxafOEyotxCy7hgMFZbA','2026-05-09T02:10:19.963Z','2026-04-09 02:10:20');
INSERT INTO "sessions" ("id","user_id","refresh_token","expires_at","created_at") VALUES('69d7c348-bfa8-4140-abf2-124633dc012f','user-i170bjn6w','eyJhbGciOiJIUzI1NiJ9.eyJ0b2tlbklkIjoiNjlkN2MzNDgtYmZhOC00MTQwLWFiZjItMTI0NjMzZGMwMTJmIiwidXNlcklkIjoidXNlci1pMTcwYmpuNnciLCJpYXQiOjE3NzU3MDA3NTQsImV4cCI6MTc3ODI5Mjc1NH0.2hQ6W7-0JAWfnCpTJfuAVSckPXryEdlWhr13gk58d0c','2026-05-09T02:12:34.303Z','2026-04-09 02:12:34');
INSERT INTO "sessions" ("id","user_id","refresh_token","expires_at","created_at") VALUES('839690fe-ff4f-4222-b3f2-f12cb51cac9e','user-i170bjn6w','eyJhbGciOiJIUzI1NiJ9.eyJ0b2tlbklkIjoiODM5NjkwZmUtZmY0Zi00MjIyLWIzZjItZjEyY2I1MWNhYzllIiwidXNlcklkIjoidXNlci1pMTcwYmpuNnciLCJpYXQiOjE3NzU3MDE2MjksImV4cCI6MTc3ODI5MzYyOX0.fMg0SxnWA_EzBtxxufyjlva_DxZ0kVHIrDmJw8XjOjk','2026-05-09T02:27:09.789Z','2026-04-09 02:27:09');
INSERT INTO "sessions" ("id","user_id","refresh_token","expires_at","created_at") VALUES('84cbcfa5-359a-4763-b5cd-32a913b3bb0f','user-i170bjn6w','eyJhbGciOiJIUzI1NiJ9.eyJ0b2tlbklkIjoiODRjYmNmYTUtMzU5YS00NzYzLWI1Y2QtMzJhOTEzYjNiYjBmIiwidXNlcklkIjoidXNlci1pMTcwYmpuNnciLCJpYXQiOjE3NzU3MDE4MjcsImV4cCI6MTc3ODI5MzgyN30.dDsBoQa63vvykw0sxYg4a_4OQqeehW6w27ySRuj-kNI','2026-05-09T02:30:27.039Z','2026-04-09 02:30:27');
INSERT INTO "sessions" ("id","user_id","refresh_token","expires_at","created_at") VALUES('6e1621e3-ca36-4fa8-ba5a-bd0efc878960','user-i170bjn6w','eyJhbGciOiJIUzI1NiJ9.eyJ0b2tlbklkIjoiNmUxNjIxZTMtY2EzNi00ZmE4LWJhNWEtYmQwZWZjODc4OTYwIiwidXNlcklkIjoidXNlci1pMTcwYmpuNnciLCJpYXQiOjE3NzU3MDE4NzMsImV4cCI6MTc3ODI5Mzg3M30.c1PE-NqhEkaW5_YLKQcYAWihD6wB8X1xKZwsFB4ZAIs','2026-05-09T02:31:13.959Z','2026-04-09 02:31:14');
INSERT INTO "sessions" ("id","user_id","refresh_token","expires_at","created_at") VALUES('bb73b6dc-00da-4c6d-b9bf-5ee102138bd3','user-i170bjn6w','eyJhbGciOiJIUzI1NiJ9.eyJ0b2tlbklkIjoiYmI3M2I2ZGMtMDBkYS00YzZkLWI5YmYtNWVlMTAyMTM4YmQzIiwidXNlcklkIjoidXNlci1pMTcwYmpuNnciLCJpYXQiOjE3NzU3MDE4ODIsImV4cCI6MTc3ODI5Mzg4Mn0.c5GXUNY4-IwYmUts0KkjXCsWmOP2C62RvXNrZY1ekbc','2026-05-09T02:31:22.443Z','2026-04-09 02:31:22');
INSERT INTO "sessions" ("id","user_id","refresh_token","expires_at","created_at") VALUES('1d92770b-f8f1-4f45-9f2a-edcee98235d4','user-i170bjn6w','eyJhbGciOiJIUzI1NiJ9.eyJ0b2tlbklkIjoiMWQ5Mjc3MGItZjhmMS00ZjQ1LTlmMmEtZWRjZWU5ODIzNWQ0IiwidXNlcklkIjoidXNlci1pMTcwYmpuNnciLCJpYXQiOjE3NzU3MDIwNDcsImV4cCI6MTc3ODI5NDA0N30.86WIjvwGAOWY6WfC7fUsF91_5R282lB0UlpHbB4Yk2g','2026-05-09T02:34:07.436Z','2026-04-09 02:34:07');
INSERT INTO "sessions" ("id","user_id","refresh_token","expires_at","created_at") VALUES('49208d54-81f7-443b-9267-cee5529d3f9d','user-i170bjn6w','eyJhbGciOiJIUzI1NiJ9.eyJ0b2tlbklkIjoiNDkyMDhkNTQtODFmNy00NDNiLTkyNjctY2VlNTUyOWQzZjlkIiwidXNlcklkIjoidXNlci1pMTcwYmpuNnciLCJpYXQiOjE3NzU3MDIwNDgsImV4cCI6MTc3ODI5NDA0OH0.Zeqyq1NVmV38GBqCA4_TIdDVy_ZHURxxw3oLWDWOXLA','2026-05-09T02:34:08.689Z','2026-04-09 02:34:08');
INSERT INTO "sessions" ("id","user_id","refresh_token","expires_at","created_at") VALUES('4123814c-3878-4218-86e6-e3343450ff2e','user-i170bjn6w','eyJhbGciOiJIUzI1NiJ9.eyJ0b2tlbklkIjoiNDEyMzgxNGMtMzg3OC00MjE4LTg2ZTYtZTMzNDM0NTBmZjJlIiwidXNlcklkIjoidXNlci1pMTcwYmpuNnciLCJpYXQiOjE3NzU3MDIwNDksImV4cCI6MTc3ODI5NDA0OX0.h2OYSL83VYSavmgdMSyGA-4soKeU7iaEq42iI_SI9AA','2026-05-09T02:34:09.773Z','2026-04-09 02:34:09');
INSERT INTO "sessions" ("id","user_id","refresh_token","expires_at","created_at") VALUES('32d79efa-bad6-4247-90f9-5dcd16a0266f','user-i170bjn6w','eyJhbGciOiJIUzI1NiJ9.eyJ0b2tlbklkIjoiMzJkNzllZmEtYmFkNi00MjQ3LTkwZjktNWRjZDE2YTAyNjZmIiwidXNlcklkIjoidXNlci1pMTcwYmpuNnciLCJpYXQiOjE3NzU3MDIwNTAsImV4cCI6MTc3ODI5NDA1MH0.9R4v4MHdtoZlJPhSy2yioe5nt6hZFFN-lwrviKSM4DM','2026-05-09T02:34:10.885Z','2026-04-09 02:34:10');
INSERT INTO "sessions" ("id","user_id","refresh_token","expires_at","created_at") VALUES('0dd447b7-9ef1-48b1-b6f6-e3d9283f70a4','user-i170bjn6w','eyJhbGciOiJIUzI1NiJ9.eyJ0b2tlbklkIjoiMGRkNDQ3YjctOWVmMS00OGIxLWI2ZjYtZTNkOTI4M2Y3MGE0IiwidXNlcklkIjoidXNlci1pMTcwYmpuNnciLCJpYXQiOjE3NzU3MDIwNTIsImV4cCI6MTc3ODI5NDA1Mn0.ucJWnUGt276n_wXWcQmfO0NiL1VguiolccHhfIw8GHI','2026-05-09T02:34:12.120Z','2026-04-09 02:34:12');
INSERT INTO "sessions" ("id","user_id","refresh_token","expires_at","created_at") VALUES('76b0da65-a5d9-4f71-972d-f4fdad46ec5f','user-i170bjn6w','eyJhbGciOiJIUzI1NiJ9.eyJ0b2tlbklkIjoiNzZiMGRhNjUtYTVkOS00ZjcxLTk3MmQtZjRmZGFkNDZlYzVmIiwidXNlcklkIjoidXNlci1pMTcwYmpuNnciLCJpYXQiOjE3NzU3MDIwNTMsImV4cCI6MTc3ODI5NDA1M30.Dr_AnyEi-1xW7-IRvCuOZ_qHeFXdvqinp1dN9kRf8C0','2026-05-09T02:34:13.350Z','2026-04-09 02:34:13');
INSERT INTO "sessions" ("id","user_id","refresh_token","expires_at","created_at") VALUES('46ab44f3-91ba-4bee-a2a9-687768880081','user-i170bjn6w','eyJhbGciOiJIUzI1NiJ9.eyJ0b2tlbklkIjoiNDZhYjQ0ZjMtOTFiYS00YmVlLWEyYTktNjg3NzY4ODgwMDgxIiwidXNlcklkIjoidXNlci1pMTcwYmpuNnciLCJpYXQiOjE3NzU3MDIwNTQsImV4cCI6MTc3ODI5NDA1NH0.f-oh_7ABNsQ-gVnaOFxSjb2wE87bnBsPFaUsZ1G3aIA','2026-05-09T02:34:14.457Z','2026-04-09 02:34:14');
INSERT INTO "sessions" ("id","user_id","refresh_token","expires_at","created_at") VALUES('3c26a08c-ce9a-4253-bd8f-7bbe42c94d4b','user-i170bjn6w','eyJhbGciOiJIUzI1NiJ9.eyJ0b2tlbklkIjoiM2MyNmEwOGMtY2U5YS00MjUzLWJkOGYtN2JiZTQyYzk0ZDRiIiwidXNlcklkIjoidXNlci1pMTcwYmpuNnciLCJpYXQiOjE3NzU3MDIwNTUsImV4cCI6MTc3ODI5NDA1NX0.RkwKZyjX_j9imuTgpBsrzK3u9GWJgghWpngVpcYP8ck','2026-05-09T02:34:15.692Z','2026-04-09 02:34:15');
INSERT INTO "sessions" ("id","user_id","refresh_token","expires_at","created_at") VALUES('1099f6e8-8acb-47d2-8d24-29bc8d6b102c','user-i170bjn6w','eyJhbGciOiJIUzI1NiJ9.eyJ0b2tlbklkIjoiMTA5OWY2ZTgtOGFjYi00N2QyLThkMjQtMjliYzhkNmIxMDJjIiwidXNlcklkIjoidXNlci1pMTcwYmpuNnciLCJpYXQiOjE3NzU3MDIwNTcsImV4cCI6MTc3ODI5NDA1N30.PTm6CQBETXQNyCcAymjBfMhPfzl0Y8JjX54IPZ31J0g','2026-05-09T02:34:17.067Z','2026-04-09 02:34:17');
INSERT INTO "sessions" ("id","user_id","refresh_token","expires_at","created_at") VALUES('afaa05b8-2981-4561-9c3b-e4262b30bbf1','user-i170bjn6w','eyJhbGciOiJIUzI1NiJ9.eyJ0b2tlbklkIjoiYWZhYTA1YjgtMjk4MS00NTYxLTljM2ItZTQyNjJiMzBiYmYxIiwidXNlcklkIjoidXNlci1pMTcwYmpuNnciLCJpYXQiOjE3NzU3MDIwNTgsImV4cCI6MTc3ODI5NDA1OH0.OCKcF0fCEO0-CwaJEjHh_7ic2R73mjDp63pg8eSvvME','2026-05-09T02:34:18.280Z','2026-04-09 02:34:18');
INSERT INTO "sessions" ("id","user_id","refresh_token","expires_at","created_at") VALUES('a3b4d4e3-28df-443f-b9d8-db35b4ff8893','user-i170bjn6w','eyJhbGciOiJIUzI1NiJ9.eyJ0b2tlbklkIjoiYTNiNGQ0ZTMtMjhkZi00NDNmLWI5ZDgtZGIzNWI0ZmY4ODkzIiwidXNlcklkIjoidXNlci1pMTcwYmpuNnciLCJpYXQiOjE3NzU3MDIwNTksImV4cCI6MTc3ODI5NDA1OX0.JkJ1oQPwminQpMYQDU26h7QIp5Pkzsbr8TtuXz76uM4','2026-05-09T02:34:19.475Z','2026-04-09 02:34:19');
INSERT INTO "sessions" ("id","user_id","refresh_token","expires_at","created_at") VALUES('799aacaf-a5e6-4489-9efa-1083bd9f6bf9','user-i170bjn6w','eyJhbGciOiJIUzI1NiJ9.eyJ0b2tlbklkIjoiNzk5YWFjYWYtYTVlNi00NDg5LTllZmEtMTA4M2JkOWY2YmY5IiwidXNlcklkIjoidXNlci1pMTcwYmpuNnciLCJpYXQiOjE3NzU3MDIwNjAsImV4cCI6MTc3ODI5NDA2MH0._CDFSQq5P5IDyxs8Vt7z_c0fxrsnn6NC7MHsvJXr9ss','2026-05-09T02:34:20.586Z','2026-04-09 02:34:20');
INSERT INTO "sessions" ("id","user_id","refresh_token","expires_at","created_at") VALUES('3ed9c7b4-086a-4d02-bf32-2ffd3b995d7e','user-i170bjn6w','eyJhbGciOiJIUzI1NiJ9.eyJ0b2tlbklkIjoiM2VkOWM3YjQtMDg2YS00ZDAyLWJmMzItMmZmZDNiOTk1ZDdlIiwidXNlcklkIjoidXNlci1pMTcwYmpuNnciLCJpYXQiOjE3NzU3MDIwNjEsImV4cCI6MTc3ODI5NDA2MX0.vdXlrGjEIx9OUPsD1nP3vBZHCW_kWoVHVno2dwOYjyc','2026-05-09T02:34:21.670Z','2026-04-09 02:34:21');
INSERT INTO "sessions" ("id","user_id","refresh_token","expires_at","created_at") VALUES('4c1c6d35-4014-4819-96d5-ffec27df5743','user-i170bjn6w','eyJhbGciOiJIUzI1NiJ9.eyJ0b2tlbklkIjoiNGMxYzZkMzUtNDAxNC00ODE5LTk2ZDUtZmZlYzI3ZGY1NzQzIiwidXNlcklkIjoidXNlci1pMTcwYmpuNnciLCJpYXQiOjE3NzU3MDIwNjIsImV4cCI6MTc3ODI5NDA2Mn0.06sE7o-e5eUU4aAFt8eADSnSEt3wRf9PFga6XpqIv18','2026-05-09T02:34:22.831Z','2026-04-09 02:34:22');
INSERT INTO "sessions" ("id","user_id","refresh_token","expires_at","created_at") VALUES('dbf1808c-b81c-49f6-80b6-2f9a9dad1246','user-i170bjn6w','eyJhbGciOiJIUzI1NiJ9.eyJ0b2tlbklkIjoiZGJmMTgwOGMtYjgxYy00OWY2LTgwYjYtMmY5YTlkYWQxMjQ2IiwidXNlcklkIjoidXNlci1pMTcwYmpuNnciLCJpYXQiOjE3NzU3MDIwNjgsImV4cCI6MTc3ODI5NDA2OH0.vCkP4NawhN4l8HEkJvC0-00GeiFjw9E2gNlE7h95Jc4','2026-05-09T02:34:28.022Z','2026-04-09 02:34:28');
INSERT INTO "sessions" ("id","user_id","refresh_token","expires_at","created_at") VALUES('d901b96a-d01e-4924-9bdd-c30d235a7e29','user-i170bjn6w','eyJhbGciOiJIUzI1NiJ9.eyJ0b2tlbklkIjoiZDkwMWI5NmEtZDAxZS00OTI0LTliZGQtYzMwZDIzNWE3ZTI5IiwidXNlcklkIjoidXNlci1pMTcwYmpuNnciLCJpYXQiOjE3NzU3MDIwNjksImV4cCI6MTc3ODI5NDA2OX0.sNJwNVEfixNU9zrNjeSMDEcf3Zju-uPcL5k3rmLW_3E','2026-05-09T02:34:29.169Z','2026-04-09 02:34:29');
INSERT INTO "sessions" ("id","user_id","refresh_token","expires_at","created_at") VALUES('7a516174-e5fc-4e52-94fb-64207de3ec79','user-i170bjn6w','eyJhbGciOiJIUzI1NiJ9.eyJ0b2tlbklkIjoiN2E1MTYxNzQtZTVmYy00ZTUyLTk0ZmItNjQyMDdkZTNlYzc5IiwidXNlcklkIjoidXNlci1pMTcwYmpuNnciLCJpYXQiOjE3NzU3MDIwNzAsImV4cCI6MTc3ODI5NDA3MH0.lHy78byCy6za2oZbtJeeG6yeF3yCHY0InN95BoeC9is','2026-05-09T02:34:30.392Z','2026-04-09 02:34:30');
INSERT INTO "sessions" ("id","user_id","refresh_token","expires_at","created_at") VALUES('8be59b19-8673-4799-a085-c10389fe2d5e','user-i170bjn6w','eyJhbGciOiJIUzI1NiJ9.eyJ0b2tlbklkIjoiOGJlNTliMTktODY3My00Nzk5LWEwODUtYzEwMzg5ZmUyZDVlIiwidXNlcklkIjoidXNlci1pMTcwYmpuNnciLCJpYXQiOjE3NzU3MDIwNzEsImV4cCI6MTc3ODI5NDA3MX0.6Ge6aBBnGtSBMyn2NHBr8lEB68naVL7gJFAbEI6_enA','2026-05-09T02:34:31.479Z','2026-04-09 02:34:31');
INSERT INTO "sessions" ("id","user_id","refresh_token","expires_at","created_at") VALUES('37257f0c-8283-4a0d-b7b9-683e1dd00efa','user-i170bjn6w','eyJhbGciOiJIUzI1NiJ9.eyJ0b2tlbklkIjoiMzcyNTdmMGMtODI4My00YTBkLWI3YjktNjgzZTFkZDAwZWZhIiwidXNlcklkIjoidXNlci1pMTcwYmpuNnciLCJpYXQiOjE3NzU3MDIwNzYsImV4cCI6MTc3ODI5NDA3Nn0.5ZLTd77vSKbrF4zTuRYQPrgzaNJ1oRyL3DbI2zDPjdA','2026-05-09T02:34:36.743Z','2026-04-09 02:34:36');
INSERT INTO "sessions" ("id","user_id","refresh_token","expires_at","created_at") VALUES('9698e5ba-87bf-495f-ab3a-a0291799f403','user-i170bjn6w','eyJhbGciOiJIUzI1NiJ9.eyJ0b2tlbklkIjoiOTY5OGU1YmEtODdiZi00OTVmLWFiM2EtYTAyOTE3OTlmNDAzIiwidXNlcklkIjoidXNlci1pMTcwYmpuNnciLCJpYXQiOjE3NzU3MDIwNzcsImV4cCI6MTc3ODI5NDA3N30.DhFsg6VvArdSFzjRLT_1x3z7TO3ryKS89BXEaP5V9tw','2026-05-09T02:34:37.895Z','2026-04-09 02:34:37');
INSERT INTO "sessions" ("id","user_id","refresh_token","expires_at","created_at") VALUES('ccd88631-6a16-43a7-8bf3-75da1788d608','user-i170bjn6w','eyJhbGciOiJIUzI1NiJ9.eyJ0b2tlbklkIjoiY2NkODg2MzEtNmExNi00M2E3LThiZjMtNzVkYTE3ODhkNjA4IiwidXNlcklkIjoidXNlci1pMTcwYmpuNnciLCJpYXQiOjE3NzU3MDIwNzksImV4cCI6MTc3ODI5NDA3OX0.y_2D7gqHHefSIlQZTMM4ujCFaFkJGk5s-NORQzkkfv8','2026-05-09T02:34:39.032Z','2026-04-09 02:34:39');
INSERT INTO "sessions" ("id","user_id","refresh_token","expires_at","created_at") VALUES('3e9e5534-7c86-4c59-9eef-a4c422464626','user-i170bjn6w','eyJhbGciOiJIUzI1NiJ9.eyJ0b2tlbklkIjoiM2U5ZTU1MzQtN2M4Ni00YzU5LTllZWYtYTRjNDIyNDY0NjI2IiwidXNlcklkIjoidXNlci1pMTcwYmpuNnciLCJpYXQiOjE3NzU3MDIwODAsImV4cCI6MTc3ODI5NDA4MH0.LOZZaT6ohS9pdw_fmPOGd5NiGtkRW4fH_Us_khOF4IE','2026-05-09T02:34:40.142Z','2026-04-09 02:34:40');
INSERT INTO "sessions" ("id","user_id","refresh_token","expires_at","created_at") VALUES('1f03b869-58a2-454a-8360-27c5ee407d9a','user-i170bjn6w','eyJhbGciOiJIUzI1NiJ9.eyJ0b2tlbklkIjoiMWYwM2I4NjktNThhMi00NTRhLTgzNjAtMjdjNWVlNDA3ZDlhIiwidXNlcklkIjoidXNlci1pMTcwYmpuNnciLCJpYXQiOjE3NzU3MDIwODIsImV4cCI6MTc3ODI5NDA4Mn0.KTl-zkKlQT-ls__idpLAsnoMwuOxywqgkEqqD3nX7_4','2026-05-09T02:34:42.308Z','2026-04-09 02:34:42');
INSERT INTO "sessions" ("id","user_id","refresh_token","expires_at","created_at") VALUES('5e728d09-95c3-4e52-86f6-ed0b4bb7c41a','user-i170bjn6w','eyJhbGciOiJIUzI1NiJ9.eyJ0b2tlbklkIjoiNWU3MjhkMDktOTVjMy00ZTUyLTg2ZjYtZWQwYjRiYjdjNDFhIiwidXNlcklkIjoidXNlci1pMTcwYmpuNnciLCJpYXQiOjE3NzU3MDIwODMsImV4cCI6MTc3ODI5NDA4M30.vVEAdr4rmUG2VXzsRL_AA7RUWY5RcuaRRyRSmHP1KGE','2026-05-09T02:34:43.403Z','2026-04-09 02:34:43');
INSERT INTO "sessions" ("id","user_id","refresh_token","expires_at","created_at") VALUES('3a8cb5e6-7880-4b1d-9874-ebbfd95b69c3','user-i170bjn6w','eyJhbGciOiJIUzI1NiJ9.eyJ0b2tlbklkIjoiM2E4Y2I1ZTYtNzg4MC00YjFkLTk4NzQtZWJiZmQ5NWI2OWMzIiwidXNlcklkIjoidXNlci1pMTcwYmpuNnciLCJpYXQiOjE3NzU3MDIwODQsImV4cCI6MTc3ODI5NDA4NH0.q5siFOHRaxCggiq9eytvUn5qQGejFqm08yo1eZ-UYsQ','2026-05-09T02:34:44.539Z','2026-04-09 02:34:44');
INSERT INTO "sessions" ("id","user_id","refresh_token","expires_at","created_at") VALUES('aa3ede79-2967-45b9-9610-76d2c70ebc62','user-i170bjn6w','eyJhbGciOiJIUzI1NiJ9.eyJ0b2tlbklkIjoiYWEzZWRlNzktMjk2Ny00NWI5LTk2MTAtNzZkMmM3MGViYzYyIiwidXNlcklkIjoidXNlci1pMTcwYmpuNnciLCJpYXQiOjE3NzU3MDIwODUsImV4cCI6MTc3ODI5NDA4NX0.NGlhiDMJnz5fJphhqvToo2oxQ3tTPtR43eqPrGlK0qA','2026-05-09T02:34:45.939Z','2026-04-09 02:34:46');
INSERT INTO "sessions" ("id","user_id","refresh_token","expires_at","created_at") VALUES('222744d1-f7cc-42be-92c8-328efdeacd1c','user-d8nru3xco','eyJhbGciOiJIUzI1NiJ9.eyJ0b2tlbklkIjoiMjIyNzQ0ZDEtZjdjYy00MmJlLTkyYzgtMzI4ZWZkZWFjZDFjIiwidXNlcklkIjoidXNlci1kOG5ydTN4Y28iLCJpYXQiOjE3NzU3MDIxMDEsImV4cCI6MTc3ODI5NDEwMX0.nTQDsbZeCEv-tJvWYOli1fGTsLypgUJrSIlhwF-5SXM','2026-05-09T02:35:01.614Z','2026-04-09 02:35:01');
INSERT INTO "sessions" ("id","user_id","refresh_token","expires_at","created_at") VALUES('b7b31e54-7479-46a0-a79e-a1e6c9fbb7d1','user-i170bjn6w','eyJhbGciOiJIUzI1NiJ9.eyJ0b2tlbklkIjoiYjdiMzFlNTQtNzQ3OS00NmEwLWE3OWUtYTFlNmM5ZmJiN2QxIiwidXNlcklkIjoidXNlci1pMTcwYmpuNnciLCJpYXQiOjE3NzU3MDIxMjIsImV4cCI6MTc3ODI5NDEyMn0.uLBvSV5TIRvKI-6nf5DGfs7w92pgje5aneGlENwq74c','2026-05-09T02:35:22.260Z','2026-04-09 02:35:22');
INSERT INTO "sessions" ("id","user_id","refresh_token","expires_at","created_at") VALUES('e2dc4567-3293-478a-a82e-855328a1ef51','user-i170bjn6w','eyJhbGciOiJIUzI1NiJ9.eyJ0b2tlbklkIjoiZTJkYzQ1NjctMzI5My00NzhhLWE4MmUtODU1MzI4YTFlZjUxIiwidXNlcklkIjoidXNlci1pMTcwYmpuNnciLCJpYXQiOjE3NzU3MDIxMjMsImV4cCI6MTc3ODI5NDEyM30._MnHa7E5KmWQCFMucS595zgY4anpcgvKjOWuiTFiYBg','2026-05-09T02:35:23.349Z','2026-04-09 02:35:23');
INSERT INTO "sessions" ("id","user_id","refresh_token","expires_at","created_at") VALUES('6889ca92-c0af-4cbc-b2f7-3c8a2558c5d3','user-i170bjn6w','eyJhbGciOiJIUzI1NiJ9.eyJ0b2tlbklkIjoiNjg4OWNhOTItYzBhZi00Y2JjLWIyZjctM2M4YTI1NThjNWQzIiwidXNlcklkIjoidXNlci1pMTcwYmpuNnciLCJpYXQiOjE3NzU3MDIxMjQsImV4cCI6MTc3ODI5NDEyNH0.B60xg7kOYtcZXZRbUmLd2KuJKZQTn2W2TX7Tjb6Or0k','2026-05-09T02:35:24.434Z','2026-04-09 02:35:24');
INSERT INTO "sessions" ("id","user_id","refresh_token","expires_at","created_at") VALUES('6c6dfdd2-f414-4c1a-b512-0429cd3cf55f','user-i170bjn6w','eyJhbGciOiJIUzI1NiJ9.eyJ0b2tlbklkIjoiNmM2ZGZkZDItZjQxNC00YzFhLWI1MTItMDQyOWNkM2NmNTVmIiwidXNlcklkIjoidXNlci1pMTcwYmpuNnciLCJpYXQiOjE3NzU3MDIxMjUsImV4cCI6MTc3ODI5NDEyNX0.sQbtswW3BLC5PidZLkGSltzWdBzcJ8N4HjpVBuIo51E','2026-05-09T02:35:25.516Z','2026-04-09 02:35:25');
INSERT INTO "sessions" ("id","user_id","refresh_token","expires_at","created_at") VALUES('9e99fb83-3e1d-4355-94c0-dbcf5165d723','user-i170bjn6w','eyJhbGciOiJIUzI1NiJ9.eyJ0b2tlbklkIjoiOWU5OWZiODMtM2UxZC00MzU1LTk0YzAtZGJjZjUxNjVkNzIzIiwidXNlcklkIjoidXNlci1pMTcwYmpuNnciLCJpYXQiOjE3NzU3MDIxMjYsImV4cCI6MTc3ODI5NDEyNn0.6sTkesObORkwH7V8bvxamo99afr6-_A4Yd19iGa7sc8','2026-05-09T02:35:26.772Z','2026-04-09 02:35:26');
INSERT INTO "sessions" ("id","user_id","refresh_token","expires_at","created_at") VALUES('5248b239-dda6-418c-8704-73b0b169e825','user-i170bjn6w','eyJhbGciOiJIUzI1NiJ9.eyJ0b2tlbklkIjoiNTI0OGIyMzktZGRhNi00MThjLTg3MDQtNzNiMGIxNjllODI1IiwidXNlcklkIjoidXNlci1pMTcwYmpuNnciLCJpYXQiOjE3NzU3MDIxMjgsImV4cCI6MTc3ODI5NDEyOH0.dQ93c8fUXJyFB132LBiL6cuzq-ZAOkEefHK-KaoSslk','2026-05-09T02:35:28.110Z','2026-04-09 02:35:28');
INSERT INTO "sessions" ("id","user_id","refresh_token","expires_at","created_at") VALUES('721d1df9-9a6f-443c-8069-37b03a1f0c9c','user-i170bjn6w','eyJhbGciOiJIUzI1NiJ9.eyJ0b2tlbklkIjoiNzIxZDFkZjktOWE2Zi00NDNjLTgwNjktMzdiMDNhMWYwYzljIiwidXNlcklkIjoidXNlci1pMTcwYmpuNnciLCJpYXQiOjE3NzU3MDIxMjksImV4cCI6MTc3ODI5NDEyOX0.sZNNenbWTBfx784ZO5gIr7t11mRLpoEj5t3g6ijVyJs','2026-05-09T02:35:29.289Z','2026-04-09 02:35:29');
INSERT INTO "sessions" ("id","user_id","refresh_token","expires_at","created_at") VALUES('6f9ffb3a-1c18-4c4b-8c6d-af3878feb4e6','user-i170bjn6w','eyJhbGciOiJIUzI1NiJ9.eyJ0b2tlbklkIjoiNmY5ZmZiM2EtMWMxOC00YzRiLThjNmQtYWYzODc4ZmViNGU2IiwidXNlcklkIjoidXNlci1pMTcwYmpuNnciLCJpYXQiOjE3NzU3MDIxMzAsImV4cCI6MTc3ODI5NDEzMH0.YQqbeRg-uyH5tLlrvCjvOekBN8mzR-RbrvDS-ztrRV4','2026-05-09T02:35:30.360Z','2026-04-09 02:35:30');
INSERT INTO "sessions" ("id","user_id","refresh_token","expires_at","created_at") VALUES('7ce4a100-13b1-4571-9c9e-8dcbe29188d6','user-i170bjn6w','eyJhbGciOiJIUzI1NiJ9.eyJ0b2tlbklkIjoiN2NlNGExMDAtMTNiMS00NTcxLTljOWUtOGRjYmUyOTE4OGQ2IiwidXNlcklkIjoidXNlci1pMTcwYmpuNnciLCJpYXQiOjE3NzU3MDIxMzEsImV4cCI6MTc3ODI5NDEzMX0.WBJGSxzyafh-m0Y5-Mh3k9sjqSrSHNEZovStA9I8_o0','2026-05-09T02:35:31.422Z','2026-04-09 02:35:31');
INSERT INTO "sessions" ("id","user_id","refresh_token","expires_at","created_at") VALUES('569d04ec-43c9-49cf-8577-f512709882ff','user-i170bjn6w','eyJhbGciOiJIUzI1NiJ9.eyJ0b2tlbklkIjoiNTY5ZDA0ZWMtNDNjOS00OWNmLTg1NzctZjUxMjcwOTg4MmZmIiwidXNlcklkIjoidXNlci1pMTcwYmpuNnciLCJpYXQiOjE3NzU3MDIxMzIsImV4cCI6MTc3ODI5NDEzMn0.KlHuV5WYUIGM9ioQKgeqEkkCzHCgsfipIHuMqXIse5A','2026-05-09T02:35:32.513Z','2026-04-09 02:35:32');
INSERT INTO "sessions" ("id","user_id","refresh_token","expires_at","created_at") VALUES('4f190b6e-839b-4f08-9aa3-e036242862bd','user-i170bjn6w','eyJhbGciOiJIUzI1NiJ9.eyJ0b2tlbklkIjoiNGYxOTBiNmUtODM5Yi00ZjA4LTlhYTMtZTAzNjI0Mjg2MmJkIiwidXNlcklkIjoidXNlci1pMTcwYmpuNnciLCJpYXQiOjE3NzU3MDIyMDQsImV4cCI6MTc3ODI5NDIwNH0.xMhB2-bL3fjp_4FxKi49dvLfxFldtdDFHzGsX_jDqns','2026-05-09T02:36:44.766Z','2026-04-09 02:36:44');
INSERT INTO "sessions" ("id","user_id","refresh_token","expires_at","created_at") VALUES('1d1974c1-fded-411f-b51c-8bf0a009d490','user-i170bjn6w','eyJhbGciOiJIUzI1NiJ9.eyJ0b2tlbklkIjoiMWQxOTc0YzEtZmRlZC00MTFmLWI1MWMtOGJmMGEwMDlkNDkwIiwidXNlcklkIjoidXNlci1pMTcwYmpuNnciLCJpYXQiOjE3NzU3MDIyMDYsImV4cCI6MTc3ODI5NDIwNn0.dn-MLCJU3uzBx9T9Xr470G_8i7YJaB9Hfxnh_J_8QWE','2026-05-09T02:36:46.022Z','2026-04-09 02:36:46');
INSERT INTO "sessions" ("id","user_id","refresh_token","expires_at","created_at") VALUES('cbac2fc5-ae14-448d-ab57-01f048923419','user-i170bjn6w','eyJhbGciOiJIUzI1NiJ9.eyJ0b2tlbklkIjoiY2JhYzJmYzUtYWUxNC00NDhkLWFiNTctMDFmMDQ4OTIzNDE5IiwidXNlcklkIjoidXNlci1pMTcwYmpuNnciLCJpYXQiOjE3NzU3MDIyMDcsImV4cCI6MTc3ODI5NDIwN30.QodHy9YEgd4_5i-ma48oNdfg1x4-_M4ARwQOHuSX-VI','2026-05-09T02:36:47.197Z','2026-04-09 02:36:47');
INSERT INTO "sessions" ("id","user_id","refresh_token","expires_at","created_at") VALUES('97394e8f-1a60-4800-9781-af38aef9c9ff','user-i170bjn6w','eyJhbGciOiJIUzI1NiJ9.eyJ0b2tlbklkIjoiOTczOTRlOGYtMWE2MC00ODAwLTk3ODEtYWYzOGFlZjljOWZmIiwidXNlcklkIjoidXNlci1pMTcwYmpuNnciLCJpYXQiOjE3NzU3MDIyMDgsImV4cCI6MTc3ODI5NDIwOH0.jWdL3AyFK71-08C2Tr_wz-65bSYEqaf7ls5U6T9ETtI','2026-05-09T02:36:48.298Z','2026-04-09 02:36:48');
INSERT INTO "sessions" ("id","user_id","refresh_token","expires_at","created_at") VALUES('5b996fe1-5058-4542-8601-f2112f4a2c16','user-i170bjn6w','eyJhbGciOiJIUzI1NiJ9.eyJ0b2tlbklkIjoiNWI5OTZmZTEtNTA1OC00NTQyLTg2MDEtZjIxMTJmNGEyYzE2IiwidXNlcklkIjoidXNlci1pMTcwYmpuNnciLCJpYXQiOjE3NzU3MDIyMDksImV4cCI6MTc3ODI5NDIwOX0.u1D3OozYIokMT01wkvjJqTRJ0VEn1tLNM5CuKpjI_Ik','2026-05-09T02:36:49.546Z','2026-04-09 02:36:49');
INSERT INTO "sessions" ("id","user_id","refresh_token","expires_at","created_at") VALUES('a953e0ec-06d7-4e92-86f8-f6f8c1c1eb88','user-i170bjn6w','eyJhbGciOiJIUzI1NiJ9.eyJ0b2tlbklkIjoiYTk1M2UwZWMtMDZkNy00ZTkyLTg2ZjgtZjZmOGMxYzFlYjg4IiwidXNlcklkIjoidXNlci1pMTcwYmpuNnciLCJpYXQiOjE3NzU3MDIyMTAsImV4cCI6MTc3ODI5NDIxMH0.IVt2bvnolxe5daDZ94NfPE3IyNU-dKmIpp8xe-R9Aso','2026-05-09T02:36:50.645Z','2026-04-09 02:36:50');
INSERT INTO "sessions" ("id","user_id","refresh_token","expires_at","created_at") VALUES('bee1d789-e0be-420a-8b69-3c4e26809163','user-i170bjn6w','eyJhbGciOiJIUzI1NiJ9.eyJ0b2tlbklkIjoiYmVlMWQ3ODktZTBiZS00MjBhLThiNjktM2M0ZTI2ODA5MTYzIiwidXNlcklkIjoidXNlci1pMTcwYmpuNnciLCJpYXQiOjE3NzU3MDIyMTEsImV4cCI6MTc3ODI5NDIxMX0.0fyOp_AM9SvuiPMQHaJ5bqMN2ZKrVnSsk7tKIInrt8A','2026-05-09T02:36:51.735Z','2026-04-09 02:36:51');
INSERT INTO "sessions" ("id","user_id","refresh_token","expires_at","created_at") VALUES('179d772c-4bd6-466e-9c00-c14fc68b742c','user-i170bjn6w','eyJhbGciOiJIUzI1NiJ9.eyJ0b2tlbklkIjoiMTc5ZDc3MmMtNGJkNi00NjZlLTljMDAtYzE0ZmM2OGI3NDJjIiwidXNlcklkIjoidXNlci1pMTcwYmpuNnciLCJpYXQiOjE3NzU3MDIyMTIsImV4cCI6MTc3ODI5NDIxMn0.vPAR_RSB0ZSavxD3K9_uxjCxcQEYhIsCkhUqmX4mjWM','2026-05-09T02:36:52.840Z','2026-04-09 02:36:52');
INSERT INTO "sessions" ("id","user_id","refresh_token","expires_at","created_at") VALUES('8f98ca39-7b33-4394-be87-09a223e69396','user-i170bjn6w','eyJhbGciOiJIUzI1NiJ9.eyJ0b2tlbklkIjoiOGY5OGNhMzktN2IzMy00Mzk0LWJlODctMDlhMjIzZTY5Mzk2IiwidXNlcklkIjoidXNlci1pMTcwYmpuNnciLCJpYXQiOjE3NzU3MDIyMTQsImV4cCI6MTc3ODI5NDIxNH0.FPSjUwlDMPfsPTIUGQE0rgnjghfLU8vUZHCHjS29us4','2026-05-09T02:36:54.140Z','2026-04-09 02:36:54');
INSERT INTO "sessions" ("id","user_id","refresh_token","expires_at","created_at") VALUES('29175330-bfd1-4366-85a5-1cd0d208cbe7','user-i170bjn6w','eyJhbGciOiJIUzI1NiJ9.eyJ0b2tlbklkIjoiMjkxNzUzMzAtYmZkMS00MzY2LTg1YTUtMWNkMGQyMDhjYmU3IiwidXNlcklkIjoidXNlci1pMTcwYmpuNnciLCJpYXQiOjE3NzU3MDIyMTUsImV4cCI6MTc3ODI5NDIxNX0.WmoiJiKJN-ylkc6P26-Sw60kh-YoPlSAp5-g14FP_cM','2026-05-09T02:36:55.357Z','2026-04-09 02:36:55');
INSERT INTO "sessions" ("id","user_id","refresh_token","expires_at","created_at") VALUES('22982de4-60e6-4c97-8664-708b72670138','user-i170bjn6w','eyJhbGciOiJIUzI1NiJ9.eyJ0b2tlbklkIjoiMjI5ODJkZTQtNjBlNi00Yzk3LTg2NjQtNzA4YjcyNjcwMTM4IiwidXNlcklkIjoidXNlci1pMTcwYmpuNnciLCJpYXQiOjE3NzU3MDIyMTYsImV4cCI6MTc3ODI5NDIxNn0.WVWxijL6pw1mm4YLhMMsZedettYHKLKmoLpRIWgbrvU','2026-05-09T02:36:56.591Z','2026-04-09 02:36:56');
INSERT INTO "sessions" ("id","user_id","refresh_token","expires_at","created_at") VALUES('d77db307-488a-4ecf-b3c2-e687411b3d5c','user-i170bjn6w','eyJhbGciOiJIUzI1NiJ9.eyJ0b2tlbklkIjoiZDc3ZGIzMDctNDg4YS00ZWNmLWIzYzItZTY4NzQxMWIzZDVjIiwidXNlcklkIjoidXNlci1pMTcwYmpuNnciLCJpYXQiOjE3NzU3MDIyMTcsImV4cCI6MTc3ODI5NDIxN30.h_qF7hC7TEdbaSsHLMq-CND4-pt7CNr15vb6sVDhRcU','2026-05-09T02:36:57.871Z','2026-04-09 02:36:57');
INSERT INTO "sessions" ("id","user_id","refresh_token","expires_at","created_at") VALUES('79ea0d68-826d-4e5f-8128-a0734d1ac82a','user-i170bjn6w','eyJhbGciOiJIUzI1NiJ9.eyJ0b2tlbklkIjoiNzllYTBkNjgtODI2ZC00ZTVmLTgxMjgtYTA3MzRkMWFjODJhIiwidXNlcklkIjoidXNlci1pMTcwYmpuNnciLCJpYXQiOjE3NzU3MDIyMTgsImV4cCI6MTc3ODI5NDIxOH0.worWMae0tCjU1OvnpqhaUQ2l6GdHz3_kYI13lygRNfo','2026-05-09T02:36:58.962Z','2026-04-09 02:36:59');
INSERT INTO "sessions" ("id","user_id","refresh_token","expires_at","created_at") VALUES('f98c126d-8f95-4802-959c-169cdb48943b','user-i170bjn6w','eyJhbGciOiJIUzI1NiJ9.eyJ0b2tlbklkIjoiZjk4YzEyNmQtOGY5NS00ODAyLTk1OWMtMTY5Y2RiNDg5NDNiIiwidXNlcklkIjoidXNlci1pMTcwYmpuNnciLCJpYXQiOjE3NzU3MDIyMjAsImV4cCI6MTc3ODI5NDIyMH0.VEWBy-f3OAewFIERmoFN7QBA5fZety8dh2TD3vmove4','2026-05-09T02:37:00.023Z','2026-04-09 02:37:00');
INSERT INTO "sessions" ("id","user_id","refresh_token","expires_at","created_at") VALUES('84d63f4a-0c95-492c-8c5b-59b17f6da06b','user-i170bjn6w','eyJhbGciOiJIUzI1NiJ9.eyJ0b2tlbklkIjoiODRkNjNmNGEtMGM5NS00OTJjLThjNWItNTliMTdmNmRhMDZiIiwidXNlcklkIjoidXNlci1pMTcwYmpuNnciLCJpYXQiOjE3NzU3MDIyMjUsImV4cCI6MTc3ODI5NDIyNX0.nZbV-JB2eqSEFWQqlTOSDlTLP7d_RPZSCCAOePx4OVc','2026-05-09T02:37:05.165Z','2026-04-09 02:37:05');
INSERT INTO "sessions" ("id","user_id","refresh_token","expires_at","created_at") VALUES('81766270-2484-4931-9c75-12478c3ef7bc','user-i170bjn6w','eyJhbGciOiJIUzI1NiJ9.eyJ0b2tlbklkIjoiODE3NjYyNzAtMjQ4NC00OTMxLTljNzUtMTI0NzhjM2VmN2JjIiwidXNlcklkIjoidXNlci1pMTcwYmpuNnciLCJpYXQiOjE3NzU3MDIyMjYsImV4cCI6MTc3ODI5NDIyNn0.R7T0Lz2DIT4bmFA-iPJCYMxY4aTBm0e0UUbcTvjvLaI','2026-05-09T02:37:06.310Z','2026-04-09 02:37:06');
INSERT INTO "sessions" ("id","user_id","refresh_token","expires_at","created_at") VALUES('8f2ac7cf-ed1f-4f59-9d93-8b5f4218337a','user-i170bjn6w','eyJhbGciOiJIUzI1NiJ9.eyJ0b2tlbklkIjoiOGYyYWM3Y2YtZWQxZi00ZjU5LTlkOTMtOGI1ZjQyMTgzMzdhIiwidXNlcklkIjoidXNlci1pMTcwYmpuNnciLCJpYXQiOjE3NzU3MDIyMjcsImV4cCI6MTc3ODI5NDIyN30.W6wOyMoIjE4b5TnUk1WcpQzSCra76tD1yqqVEVwnWIA','2026-05-09T02:37:07.647Z','2026-04-09 02:37:07');
INSERT INTO "sessions" ("id","user_id","refresh_token","expires_at","created_at") VALUES('1165cd64-bced-4db1-91ab-956cb15e8676','user-i170bjn6w','eyJhbGciOiJIUzI1NiJ9.eyJ0b2tlbklkIjoiMTE2NWNkNjQtYmNlZC00ZGIxLTkxYWItOTU2Y2IxNWU4Njc2IiwidXNlcklkIjoidXNlci1pMTcwYmpuNnciLCJpYXQiOjE3NzU3MDIyMjgsImV4cCI6MTc3ODI5NDIyOH0.v9jFIguqa_aY6bVrQO_Tf28WdRHUojLjz_WjkMWd1Hk','2026-05-09T02:37:08.759Z','2026-04-09 02:37:08');
INSERT INTO "sessions" ("id","user_id","refresh_token","expires_at","created_at") VALUES('3cb03c91-0a1d-4209-a9be-3a64b275310f','user-i170bjn6w','eyJhbGciOiJIUzI1NiJ9.eyJ0b2tlbklkIjoiM2NiMDNjOTEtMGExZC00MjA5LWE5YmUtM2E2NGIyNzUzMTBmIiwidXNlcklkIjoidXNlci1pMTcwYmpuNnciLCJpYXQiOjE3NzU3MDIzOTgsImV4cCI6MTc3ODI5NDM5OH0.ck5zjUfOKQZ8CRp5N-HY2s9Bnm2tT1hHXhW_c7wW0JM','2026-05-09T02:39:58.607Z','2026-04-09 02:39:58');
INSERT INTO "sessions" ("id","user_id","refresh_token","expires_at","created_at") VALUES('a707a17c-3c40-4f63-8f37-d22d5e9fb4a2','user-i170bjn6w','eyJhbGciOiJIUzI1NiJ9.eyJ0b2tlbklkIjoiYTcwN2ExN2MtM2M0MC00ZjYzLThmMzctZDIyZDVlOWZiNGEyIiwidXNlcklkIjoidXNlci1pMTcwYmpuNnciLCJpYXQiOjE3NzU3MDI0MDAsImV4cCI6MTc3ODI5NDQwMH0.60V42twVxukyVLKO4fOYjNBv5pSEtrlpanyElY794Qg','2026-05-09T02:40:00.013Z','2026-04-09 02:40:00');
INSERT INTO "sessions" ("id","user_id","refresh_token","expires_at","created_at") VALUES('fea8cd27-f80f-4361-8393-0b0f9312e8d6','user-i170bjn6w','eyJhbGciOiJIUzI1NiJ9.eyJ0b2tlbklkIjoiZmVhOGNkMjctZjgwZi00MzYxLTgzOTMtMGIwZjkzMTJlOGQ2IiwidXNlcklkIjoidXNlci1pMTcwYmpuNnciLCJpYXQiOjE3NzU3MDI0MDEsImV4cCI6MTc3ODI5NDQwMX0.QqmbqEtJEiORmTJcTzlFSrXYltRlbo5gLimUyLs6sbM','2026-05-09T02:40:01.123Z','2026-04-09 02:40:01');
INSERT INTO "sessions" ("id","user_id","refresh_token","expires_at","created_at") VALUES('f13c7e72-e07c-4b60-a7f9-2384c64ca922','user-i170bjn6w','eyJhbGciOiJIUzI1NiJ9.eyJ0b2tlbklkIjoiZjEzYzdlNzItZTA3Yy00YjYwLWE3ZjktMjM4NGM2NGNhOTIyIiwidXNlcklkIjoidXNlci1pMTcwYmpuNnciLCJpYXQiOjE3NzU3MDI0MDIsImV4cCI6MTc3ODI5NDQwMn0.zLxPsw7B2mXKPBcDF9jGC9097zt9sT6vP9dLTh7dmFs','2026-05-09T02:40:02.234Z','2026-04-09 02:40:02');
INSERT INTO "sessions" ("id","user_id","refresh_token","expires_at","created_at") VALUES('934b207d-a504-48e5-8e6d-6d498b4fc8b0','user-i170bjn6w','eyJhbGciOiJIUzI1NiJ9.eyJ0b2tlbklkIjoiOTM0YjIwN2QtYTUwNC00OGU1LThlNmQtNmQ0OThiNGZjOGIwIiwidXNlcklkIjoidXNlci1pMTcwYmpuNnciLCJpYXQiOjE3NzU3MDI0MDMsImV4cCI6MTc3ODI5NDQwM30.JbxoTqbRQ0UdjEXA6aUZ0qzroIDuDTFBkJRVFkUO680','2026-05-09T02:40:03.342Z','2026-04-09 02:40:03');
INSERT INTO "sessions" ("id","user_id","refresh_token","expires_at","created_at") VALUES('345d251d-01bf-4778-bcbe-a378c2886683','user-i170bjn6w','eyJhbGciOiJIUzI1NiJ9.eyJ0b2tlbklkIjoiMzQ1ZDI1MWQtMDFiZi00Nzc4LWJjYmUtYTM3OGMyODg2NjgzIiwidXNlcklkIjoidXNlci1pMTcwYmpuNnciLCJpYXQiOjE3NzU3MDI0MDQsImV4cCI6MTc3ODI5NDQwNH0.NR310laZc9rMLX2xVCkKAW6Kk1lqTkj_2SFZspR1uto','2026-05-09T02:40:04.432Z','2026-04-09 02:40:04');
INSERT INTO "sessions" ("id","user_id","refresh_token","expires_at","created_at") VALUES('915f3c75-7674-43eb-83ff-47bd916ab54e','user-i170bjn6w','eyJhbGciOiJIUzI1NiJ9.eyJ0b2tlbklkIjoiOTE1ZjNjNzUtNzY3NC00M2ViLTgzZmYtNDdiZDkxNmFiNTRlIiwidXNlcklkIjoidXNlci1pMTcwYmpuNnciLCJpYXQiOjE3NzU3MDI0MDUsImV4cCI6MTc3ODI5NDQwNX0.Tgdzene8Kp8ElnipUlbUG_tRpu8ILPgRuvmoJW-jfm4','2026-05-09T02:40:05.681Z','2026-04-09 02:40:05');
INSERT INTO "sessions" ("id","user_id","refresh_token","expires_at","created_at") VALUES('932ee61c-d5f3-448f-8238-83a6ba04a12f','user-i170bjn6w','eyJhbGciOiJIUzI1NiJ9.eyJ0b2tlbklkIjoiOTMyZWU2MWMtZDVmMy00NDhmLTgyMzgtODNhNmJhMDRhMTJmIiwidXNlcklkIjoidXNlci1pMTcwYmpuNnciLCJpYXQiOjE3NzU3MDI1MDAsImV4cCI6MTc3ODI5NDUwMH0.wKPMzps-GaR2f2bKiye6muvxTSweT_Lh2PtAdMQGnKA','2026-05-09T02:41:40.504Z','2026-04-09 02:41:40');
INSERT INTO "sessions" ("id","user_id","refresh_token","expires_at","created_at") VALUES('8bed9a1b-fefa-4596-aa5a-cf5ea8e572db','user-i170bjn6w','eyJhbGciOiJIUzI1NiJ9.eyJ0b2tlbklkIjoiOGJlZDlhMWItZmVmYS00NTk2LWFhNWEtY2Y1ZWE4ZTU3MmRiIiwidXNlcklkIjoidXNlci1pMTcwYmpuNnciLCJpYXQiOjE3NzU3MDI1MDEsImV4cCI6MTc3ODI5NDUwMX0.eHEdWkhdQvds1sc16RIvLRO2SaOYyJXjyN1UXhmaEB0','2026-05-09T02:41:41.650Z','2026-04-09 02:41:41');
INSERT INTO "sessions" ("id","user_id","refresh_token","expires_at","created_at") VALUES('31be3b1e-aaee-4eaf-a1d7-3a26371b900a','user-i170bjn6w','eyJhbGciOiJIUzI1NiJ9.eyJ0b2tlbklkIjoiMzFiZTNiMWUtYWFlZS00ZWFmLWExZDctM2EyNjM3MWI5MDBhIiwidXNlcklkIjoidXNlci1pMTcwYmpuNnciLCJpYXQiOjE3NzU3MDI1MDIsImV4cCI6MTc3ODI5NDUwMn0.snHZYp7Ogvy8IUig7qbFmYnajm0GWnzY53YybZh28Ls','2026-05-09T02:41:42.920Z','2026-04-09 02:41:42');
INSERT INTO "sessions" ("id","user_id","refresh_token","expires_at","created_at") VALUES('40e9c158-bb2b-4a98-88cf-e5b7b9dff277','user-i170bjn6w','eyJhbGciOiJIUzI1NiJ9.eyJ0b2tlbklkIjoiNDBlOWMxNTgtYmIyYi00YTk4LTg4Y2YtZTViN2I5ZGZmMjc3IiwidXNlcklkIjoidXNlci1pMTcwYmpuNnciLCJpYXQiOjE3NzU3MDI1MDQsImV4cCI6MTc3ODI5NDUwNH0.0uCx0OfO0RsOZNFvqjWuQ_mBmZ1o-oqAJqROj-xFWAI','2026-05-09T02:41:44.027Z','2026-04-09 02:41:44');
INSERT INTO "sessions" ("id","user_id","refresh_token","expires_at","created_at") VALUES('7d6527b5-019c-45b0-8993-f3bd0605ee60','user-i170bjn6w','eyJhbGciOiJIUzI1NiJ9.eyJ0b2tlbklkIjoiN2Q2NTI3YjUtMDE5Yy00NWIwLTg5OTMtZjNiZDA2MDVlZTYwIiwidXNlcklkIjoidXNlci1pMTcwYmpuNnciLCJpYXQiOjE3NzU3MDI1MDUsImV4cCI6MTc3ODI5NDUwNX0.ZZyY_jFpmNGNIDxIxLq_0gZ2EUT_dCaYuUQFsbvt1tQ','2026-05-09T02:41:45.195Z','2026-04-09 02:41:45');
INSERT INTO "sessions" ("id","user_id","refresh_token","expires_at","created_at") VALUES('5b6eb22e-629e-46a3-8f3d-fc07ba77d79f','user-i170bjn6w','eyJhbGciOiJIUzI1NiJ9.eyJ0b2tlbklkIjoiNWI2ZWIyMmUtNjI5ZS00NmEzLThmM2QtZmMwN2JhNzdkNzlmIiwidXNlcklkIjoidXNlci1pMTcwYmpuNnciLCJpYXQiOjE3NzU3MDI1MDYsImV4cCI6MTc3ODI5NDUwNn0.OFxUhaT3u3_7U94aYFwyrl_hVIo7_dBvbud7asGueio','2026-05-09T02:41:46.578Z','2026-04-09 02:41:46');
INSERT INTO "sessions" ("id","user_id","refresh_token","expires_at","created_at") VALUES('35edbf0e-bca5-44c8-9743-228afb172e23','user-i170bjn6w','eyJhbGciOiJIUzI1NiJ9.eyJ0b2tlbklkIjoiMzVlZGJmMGUtYmNhNS00NGM4LTk3NDMtMjI4YWZiMTcyZTIzIiwidXNlcklkIjoidXNlci1pMTcwYmpuNnciLCJpYXQiOjE3NzU3MDI1MDcsImV4cCI6MTc3ODI5NDUwN30.fAs2u7eefoCZOkaC8qd9cyfKqro9yAh_Ww9Kj-QRveg','2026-05-09T02:41:47.708Z','2026-04-09 02:41:47');
INSERT INTO "sessions" ("id","user_id","refresh_token","expires_at","created_at") VALUES('dc0abe41-ffd3-43c3-8e60-0d31b6615843','user-i170bjn6w','eyJhbGciOiJIUzI1NiJ9.eyJ0b2tlbklkIjoiZGMwYWJlNDEtZmZkMy00M2MzLThlNjAtMGQzMWI2NjE1ODQzIiwidXNlcklkIjoidXNlci1pMTcwYmpuNnciLCJpYXQiOjE3NzU3MDI1MDksImV4cCI6MTc3ODI5NDUwOX0.aKrunM5hPsyU5nS_-XEz7r-qLIq36dYal9w6BwiUCyM','2026-05-09T02:41:49.191Z','2026-04-09 02:41:49');
INSERT INTO "sessions" ("id","user_id","refresh_token","expires_at","created_at") VALUES('cc6389c4-0c25-4ffd-9135-454431895adf','user-i170bjn6w','eyJhbGciOiJIUzI1NiJ9.eyJ0b2tlbklkIjoiY2M2Mzg5YzQtMGMyNS00ZmZkLTkxMzUtNDU0NDMxODk1YWRmIiwidXNlcklkIjoidXNlci1pMTcwYmpuNnciLCJpYXQiOjE3NzU3MDI1MTAsImV4cCI6MTc3ODI5NDUxMH0.8FYg-FxUWtdA7yWMlS3jUS3AI-8DxNBTXMgREjr9_rI','2026-05-09T02:41:50.627Z','2026-04-09 02:41:50');
INSERT INTO "sessions" ("id","user_id","refresh_token","expires_at","created_at") VALUES('f6569d41-04e4-48f0-9ce1-5c299c20a1ae','user-i170bjn6w','eyJhbGciOiJIUzI1NiJ9.eyJ0b2tlbklkIjoiZjY1NjlkNDEtMDRlNC00OGYwLTljZTEtNWMyOTljMjBhMWFlIiwidXNlcklkIjoidXNlci1pMTcwYmpuNnciLCJpYXQiOjE3NzU3MDI1MTIsImV4cCI6MTc3ODI5NDUxMn0.alXJgaS8Z2VZyQ5mivoNx_k9Z3REBugIoJFGesZHPIw','2026-05-09T02:41:52.067Z','2026-04-09 02:41:52');
INSERT INTO "sessions" ("id","user_id","refresh_token","expires_at","created_at") VALUES('c2c83b72-377a-4367-87e5-6ec5fa7df3a3','user-i170bjn6w','eyJhbGciOiJIUzI1NiJ9.eyJ0b2tlbklkIjoiYzJjODNiNzItMzc3YS00MzY3LTg3ZTUtNmVjNWZhN2RmM2EzIiwidXNlcklkIjoidXNlci1pMTcwYmpuNnciLCJpYXQiOjE3NzU3MDI1MTQsImV4cCI6MTc3ODI5NDUxNH0.iEkeApWv44-JlcysQ2TjvBq5G2fQXhQWWiU5oKskvVA','2026-05-09T02:41:54.102Z','2026-04-09 02:41:54');
INSERT INTO "sessions" ("id","user_id","refresh_token","expires_at","created_at") VALUES('52fc1199-0d4a-4fc3-afc6-9e05f0efaf67','user-i170bjn6w','eyJhbGciOiJIUzI1NiJ9.eyJ0b2tlbklkIjoiNTJmYzExOTktMGQ0YS00ZmMzLWFmYzYtOWUwNWYwZWZhZjY3IiwidXNlcklkIjoidXNlci1pMTcwYmpuNnciLCJpYXQiOjE3NzU3MDI1MTUsImV4cCI6MTc3ODI5NDUxNX0.CPhNuLDdSzZektCireWHtg6MYKHdQJ1TOm6sfwk1ZGI','2026-05-09T02:41:55.329Z','2026-04-09 02:41:55');
INSERT INTO "sessions" ("id","user_id","refresh_token","expires_at","created_at") VALUES('14c7cd3d-af79-4bce-8f27-802cf86ef8db','user-i170bjn6w','eyJhbGciOiJIUzI1NiJ9.eyJ0b2tlbklkIjoiMTRjN2NkM2QtYWY3OS00YmNlLThmMjctODAyY2Y4NmVmOGRiIiwidXNlcklkIjoidXNlci1pMTcwYmpuNnciLCJpYXQiOjE3NzU3MDI1MTYsImV4cCI6MTc3ODI5NDUxNn0.8COcSzkzUtPXvsSt-xyeyJhwFj-nj5a3XIrNLFhyntI','2026-05-09T02:41:56.423Z','2026-04-09 02:41:56');
INSERT INTO "sessions" ("id","user_id","refresh_token","expires_at","created_at") VALUES('6aeb8b49-c4fc-488d-9217-4bc7fbb66fb4','user-i170bjn6w','eyJhbGciOiJIUzI1NiJ9.eyJ0b2tlbklkIjoiNmFlYjhiNDktYzRmYy00ODhkLTkyMTctNGJjN2ZiYjY2ZmI0IiwidXNlcklkIjoidXNlci1pMTcwYmpuNnciLCJpYXQiOjE3NzU3MDI1MTcsImV4cCI6MTc3ODI5NDUxN30.tj3xF9qD3ISAHTTMiWBaUVgIRTuL4kGho5Ef_JQ8MuM','2026-05-09T02:41:57.776Z','2026-04-09 02:41:57');
INSERT INTO "sessions" ("id","user_id","refresh_token","expires_at","created_at") VALUES('f68b6649-1b7c-4d4c-ad65-b3f8cd97569b','user-i170bjn6w','eyJhbGciOiJIUzI1NiJ9.eyJ0b2tlbklkIjoiZjY4YjY2NDktMWI3Yy00ZDRjLWFkNjUtYjNmOGNkOTc1NjliIiwidXNlcklkIjoidXNlci1pMTcwYmpuNnciLCJpYXQiOjE3NzU3MDI1MTksImV4cCI6MTc3ODI5NDUxOX0.349hkZvZ2dJdTp59a2E5wOywDeGEs8BpoYVPgtrAaZw','2026-05-09T02:41:59.057Z','2026-04-09 02:41:59');
INSERT INTO "sessions" ("id","user_id","refresh_token","expires_at","created_at") VALUES('08d280c3-99f1-4de7-9212-2df6ca58838e','user-i170bjn6w','eyJhbGciOiJIUzI1NiJ9.eyJ0b2tlbklkIjoiMDhkMjgwYzMtOTlmMS00ZGU3LTkyMTItMmRmNmNhNTg4MzhlIiwidXNlcklkIjoidXNlci1pMTcwYmpuNnciLCJpYXQiOjE3NzU3MDI1MjEsImV4cCI6MTc3ODI5NDUyMX0.0U9pypj1UmvEL-mD-1j6HZw6pu79ba_ARVbfKYuCV4Y','2026-05-09T02:42:01.041Z','2026-04-09 02:42:01');
INSERT INTO "sessions" ("id","user_id","refresh_token","expires_at","created_at") VALUES('95d4a268-5bcc-4078-ad71-843a2f7f2abb','user-i170bjn6w','eyJhbGciOiJIUzI1NiJ9.eyJ0b2tlbklkIjoiOTVkNGEyNjgtNWJjYy00MDc4LWFkNzEtODQzYTJmN2YyYWJiIiwidXNlcklkIjoidXNlci1pMTcwYmpuNnciLCJpYXQiOjE3NzU3MDI1MjMsImV4cCI6MTc3ODI5NDUyM30.NOctCX29O9m0Hb8KqF0HXxgsEMUXTJ8m63tTHuFgcKM','2026-05-09T02:42:03.272Z','2026-04-09 02:42:03');
INSERT INTO "sessions" ("id","user_id","refresh_token","expires_at","created_at") VALUES('e4b7bade-926d-4fa0-9333-c7503cc44941','user-i170bjn6w','eyJhbGciOiJIUzI1NiJ9.eyJ0b2tlbklkIjoiZTRiN2JhZGUtOTI2ZC00ZmEwLTkzMzMtYzc1MDNjYzQ0OTQxIiwidXNlcklkIjoidXNlci1pMTcwYmpuNnciLCJpYXQiOjE3NzU3MDI1MjQsImV4cCI6MTc3ODI5NDUyNH0.qjHnPT26Qsvy0-Z7dFFMFR42OiSxySSA2IxgaFYVAKE','2026-05-09T02:42:04.982Z','2026-04-09 02:42:05');
INSERT INTO "sessions" ("id","user_id","refresh_token","expires_at","created_at") VALUES('41feebbe-742d-439b-9e3f-207b704e3376','user-i170bjn6w','eyJhbGciOiJIUzI1NiJ9.eyJ0b2tlbklkIjoiNDFmZWViYmUtNzQyZC00MzliLTllM2YtMjA3YjcwNGUzMzc2IiwidXNlcklkIjoidXNlci1pMTcwYmpuNnciLCJpYXQiOjE3NzU3MTMzNzgsImV4cCI6MTc3ODMwNTM3OH0.fHSNbTtl9bI68JD7mrw9yyk7N67Aef8EK7IsR5v3KkU','2026-05-09T05:42:58.865Z','2026-04-09 05:42:58');
INSERT INTO "sessions" ("id","user_id","refresh_token","expires_at","created_at") VALUES('7f6bfba8-5c4f-4ea9-be63-33c0039eb48f','user-57ppx9v61','eyJhbGciOiJIUzI1NiJ9.eyJ0b2tlbklkIjoiN2Y2YmZiYTgtNWM0Zi00ZWE5LWJlNjMtMzNjMDAzOWViNDhmIiwidXNlcklkIjoidXNlci01N3BweDl2NjEiLCJpYXQiOjE3NzU3Mzg1ODUsImV4cCI6MTc3ODMzMDU4NX0.voVGNxNr9KROb1IMNEJJZXw2hS_y0GUNqEVK7AVY9Fs','2026-05-09T12:43:05.854Z','2026-04-09 12:43:05');
INSERT INTO "sessions" ("id","user_id","refresh_token","expires_at","created_at") VALUES('d03f2e01-2cef-40eb-a8e8-b4caec751e2f','user-57ppx9v61','eyJhbGciOiJIUzI1NiJ9.eyJ0b2tlbklkIjoiZDAzZjJlMDEtMmNlZi00MGViLWE4ZTgtYjRjYWVjNzUxZTJmIiwidXNlcklkIjoidXNlci01N3BweDl2NjEiLCJpYXQiOjE3NzU3Mzg4NjUsImV4cCI6MTc3ODMzMDg2NX0.fN3bbMj8s6pAfmzkfHOdPjsBCBH-q5yYxya162H375s','2026-05-09T12:47:45.141Z','2026-04-09 12:47:45');
INSERT INTO "sessions" ("id","user_id","refresh_token","expires_at","created_at") VALUES('749a9846-f163-4f3e-b858-36e93f945eec','user-57ppx9v61','eyJhbGciOiJIUzI1NiJ9.eyJ0b2tlbklkIjoiNzQ5YTk4NDYtZjE2My00ZjNlLWI4NTgtMzZlOTNmOTQ1ZWVjIiwidXNlcklkIjoidXNlci01N3BweDl2NjEiLCJpYXQiOjE3NzU3Mzg5NjgsImV4cCI6MTc3ODMzMDk2OH0.UOxmEN1i8G_Q0LC08kObLokrznXw96IO6F6GXKc-LQo','2026-05-09T12:49:28.220Z','2026-04-09 12:49:28');
INSERT INTO "sessions" ("id","user_id","refresh_token","expires_at","created_at") VALUES('4b11253d-fe90-4882-ac49-0c7cc99c3293','user-57ppx9v61','eyJhbGciOiJIUzI1NiJ9.eyJ0b2tlbklkIjoiNGIxMTI1M2QtZmU5MC00ODgyLWFjNDktMGM3Y2M5OWMzMjkzIiwidXNlcklkIjoidXNlci01N3BweDl2NjEiLCJpYXQiOjE3NzU3MzkwMTYsImV4cCI6MTc3ODMzMTAxNn0.9d-EvQd2NMdJjv7luWXbhmRPiI_K3ZRxxxeZmAZzYfA','2026-05-09T12:50:16.546Z','2026-04-09 12:50:16');
INSERT INTO "sessions" ("id","user_id","refresh_token","expires_at","created_at") VALUES('17df1c0b-3ce5-4129-98ba-502dcd3668f7','user-57ppx9v61','eyJhbGciOiJIUzI1NiJ9.eyJ0b2tlbklkIjoiMTdkZjFjMGItM2NlNS00MTI5LTk4YmEtNTAyZGNkMzY2OGY3IiwidXNlcklkIjoidXNlci01N3BweDl2NjEiLCJpYXQiOjE3NzU3MzkwMzgsImV4cCI6MTc3ODMzMTAzOH0.o3BWwg0rKiNstAWxEZJMgLeV4C-knQHV5OaqY8MgtNM','2026-05-09T12:50:38.577Z','2026-04-09 12:50:38');
INSERT INTO "sessions" ("id","user_id","refresh_token","expires_at","created_at") VALUES('029ccf3a-9117-4854-b6cd-37126e9a8a8f','user-57ppx9v61','eyJhbGciOiJIUzI1NiJ9.eyJ0b2tlbklkIjoiMDI5Y2NmM2EtOTExNy00ODU0LWI2Y2QtMzcxMjZlOWE4YThmIiwidXNlcklkIjoidXNlci01N3BweDl2NjEiLCJpYXQiOjE3NzU3MzkwNjIsImV4cCI6MTc3ODMzMTA2Mn0.cknlse4Y0nOag2TYSzRWpDtSLpaBHwFuSQm-Fkyx54o','2026-05-09T12:51:02.582Z','2026-04-09 12:51:02');
INSERT INTO "sessions" ("id","user_id","refresh_token","expires_at","created_at") VALUES('32cbb5dd-30bf-4b7e-9a6a-f8f1585f1ea8','user-57ppx9v61','eyJhbGciOiJIUzI1NiJ9.eyJ0b2tlbklkIjoiMzJjYmI1ZGQtMzBiZi00YjdlLTlhNmEtZjhmMTU4NWYxZWE4IiwidXNlcklkIjoidXNlci01N3BweDl2NjEiLCJpYXQiOjE3NzU3MzkxNzMsImV4cCI6MTc3ODMzMTE3M30.0fBafjAVxGE122s7vpsOTpqdyg4INqXZYD5oiycxoa8','2026-05-09T12:52:53.298Z','2026-04-09 12:52:53');
INSERT INTO "sessions" ("id","user_id","refresh_token","expires_at","created_at") VALUES('01ab2eb1-c8cb-4283-b0f4-b3f9afb9cd5b','user-57ppx9v61','eyJhbGciOiJIUzI1NiJ9.eyJ0b2tlbklkIjoiMDFhYjJlYjEtYzhjYi00MjgzLWIwZjQtYjNmOWFmYjljZDViIiwidXNlcklkIjoidXNlci01N3BweDl2NjEiLCJpYXQiOjE3NzU3MzkyMDcsImV4cCI6MTc3ODMzMTIwN30.B4Y1FRVRGqm0D8sMYOVISo8pJDrDiLp0UhHYUbDuVzI','2026-05-09T12:53:27.569Z','2026-04-09 12:53:27');
INSERT INTO "sessions" ("id","user_id","refresh_token","expires_at","created_at") VALUES('2a30db2a-dfda-4e8f-96b9-aa78b44a63d1','user-57ppx9v61','eyJhbGciOiJIUzI1NiJ9.eyJ0b2tlbklkIjoiMmEzMGRiMmEtZGZkYS00ZThmLTk2YjktYWE3OGI0NGE2M2QxIiwidXNlcklkIjoidXNlci01N3BweDl2NjEiLCJpYXQiOjE3NzU3MzkyMzUsImV4cCI6MTc3ODMzMTIzNX0.EMHAPGY5ZUfdIGOsJTJ8r7JZ8ElYXrPjwtG_ZPZFNlk','2026-05-09T12:53:55.321Z','2026-04-09 12:53:55');
INSERT INTO "sessions" ("id","user_id","refresh_token","expires_at","created_at") VALUES('37090ec3-4251-4507-9a94-1b0e9c8fd816','user-57ppx9v61','eyJhbGciOiJIUzI1NiJ9.eyJ0b2tlbklkIjoiMzcwOTBlYzMtNDI1MS00NTA3LTlhOTQtMWIwZTljOGZkODE2IiwidXNlcklkIjoidXNlci01N3BweDl2NjEiLCJpYXQiOjE3NzU3MzkzMTcsImV4cCI6MTc3ODMzMTMxN30.S9v81w6h82R5SlriXBIAIbj7WcGj1kYQUQjZmUwhP44','2026-05-09T12:55:17.769Z','2026-04-09 12:55:17');
INSERT INTO "sessions" ("id","user_id","refresh_token","expires_at","created_at") VALUES('44782561-b271-4c30-82d9-67a3ff2b9eb6','user-57ppx9v61','eyJhbGciOiJIUzI1NiJ9.eyJ0b2tlbklkIjoiNDQ3ODI1NjEtYjI3MS00YzMwLTgyZDktNjdhM2ZmMmI5ZWI2IiwidXNlcklkIjoidXNlci01N3BweDl2NjEiLCJpYXQiOjE3NzU3MzkzNjEsImV4cCI6MTc3ODMzMTM2MX0.HlTAozNsWr9RhV08Zluxo6xKe_nH1Q7xlup7yUvLL2Y','2026-05-09T12:56:01.639Z','2026-04-09 12:56:01');
INSERT INTO "sessions" ("id","user_id","refresh_token","expires_at","created_at") VALUES('07244959-bab2-430e-b98e-1d4e2ad464b7','user-57ppx9v61','eyJhbGciOiJIUzI1NiJ9.eyJ0b2tlbklkIjoiMDcyNDQ5NTktYmFiMi00MzBlLWI5OGUtMWQ0ZTJhZDQ2NGI3IiwidXNlcklkIjoidXNlci01N3BweDl2NjEiLCJpYXQiOjE3NzU3Mzk1MjQsImV4cCI6MTc3ODMzMTUyNH0.8t2DsiIm8Kv3Va9rp_-Xprpqj0XZ8HgPqJfC-yPNzlo','2026-05-09T12:58:44.691Z','2026-04-09 12:58:44');
INSERT INTO "sessions" ("id","user_id","refresh_token","expires_at","created_at") VALUES('2f6a9e8e-3ad5-4595-9dcc-f804c56d0fda','user-57ppx9v61','eyJhbGciOiJIUzI1NiJ9.eyJ0b2tlbklkIjoiMmY2YTllOGUtM2FkNS00NTk1LTlkY2MtZjgwNGM1NmQwZmRhIiwidXNlcklkIjoidXNlci01N3BweDl2NjEiLCJpYXQiOjE3NzU3Mzk2MTAsImV4cCI6MTc3ODMzMTYxMH0.U7dVQMS6Peu6XCzp4vgd6ehsEkdT0547pAYJwEgAAQg','2026-05-09T13:00:10.101Z','2026-04-09 13:00:10');
INSERT INTO "sessions" ("id","user_id","refresh_token","expires_at","created_at") VALUES('497ac1d6-8c0f-4c3d-9a74-d1ff3d7a6e2e','user-57ppx9v61','eyJhbGciOiJIUzI1NiJ9.eyJ0b2tlbklkIjoiNDk3YWMxZDYtOGMwZi00YzNkLTlhNzQtZDFmZjNkN2E2ZTJlIiwidXNlcklkIjoidXNlci01N3BweDl2NjEiLCJpYXQiOjE3NzU3Mzk2NDIsImV4cCI6MTc3ODMzMTY0Mn0.h05nz1TP8L77fjxlxEGE9AZM0L6s0QGX7hFLs62OXi4','2026-05-09T13:00:42.310Z','2026-04-09 13:00:42');
INSERT INTO "sessions" ("id","user_id","refresh_token","expires_at","created_at") VALUES('15b45f40-c733-44a6-a3f2-68c31cca688c','user-57ppx9v61','eyJhbGciOiJIUzI1NiJ9.eyJ0b2tlbklkIjoiMTViNDVmNDAtYzczMy00NGE2LWEzZjItNjhjMzFjY2E2ODhjIiwidXNlcklkIjoidXNlci01N3BweDl2NjEiLCJpYXQiOjE3NzU3NDQ2MjcsImV4cCI6MTc3ODMzNjYyN30.O6WnKuRY2STeODTGWisMFhZR3_2duKvb1TFx7HjPDVU','2026-05-09T14:23:47.877Z','2026-04-09 14:23:47');
INSERT INTO "sessions" ("id","user_id","refresh_token","expires_at","created_at") VALUES('73b14e16-e0ea-43f5-bbe3-29af5088d488','user-57ppx9v61','eyJhbGciOiJIUzI1NiJ9.eyJ0b2tlbklkIjoiNzNiMTRlMTYtZTBlYS00M2Y1LWJiZTMtMjlhZjUwODhkNDg4IiwidXNlcklkIjoidXNlci01N3BweDl2NjEiLCJpYXQiOjE3NzU3NDQ2MjcsImV4cCI6MTc3ODMzNjYyN30.f-Wu5XfyOXzx7DHgp1exQkMNnX3ooCoc8DSR_rUGVxM','2026-05-09T14:23:47.887Z','2026-04-09 14:23:48');
INSERT INTO "sessions" ("id","user_id","refresh_token","expires_at","created_at") VALUES('73d4d7c8-5a98-486f-9c67-e396508e80db','user-57ppx9v61','eyJhbGciOiJIUzI1NiJ9.eyJ0b2tlbklkIjoiNzNkNGQ3YzgtNWE5OC00ODZmLTljNjctZTM5NjUwOGU4MGRiIiwidXNlcklkIjoidXNlci01N3BweDl2NjEiLCJpYXQiOjE3NzU3NDQ2MjcsImV4cCI6MTc3ODMzNjYyN30.1A2hiExmOrTCbrTNROPe4ev6c4xwL38X8aKppvND5sA','2026-05-09T14:23:47.944Z','2026-04-09 14:23:48');
INSERT INTO "sessions" ("id","user_id","refresh_token","expires_at","created_at") VALUES('6c409874-49ac-4c01-a776-b3f38468fa7a','user-57ppx9v61','eyJhbGciOiJIUzI1NiJ9.eyJ0b2tlbklkIjoiNmM0MDk4NzQtNDlhYy00YzAxLWE3NzYtYjNmMzg0NjhmYTdhIiwidXNlcklkIjoidXNlci01N3BweDl2NjEiLCJpYXQiOjE3NzU3NDQ2MjgsImV4cCI6MTc3ODMzNjYyOH0.jGoAthzU591Q-KJZ0u28tVMYl8MSoCSLPzYQT4z2_X8','2026-05-09T14:23:48.219Z','2026-04-09 14:23:48');
INSERT INTO "sessions" ("id","user_id","refresh_token","expires_at","created_at") VALUES('2a8d00fa-3a0d-491b-a85f-639ec3d43832','user-57ppx9v61','eyJhbGciOiJIUzI1NiJ9.eyJ0b2tlbklkIjoiMmE4ZDAwZmEtM2EwZC00OTFiLWE4NWYtNjM5ZWMzZDQzODMyIiwidXNlcklkIjoidXNlci01N3BweDl2NjEiLCJpYXQiOjE3NzU3NDgwMzIsImV4cCI6MTc3ODM0MDAzMn0.eP3n7DcjzdeqmxUGsMaZnDDk1E2iCQ9M7bgE1Dym8k4','2026-05-09T15:20:32.275Z','2026-04-09 15:20:32');
INSERT INTO "sessions" ("id","user_id","refresh_token","expires_at","created_at") VALUES('f5f84d72-7997-4ede-93e4-aeaf93bdd8e2','user-57ppx9v61','eyJhbGciOiJIUzI1NiJ9.eyJ0b2tlbklkIjoiZjVmODRkNzItNzk5Ny00ZWRlLTkzZTQtYWVhZjkzYmRkOGUyIiwidXNlcklkIjoidXNlci01N3BweDl2NjEiLCJpYXQiOjE3NzU3NDgwNDUsImV4cCI6MTc3ODM0MDA0NX0.HiyFDBrI2ar_tw6QP5zGuKuNtCaP195xohEbVYJUmVw','2026-05-09T15:20:45.428Z','2026-04-09 15:20:45');
INSERT INTO "sessions" ("id","user_id","refresh_token","expires_at","created_at") VALUES('e1729f64-9b39-47c5-b274-b541b6e27a30','user-57ppx9v61','eyJhbGciOiJIUzI1NiJ9.eyJ0b2tlbklkIjoiZTE3MjlmNjQtOWIzOS00N2M1LWIyNzQtYjU0MWI2ZTI3YTMwIiwidXNlcklkIjoidXNlci01N3BweDl2NjEiLCJpYXQiOjE3NzU3NDgwNjMsImV4cCI6MTc3ODM0MDA2M30.o-UaAtPTTiQIfMxd0TuhQJereW0733JywejbG7YIg9A','2026-05-09T15:21:03.489Z','2026-04-09 15:21:03');
INSERT INTO "sessions" ("id","user_id","refresh_token","expires_at","created_at") VALUES('ac25893b-73a7-4a60-8596-15e73588e8c2','user-57ppx9v61','eyJhbGciOiJIUzI1NiJ9.eyJ0b2tlbklkIjoiYWMyNTg5M2ItNzNhNy00YTYwLTg1OTYtMTVlNzM1ODhlOGMyIiwidXNlcklkIjoidXNlci01N3BweDl2NjEiLCJpYXQiOjE3NzU3NDgxMjEsImV4cCI6MTc3ODM0MDEyMX0.1ggp7gnJ8DXrPDCLYcZ5s8wLLhIROCiG4EcwpPusrRc','2026-05-09T15:22:01.255Z','2026-04-09 15:22:01');
INSERT INTO "sessions" ("id","user_id","refresh_token","expires_at","created_at") VALUES('0aadcce7-8a4b-4cc8-802a-58130456538a','user-57ppx9v61','eyJhbGciOiJIUzI1NiJ9.eyJ0b2tlbklkIjoiMGFhZGNjZTctOGE0Yi00Y2M4LTgwMmEtNTgxMzA0NTY1MzhhIiwidXNlcklkIjoidXNlci01N3BweDl2NjEiLCJpYXQiOjE3NzU3NDgxMzIsImV4cCI6MTc3ODM0MDEzMn0.JZC5SsaieRGrme_uVHreNPk3OrPVwal3WUjcnQzF8vw','2026-05-09T15:22:12.938Z','2026-04-09 15:22:13');
INSERT INTO "sessions" ("id","user_id","refresh_token","expires_at","created_at") VALUES('3a7dee89-4ff2-4a4f-8593-49c479bc009a','user-57ppx9v61','eyJhbGciOiJIUzI1NiJ9.eyJ0b2tlbklkIjoiM2E3ZGVlODktNGZmMi00YTRmLTg1OTMtNDljNDc5YmMwMDlhIiwidXNlcklkIjoidXNlci01N3BweDl2NjEiLCJpYXQiOjE3NzU3NTA3NTMsImV4cCI6MTc3ODM0Mjc1M30.DuGQM66MCbIPrQSC0gZuz5LLTo2QBUGf2viQ4QZdTdk','2026-05-09T16:05:53.212Z','2026-04-09 16:05:53');
INSERT INTO "sessions" ("id","user_id","refresh_token","expires_at","created_at") VALUES('ae1561b6-94f0-4050-90d4-9402bafc0f31','user-57ppx9v61','eyJhbGciOiJIUzI1NiJ9.eyJ0b2tlbklkIjoiYWUxNTYxYjYtOTRmMC00MDUwLTkwZDQtOTQwMmJhZmMwZjMxIiwidXNlcklkIjoidXNlci01N3BweDl2NjEiLCJpYXQiOjE3NzU3NTA3OTUsImV4cCI6MTc3ODM0Mjc5NX0.Bxdv-n4nNKTQK6GZkUFbewHAWieOcE4xrdw_hiKEz_s','2026-05-09T16:06:35.939Z','2026-04-09 16:06:36');
INSERT INTO "sessions" ("id","user_id","refresh_token","expires_at","created_at") VALUES('39d94173-58ac-4983-b227-7b52943c54c2','user-i170bjn6w','eyJhbGciOiJIUzI1NiJ9.eyJ0b2tlbklkIjoiMzlkOTQxNzMtNThhYy00OTgzLWIyMjctN2I1Mjk0M2M1NGMyIiwidXNlcklkIjoidXNlci1pMTcwYmpuNnciLCJpYXQiOjE3NzU3NTIzODcsImV4cCI6MTc3ODM0NDM4N30.KIK-4Ck_ucK67dzVZeU95AlPg3kRt79121qhLfUBsAU','2026-05-09T16:33:07.131Z','2026-04-09 16:33:07');
INSERT INTO "sessions" ("id","user_id","refresh_token","expires_at","created_at") VALUES('35989f39-15ce-46fc-9d38-56de3f1ed0d3','user-i170bjn6w','eyJhbGciOiJIUzI1NiJ9.eyJ0b2tlbklkIjoiMzU5ODlmMzktMTVjZS00NmZjLTlkMzgtNTZkZTNmMWVkMGQzIiwidXNlcklkIjoidXNlci1pMTcwYmpuNnciLCJpYXQiOjE3NzU3NTI0MTEsImV4cCI6MTc3ODM0NDQxMX0.kSi1ZNmd3RPkGDLEzbsmAmBvFbI-Pf3av6GLTlzCQoc','2026-05-09T16:33:31.517Z','2026-04-09 16:33:31');
INSERT INTO "sessions" ("id","user_id","refresh_token","expires_at","created_at") VALUES('66b6d756-60be-4516-a5f0-7310890f8cbf','user-i170bjn6w','eyJhbGciOiJIUzI1NiJ9.eyJ0b2tlbklkIjoiNjZiNmQ3NTYtNjBiZS00NTE2LWE1ZjAtNzMxMDg5MGY4Y2JmIiwidXNlcklkIjoidXNlci1pMTcwYmpuNnciLCJpYXQiOjE3NzU3NTI0NzQsImV4cCI6MTc3ODM0NDQ3NH0.zQb7kIF_kKqMqcvU50f93YbbR-7xus6GDWoftxG8tu0','2026-05-09T16:34:34.690Z','2026-04-09 16:34:34');
INSERT INTO "sessions" ("id","user_id","refresh_token","expires_at","created_at") VALUES('8f0a6dde-40d8-46cc-b9ce-b35c32906e50','user-i170bjn6w','eyJhbGciOiJIUzI1NiJ9.eyJ0b2tlbklkIjoiOGYwYTZkZGUtNDBkOC00NmNjLWI5Y2UtYjM1YzMyOTA2ZTUwIiwidXNlcklkIjoidXNlci1pMTcwYmpuNnciLCJpYXQiOjE3NzU3NTI1MTMsImV4cCI6MTc3ODM0NDUxM30.SrO72cDC2kKQe_7rehiR8x27cV3b_CH83u3wwGAo8iw','2026-05-09T16:35:13.648Z','2026-04-09 16:35:13');
INSERT INTO "sessions" ("id","user_id","refresh_token","expires_at","created_at") VALUES('2b62898d-a6e1-44a9-beae-a7f03eef2887','user-i170bjn6w','eyJhbGciOiJIUzI1NiJ9.eyJ0b2tlbklkIjoiMmI2Mjg5OGQtYTZlMS00NGE5LWJlYWUtYTdmMDNlZWYyODg3IiwidXNlcklkIjoidXNlci1pMTcwYmpuNnciLCJpYXQiOjE3NzU3NTI1NTIsImV4cCI6MTc3ODM0NDU1Mn0.gqCXEN77gE10Kufk6YYGT6tLbTkxd_T8Y_7vYIbG7us','2026-05-09T16:35:52.264Z','2026-04-09 16:35:52');
INSERT INTO "sessions" ("id","user_id","refresh_token","expires_at","created_at") VALUES('b52d580a-611d-4463-9522-032b0c668ea9','user-i170bjn6w','eyJhbGciOiJIUzI1NiJ9.eyJ0b2tlbklkIjoiYjUyZDU4MGEtNjExZC00NDYzLTk1MjItMDMyYjBjNjY4ZWE5IiwidXNlcklkIjoidXNlci1pMTcwYmpuNnciLCJpYXQiOjE3NzU3NTI1ODUsImV4cCI6MTc3ODM0NDU4NX0.CFd4WLgAwh_7gq35Us8gCPHDXKD-kD2Amk3u4plkR6s','2026-05-09T16:36:25.621Z','2026-04-09 16:36:25');
INSERT INTO "sessions" ("id","user_id","refresh_token","expires_at","created_at") VALUES('6a699d41-9705-466d-9286-904c4bd843c4','user-i170bjn6w','eyJhbGciOiJIUzI1NiJ9.eyJ0b2tlbklkIjoiNmE2OTlkNDEtOTcwNS00NjZkLTkyODYtOTA0YzRiZDg0M2M0IiwidXNlcklkIjoidXNlci1pMTcwYmpuNnciLCJpYXQiOjE3NzU3NTI2MjYsImV4cCI6MTc3ODM0NDYyNn0.HmDpM__H560veiqP6LXaH12eapEJI0EknLtz2SD8XIw','2026-05-09T16:37:06.997Z','2026-04-09 16:37:07');
INSERT INTO "sessions" ("id","user_id","refresh_token","expires_at","created_at") VALUES('6f89060e-5a41-4da5-92b3-863bf25e29fe','user-i170bjn6w','eyJhbGciOiJIUzI1NiJ9.eyJ0b2tlbklkIjoiNmY4OTA2MGUtNWE0MS00ZGE1LTkyYjMtODYzYmYyNWUyOWZlIiwidXNlcklkIjoidXNlci1pMTcwYmpuNnciLCJpYXQiOjE3NzU3NTI2NjEsImV4cCI6MTc3ODM0NDY2MX0._eh5ZC2XJIfFSXk87hpC0Y5EpMVAaLYh90N5PIY5NHY','2026-05-09T16:37:41.455Z','2026-04-09 16:37:41');
INSERT INTO "sessions" ("id","user_id","refresh_token","expires_at","created_at") VALUES('d37caab5-4c93-4c11-bab0-7f052d14a47f','user-i170bjn6w','eyJhbGciOiJIUzI1NiJ9.eyJ0b2tlbklkIjoiZDM3Y2FhYjUtNGM5My00YzExLWJhYjAtN2YwNTJkMTRhNDdmIiwidXNlcklkIjoidXNlci1pMTcwYmpuNnciLCJpYXQiOjE3NzU3NTI2ODQsImV4cCI6MTc3ODM0NDY4NH0.Z6gHdnVRG4iyejBX6Ml6jd6XB2MMFRVzutf58bMCmNk','2026-05-09T16:38:04.367Z','2026-04-09 16:38:04');
INSERT INTO "sessions" ("id","user_id","refresh_token","expires_at","created_at") VALUES('11cc9fa7-3292-40de-817e-dbf6b4d4c120','user-i170bjn6w','eyJhbGciOiJIUzI1NiJ9.eyJ0b2tlbklkIjoiMTFjYzlmYTctMzI5Mi00MGRlLTgxN2UtZGJmNmI0ZDRjMTIwIiwidXNlcklkIjoidXNlci1pMTcwYmpuNnciLCJpYXQiOjE3NzU3NTI2OTQsImV4cCI6MTc3ODM0NDY5NH0.8ZZEeAnjU6E0optkj-AW6eMHza5NaqEMhDh6M42rKG8','2026-05-09T16:38:14.601Z','2026-04-09 16:38:14');
INSERT INTO "sessions" ("id","user_id","refresh_token","expires_at","created_at") VALUES('c8c6f5e2-0bbf-4c17-96d2-2d26c81e7150','user-i170bjn6w','eyJhbGciOiJIUzI1NiJ9.eyJ0b2tlbklkIjoiYzhjNmY1ZTItMGJiZi00YzE3LTk2ZDItMmQyNmM4MWU3MTUwIiwidXNlcklkIjoidXNlci1pMTcwYmpuNnciLCJpYXQiOjE3NzU3NTI3MTYsImV4cCI6MTc3ODM0NDcxNn0.BmF3FQ3Jdi3uo3s1l7Vq2K-RmNzplOwiav_gtznaZ6U','2026-05-09T16:38:36.124Z','2026-04-09 16:38:36');
INSERT INTO "sessions" ("id","user_id","refresh_token","expires_at","created_at") VALUES('584f03cb-152d-48dc-869b-c77e0a3b91fd','user-i170bjn6w','eyJhbGciOiJIUzI1NiJ9.eyJ0b2tlbklkIjoiNTg0ZjAzY2ItMTUyZC00OGRjLTg2OWItYzc3ZTBhM2I5MWZkIiwidXNlcklkIjoidXNlci1pMTcwYmpuNnciLCJpYXQiOjE3NzU3NTI4NDcsImV4cCI6MTc3ODM0NDg0N30.Q1M4uvVDzd2tulCqk4PTZq04skDHeFpWbb5Eu5S3nX0','2026-05-09T16:40:47.986Z','2026-04-09 16:40:48');
INSERT INTO "sessions" ("id","user_id","refresh_token","expires_at","created_at") VALUES('6afdc80e-e771-46c7-842a-d5b55208f4af','user-57ppx9v61','eyJhbGciOiJIUzI1NiJ9.eyJ0b2tlbklkIjoiNmFmZGM4MGUtZTc3MS00NmM3LTg0MmEtZDViNTUyMDhmNGFmIiwidXNlcklkIjoidXNlci01N3BweDl2NjEiLCJpYXQiOjE3NzU3NTM1ODUsImV4cCI6MTc3ODM0NTU4NX0.U0-y29i1WuGjxHoGeeQ_JKdBKASx24hNIBMx5MxIz6Y','2026-05-09T16:53:05.861Z','2026-04-09 16:53:05');
INSERT INTO "sessions" ("id","user_id","refresh_token","expires_at","created_at") VALUES('a558aa6f-e57e-4d4f-b609-f367032295b4','user-57ppx9v61','eyJhbGciOiJIUzI1NiJ9.eyJ0b2tlbklkIjoiYTU1OGFhNmYtZTU3ZS00ZDRmLWI2MDktZjM2NzAzMjI5NWI0IiwidXNlcklkIjoidXNlci01N3BweDl2NjEiLCJpYXQiOjE3NzU3NTQxODYsImV4cCI6MTc3ODM0NjE4Nn0.dciXvXsptbQxoDNvAx59Gv_tvlUvhfpu9E1wPpoQF9Y','2026-05-09T17:03:06.850Z','2026-04-09 17:03:06');
INSERT INTO "sessions" ("id","user_id","refresh_token","expires_at","created_at") VALUES('9c2030c7-112d-4c1a-9c65-3613dfc092a7','user-i170bjn6w','eyJhbGciOiJIUzI1NiJ9.eyJ0b2tlbklkIjoiOWMyMDMwYzctMTEyZC00YzFhLTljNjUtMzYxM2RmYzA5MmE3IiwidXNlcklkIjoidXNlci1pMTcwYmpuNnciLCJpYXQiOjE3NzU3NTQyNjEsImV4cCI6MTc3ODM0NjI2MX0.v6M_fAb9rB6Dq-Pl_T-Qql0bMKUsa6zPzppbU2dW0wE','2026-05-09T17:04:21.690Z','2026-04-09 17:04:21');
INSERT INTO "sessions" ("id","user_id","refresh_token","expires_at","created_at") VALUES('99bcff16-6e0e-4019-a0dc-754ed8e90888','user-57ppx9v61','eyJhbGciOiJIUzI1NiJ9.eyJ0b2tlbklkIjoiOTliY2ZmMTYtNmUwZS00MDE5LWEwZGMtNzU0ZWQ4ZTkwODg4IiwidXNlcklkIjoidXNlci01N3BweDl2NjEiLCJpYXQiOjE3NzU3NTQ2ODQsImV4cCI6MTc3ODM0NjY4NH0.vk1ebs2W7a_sgxXrefCX1p9PZteNzQLZgH-BA6n96IU','2026-05-09T17:11:24.386Z','2026-04-09 17:11:24');
INSERT INTO "sessions" ("id","user_id","refresh_token","expires_at","created_at") VALUES('a79a997b-aabb-49c7-be53-985a36e47fc7','user-57ppx9v61','eyJhbGciOiJIUzI1NiJ9.eyJ0b2tlbklkIjoiYTc5YTk5N2ItYWFiYi00OWM3LWJlNTMtOTg1YTM2ZTQ3ZmM3IiwidXNlcklkIjoidXNlci01N3BweDl2NjEiLCJpYXQiOjE3NzU3NTc0NzYsImV4cCI6MTc3ODM0OTQ3Nn0.tmzgTGWLTQikdD9A5C_svxeghMSeGdUUpL933MobULA','2026-05-09T17:57:56.238Z','2026-04-09 17:57:56');
INSERT INTO "sessions" ("id","user_id","refresh_token","expires_at","created_at") VALUES('3da3bf0e-9a78-491b-a568-10ccef1b069c','user-57ppx9v61','eyJhbGciOiJIUzI1NiJ9.eyJ0b2tlbklkIjoiM2RhM2JmMGUtOWE3OC00OTFiLWE1NjgtMTBjY2VmMWIwNjljIiwidXNlcklkIjoidXNlci01N3BweDl2NjEiLCJpYXQiOjE3NzU3NTc0NzYsImV4cCI6MTc3ODM0OTQ3Nn0.QDqhVh2anTwmdJHeV_jXwk4CE90HlsRrCTBVN-Nv-6A','2026-05-09T17:57:56.243Z','2026-04-09 17:57:56');
INSERT INTO "sessions" ("id","user_id","refresh_token","expires_at","created_at") VALUES('a7554554-fb0b-45a8-b4f0-21c997e3e608','user-57ppx9v61','eyJhbGciOiJIUzI1NiJ9.eyJ0b2tlbklkIjoiYTc1NTQ1NTQtZmIwYi00NWE4LWI0ZjAtMjFjOTk3ZTNlNjA4IiwidXNlcklkIjoidXNlci01N3BweDl2NjEiLCJpYXQiOjE3NzU3NTc0NzYsImV4cCI6MTc3ODM0OTQ3Nn0.QYkZU6-cZdJn0Jkg64_SURHvgjIZ1dfNWGpw6b0b6SM','2026-05-09T17:57:56.250Z','2026-04-09 17:57:56');
INSERT INTO "sessions" ("id","user_id","refresh_token","expires_at","created_at") VALUES('2043faaa-3d97-4983-8022-47984497d595','user-57ppx9v61','eyJhbGciOiJIUzI1NiJ9.eyJ0b2tlbklkIjoiMjA0M2ZhYWEtM2Q5Ny00OTgzLTgwMjItNDc5ODQ0OTdkNTk1IiwidXNlcklkIjoidXNlci01N3BweDl2NjEiLCJpYXQiOjE3NzU3NTc0NzYsImV4cCI6MTc3ODM0OTQ3Nn0.4szKhT_CXV65tcUISqO1ydodHcLQEWL45EOPLZtw4XU','2026-05-09T17:57:56.425Z','2026-04-09 17:57:56');
INSERT INTO "sessions" ("id","user_id","refresh_token","expires_at","created_at") VALUES('56d2a28c-7ccd-4049-9fdc-8efff9166a52','user-57ppx9v61','eyJhbGciOiJIUzI1NiJ9.eyJ0b2tlbklkIjoiNTZkMmEyOGMtN2NjZC00MDQ5LTlmZGMtOGVmZmY5MTY2YTUyIiwidXNlcklkIjoidXNlci01N3BweDl2NjEiLCJpYXQiOjE3NzU3NTkzNDAsImV4cCI6MTc3ODM1MTM0MH0.2zQ2QXV93_SNBPIhAAitMnJX5Sq_HfhBhn1sxZLRhtE','2026-05-09T18:29:00.076Z','2026-04-09 18:29:00');
INSERT INTO "sessions" ("id","user_id","refresh_token","expires_at","created_at") VALUES('822c4dba-e938-4382-b467-864746205673','user-57ppx9v61','eyJhbGciOiJIUzI1NiJ9.eyJ0b2tlbklkIjoiODIyYzRkYmEtZTkzOC00MzgyLWI0NjctODY0NzQ2MjA1NjczIiwidXNlcklkIjoidXNlci01N3BweDl2NjEiLCJpYXQiOjE3NzU3NTkzNDAsImV4cCI6MTc3ODM1MTM0MH0.Y9kii8dQfQVamoaP4LTFwsM7EHToRqhxomlc4xbbIpU','2026-05-09T18:29:00.083Z','2026-04-09 18:29:00');
INSERT INTO "sessions" ("id","user_id","refresh_token","expires_at","created_at") VALUES('a12d3070-e662-48e2-8981-927534917a65','user-57ppx9v61','eyJhbGciOiJIUzI1NiJ9.eyJ0b2tlbklkIjoiYTEyZDMwNzAtZTY2Mi00OGUyLTg5ODEtOTI3NTM0OTE3YTY1IiwidXNlcklkIjoidXNlci01N3BweDl2NjEiLCJpYXQiOjE3NzU3OTM3OTksImV4cCI6MTc3ODM4NTc5OX0.guVeHyVcioyGy-VnWHbHhNdljKl0eomzWQ0J1BkUpuA','2026-05-10T04:03:19.073Z','2026-04-10 04:03:19');
INSERT INTO "sessions" ("id","user_id","refresh_token","expires_at","created_at") VALUES('1dfab906-3bd1-4b0b-9ada-7b0fe9d8530f','user-57ppx9v61','eyJhbGciOiJIUzI1NiJ9.eyJ0b2tlbklkIjoiMWRmYWI5MDYtM2JkMS00YjBiLTlhZGEtN2IwZmU5ZDg1MzBmIiwidXNlcklkIjoidXNlci01N3BweDl2NjEiLCJpYXQiOjE3NzU3OTM3OTksImV4cCI6MTc3ODM4NTc5OX0.vLuYQI-EGiCaeuC5HAq1-rfSofOIyeVbOjpH-WzyUyk','2026-05-10T04:03:19.088Z','2026-04-10 04:03:19');
INSERT INTO "sessions" ("id","user_id","refresh_token","expires_at","created_at") VALUES('61847396-03d2-4f1e-ac57-35be7aa704f5','user-57ppx9v61','eyJhbGciOiJIUzI1NiJ9.eyJ0b2tlbklkIjoiNjE4NDczOTYtMDNkMi00ZjFlLWFjNTctMzViZTdhYTcwNGY1IiwidXNlcklkIjoidXNlci01N3BweDl2NjEiLCJpYXQiOjE3NzU3OTczNjcsImV4cCI6MTc3ODM4OTM2N30.hwrmf9DQwnUPX_MYqaRjkmLpNcBOSR6HFmLYe1PMQEU','2026-05-10T05:02:47.351Z','2026-04-10 05:02:47');
INSERT INTO "sessions" ("id","user_id","refresh_token","expires_at","created_at") VALUES('12331596-6116-4acd-9eb3-24221f5f245c','user-57ppx9v61','eyJhbGciOiJIUzI1NiJ9.eyJ0b2tlbklkIjoiMTIzMzE1OTYtNjExNi00YWNkLTllYjMtMjQyMjFmNWYyNDVjIiwidXNlcklkIjoidXNlci01N3BweDl2NjEiLCJpYXQiOjE3NzU3OTc3NDAsImV4cCI6MTc3ODM4OTc0MH0.C7zs0hXjodIcAQvBKygbm5IzXUPyECVZ8_XpUrX38hU','2026-05-10T05:09:00.258Z','2026-04-10 05:09:00');
INSERT INTO "sessions" ("id","user_id","refresh_token","expires_at","created_at") VALUES('703b51c6-2fcc-4669-9bc2-d9e043d41053','user-57ppx9v61','eyJhbGciOiJIUzI1NiJ9.eyJ0b2tlbklkIjoiNzAzYjUxYzYtMmZjYy00NjY5LTliYzItZDllMDQzZDQxMDUzIiwidXNlcklkIjoidXNlci01N3BweDl2NjEiLCJpYXQiOjE3NzU3OTc3NDYsImV4cCI6MTc3ODM4OTc0Nn0.ylBc1sJmdzKwBKY6i9w551rIMMO9LsFRM-2rtLah_KM','2026-05-10T05:09:06.165Z','2026-04-10 05:09:06');
INSERT INTO "sessions" ("id","user_id","refresh_token","expires_at","created_at") VALUES('ca751491-1535-4649-a6d9-38e70839d67e','user-57ppx9v61','eyJhbGciOiJIUzI1NiJ9.eyJ0b2tlbklkIjoiY2E3NTE0OTEtMTUzNS00NjQ5LWE2ZDktMzhlNzA4MzlkNjdlIiwidXNlcklkIjoidXNlci01N3BweDl2NjEiLCJpYXQiOjE3NzU3OTc3NTEsImV4cCI6MTc3ODM4OTc1MX0.dL1IMaE35B9jqyo0qK9R9sGvpIZUFsHbOGEmvbObD50','2026-05-10T05:09:11.539Z','2026-04-10 05:09:11');
INSERT INTO "sessions" ("id","user_id","refresh_token","expires_at","created_at") VALUES('f3ec7b6a-3bdd-4900-a28e-9281a002a116','user-57ppx9v61','eyJhbGciOiJIUzI1NiJ9.eyJ0b2tlbklkIjoiZjNlYzdiNmEtM2JkZC00OTAwLWEyOGUtOTI4MWEwMDJhMTE2IiwidXNlcklkIjoidXNlci01N3BweDl2NjEiLCJpYXQiOjE3NzU3OTc3NTYsImV4cCI6MTc3ODM4OTc1Nn0.Yraq6nBs6c7bWLSu4UaH8xYUOAJXwhWNZv-Bz8sRZOg','2026-05-10T05:09:16.852Z','2026-04-10 05:09:16');
INSERT INTO "sessions" ("id","user_id","refresh_token","expires_at","created_at") VALUES('b2f0c50f-caac-4ea2-a053-bf8a08e8052d','user-57ppx9v61','eyJhbGciOiJIUzI1NiJ9.eyJ0b2tlbklkIjoiYjJmMGM1MGYtY2FhYy00ZWEyLWEwNTMtYmY4YTA4ZTgwNTJkIiwidXNlcklkIjoidXNlci01N3BweDl2NjEiLCJpYXQiOjE3NzU3OTc3NjIsImV4cCI6MTc3ODM4OTc2Mn0.SMyHaIEcWa8pVWhXP44laJeU1qm6_7qts_wgN72kjPQ','2026-05-10T05:09:22.140Z','2026-04-10 05:09:22');
INSERT INTO "sessions" ("id","user_id","refresh_token","expires_at","created_at") VALUES('1480b4d1-e281-49e2-a1f0-feb8ecfadde1','user-57ppx9v61','eyJhbGciOiJIUzI1NiJ9.eyJ0b2tlbklkIjoiMTQ4MGI0ZDEtZTI4MS00OWUyLWExZjAtZmViOGVjZmFkZGUxIiwidXNlcklkIjoidXNlci01N3BweDl2NjEiLCJpYXQiOjE3NzU3OTc3NjcsImV4cCI6MTc3ODM4OTc2N30.BKYwfRfSI298xRTiSgeFLMaCNRzAbQpFQvGkNk0CyOo','2026-05-10T05:09:27.497Z','2026-04-10 05:09:27');
INSERT INTO "sessions" ("id","user_id","refresh_token","expires_at","created_at") VALUES('64dd3834-cda6-44f4-86c9-f9adfd13ea70','user-57ppx9v61','eyJhbGciOiJIUzI1NiJ9.eyJ0b2tlbklkIjoiNjRkZDM4MzQtY2RhNi00NGY0LTg2YzktZjlhZGZkMTNlYTcwIiwidXNlcklkIjoidXNlci01N3BweDl2NjEiLCJpYXQiOjE3NzU3OTc3NzIsImV4cCI6MTc3ODM4OTc3Mn0.cpaG8ieml3QMheoMIJhh6YvzZNTkaznA4pqlXy22JFY','2026-05-10T05:09:32.780Z','2026-04-10 05:09:32');
INSERT INTO "sessions" ("id","user_id","refresh_token","expires_at","created_at") VALUES('640475d3-7f77-4101-a1f9-2cd7df0cc6e6','user-57ppx9v61','eyJhbGciOiJIUzI1NiJ9.eyJ0b2tlbklkIjoiNjQwNDc1ZDMtN2Y3Ny00MTAxLWExZjktMmNkN2RmMGNjNmU2IiwidXNlcklkIjoidXNlci01N3BweDl2NjEiLCJpYXQiOjE3NzU3OTc3NzgsImV4cCI6MTc3ODM4OTc3OH0.SGVMXN2I4DMOqgWjyuiRTf7uE_Eg1hhmWZ0lfcW72ZE','2026-05-10T05:09:38.039Z','2026-04-10 05:09:38');
INSERT INTO "sessions" ("id","user_id","refresh_token","expires_at","created_at") VALUES('a266409f-dd9b-4ca5-badb-38dc26dc7914','user-57ppx9v61','eyJhbGciOiJIUzI1NiJ9.eyJ0b2tlbklkIjoiYTI2NjQwOWYtZGQ5Yi00Y2E1LWJhZGItMzhkYzI2ZGM3OTE0IiwidXNlcklkIjoidXNlci01N3BweDl2NjEiLCJpYXQiOjE3NzU3OTc3ODMsImV4cCI6MTc3ODM4OTc4M30.kF3hkylGEPTtBzOI9aV_Rpv6F8MxkTnI5IDVSdUgDPs','2026-05-10T05:09:43.304Z','2026-04-10 05:09:43');
INSERT INTO "sessions" ("id","user_id","refresh_token","expires_at","created_at") VALUES('acfd9ac6-d3f8-4ce5-ac43-dc3bc808fbaa','user-57ppx9v61','eyJhbGciOiJIUzI1NiJ9.eyJ0b2tlbklkIjoiYWNmZDlhYzYtZDNmOC00Y2U1LWFjNDMtZGMzYmM4MDhmYmFhIiwidXNlcklkIjoidXNlci01N3BweDl2NjEiLCJpYXQiOjE3NzU3OTc4MTEsImV4cCI6MTc3ODM4OTgxMX0.KjAcdKW4HOeAM_9195jC29ap-qG_NS8S-DjNKb0_oro','2026-05-10T05:10:11.984Z','2026-04-10 05:10:12');
INSERT INTO "sessions" ("id","user_id","refresh_token","expires_at","created_at") VALUES('84e4b2f0-94bd-4077-8432-954e95bfa9ff','user-57ppx9v61','eyJhbGciOiJIUzI1NiJ9.eyJ0b2tlbklkIjoiODRlNGIyZjAtOTRiZC00MDc3LTg0MzItOTU0ZTk1YmZhOWZmIiwidXNlcklkIjoidXNlci01N3BweDl2NjEiLCJpYXQiOjE3NzU3OTc4MzAsImV4cCI6MTc3ODM4OTgzMH0.X_ajT1lsutldpoBnU1Dwi8Xa4SMPQaKBLeRfkHQYVIQ','2026-05-10T05:10:30.583Z','2026-04-10 05:10:30');
INSERT INTO "sessions" ("id","user_id","refresh_token","expires_at","created_at") VALUES('cbc4b233-ab06-4f54-ba58-d67e252b3035','user-57ppx9v61','eyJhbGciOiJIUzI1NiJ9.eyJ0b2tlbklkIjoiY2JjNGIyMzMtYWIwNi00ZjU0LWJhNTgtZDY3ZTI1MmIzMDM1IiwidXNlcklkIjoidXNlci01N3BweDl2NjEiLCJpYXQiOjE3NzU3OTc4NjIsImV4cCI6MTc3ODM4OTg2Mn0.JzCsoprZreVs7cGDgQJ__aYl6LlLOZuvdqvQIZua5Cg','2026-05-10T05:11:02.235Z','2026-04-10 05:11:02');
INSERT INTO "sessions" ("id","user_id","refresh_token","expires_at","created_at") VALUES('7d24d3f2-8c98-44ca-bcc6-4d9a9cd610ca','user-57ppx9v61','eyJhbGciOiJIUzI1NiJ9.eyJ0b2tlbklkIjoiN2QyNGQzZjItOGM5OC00NGNhLWJjYzYtNGQ5YTljZDYxMGNhIiwidXNlcklkIjoidXNlci01N3BweDl2NjEiLCJpYXQiOjE3NzU3OTc5ODQsImV4cCI6MTc3ODM4OTk4NH0.b4lWuV7nKOFL4orYk8b4ZVlY9Iwi4lwhggFwV5hDSfo','2026-05-10T05:13:04.722Z','2026-04-10 05:13:04');
INSERT INTO "sessions" ("id","user_id","refresh_token","expires_at","created_at") VALUES('e41b2c45-cdc8-40da-819b-ed2b1a9defc2','user-57ppx9v61','eyJhbGciOiJIUzI1NiJ9.eyJ0b2tlbklkIjoiZTQxYjJjNDUtY2RjOC00MGRhLTgxOWItZWQyYjFhOWRlZmMyIiwidXNlcklkIjoidXNlci01N3BweDl2NjEiLCJpYXQiOjE3NzU3OTc5OTEsImV4cCI6MTc3ODM4OTk5MX0.ci35dGqosNIFa6N_b3BY75QxxIgHJl6E_ugfRYbpjF8','2026-05-10T05:13:11.074Z','2026-04-10 05:13:11');
INSERT INTO "sessions" ("id","user_id","refresh_token","expires_at","created_at") VALUES('0159b561-e57c-4c61-8cb7-7a49449fd318','user-57ppx9v61','eyJhbGciOiJIUzI1NiJ9.eyJ0b2tlbklkIjoiMDE1OWI1NjEtZTU3Yy00YzYxLThjYjctN2E0OTQ0OWZkMzE4IiwidXNlcklkIjoidXNlci01N3BweDl2NjEiLCJpYXQiOjE3NzU3OTc5OTYsImV4cCI6MTc3ODM4OTk5Nn0.88o_tNF9EZZejXjA8gGFxWcHAVLFMn-qQPTgbyKZWyE','2026-05-10T05:13:16.894Z','2026-04-10 05:13:16');
INSERT INTO "sessions" ("id","user_id","refresh_token","expires_at","created_at") VALUES('e7b4ef2d-a5dd-45e6-8d8a-eb367c29eb74','user-57ppx9v61','eyJhbGciOiJIUzI1NiJ9.eyJ0b2tlbklkIjoiZTdiNGVmMmQtYTVkZC00NWU2LThkOGEtZWIzNjdjMjllYjc0IiwidXNlcklkIjoidXNlci01N3BweDl2NjEiLCJpYXQiOjE3NzU3OTgwMDIsImV4cCI6MTc3ODM5MDAwMn0.nXiJY1ezW5Jec30IHsZXn9TpBVZtrbR4a3EKKtxMexA','2026-05-10T05:13:22.492Z','2026-04-10 05:13:22');
INSERT INTO "sessions" ("id","user_id","refresh_token","expires_at","created_at") VALUES('9209e577-8af8-4f68-a636-04119f925070','user-57ppx9v61','eyJhbGciOiJIUzI1NiJ9.eyJ0b2tlbklkIjoiOTIwOWU1NzctOGFmOC00ZjY4LWE2MzYtMDQxMTlmOTI1MDcwIiwidXNlcklkIjoidXNlci01N3BweDl2NjEiLCJpYXQiOjE3NzU3OTgwMDgsImV4cCI6MTc3ODM5MDAwOH0.W6cqPVXps89KnWEpCkd8ygQPHEHaarTFZA-y72DFaw0','2026-05-10T05:13:28.235Z','2026-04-10 05:13:28');
INSERT INTO "sessions" ("id","user_id","refresh_token","expires_at","created_at") VALUES('f88fcc70-893a-483d-83af-a740682f11f4','user-57ppx9v61','eyJhbGciOiJIUzI1NiJ9.eyJ0b2tlbklkIjoiZjg4ZmNjNzAtODkzYS00ODNkLTgzYWYtYTc0MDY4MmYxMWY0IiwidXNlcklkIjoidXNlci01N3BweDl2NjEiLCJpYXQiOjE3NzU3OTgwMTMsImV4cCI6MTc3ODM5MDAxM30.j-2qBy9a9PUFqSNLz_sp2KaQoucZnb3Or_y9g9VFh9o','2026-05-10T05:13:33.952Z','2026-04-10 05:13:34');
INSERT INTO "sessions" ("id","user_id","refresh_token","expires_at","created_at") VALUES('1243575b-26fa-4432-855e-744d1b606384','user-57ppx9v61','eyJhbGciOiJIUzI1NiJ9.eyJ0b2tlbklkIjoiMTI0MzU3NWItMjZmYS00NDMyLTg1NWUtNzQ0ZDFiNjA2Mzg0IiwidXNlcklkIjoidXNlci01N3BweDl2NjEiLCJpYXQiOjE3NzU3OTgwMTksImV4cCI6MTc3ODM5MDAxOX0.-RJwnumU8-wKbnLHBQeBqZXeNVW5S_M6bjy_GWhKhLM','2026-05-10T05:13:39.730Z','2026-04-10 05:13:39');
INSERT INTO "sessions" ("id","user_id","refresh_token","expires_at","created_at") VALUES('4241381b-e883-4b2f-95a4-1a65572831b6','user-57ppx9v61','eyJhbGciOiJIUzI1NiJ9.eyJ0b2tlbklkIjoiNDI0MTM4MWItZTg4My00YjJmLTk1YTQtMWE2NTU3MjgzMWI2IiwidXNlcklkIjoidXNlci01N3BweDl2NjEiLCJpYXQiOjE3NzU3OTgwMjUsImV4cCI6MTc3ODM5MDAyNX0.dDwP4R9X7COmMvMJwVE9m3tsqvKoLnfAiRL8iYloGCw','2026-05-10T05:13:45.450Z','2026-04-10 05:13:45');
INSERT INTO "sessions" ("id","user_id","refresh_token","expires_at","created_at") VALUES('43f62601-4e06-4801-8e5a-cb80e5d07460','user-57ppx9v61','eyJhbGciOiJIUzI1NiJ9.eyJ0b2tlbklkIjoiNDNmNjI2MDEtNGUwNi00ODAxLThlNWEtY2I4MGU1ZDA3NDYwIiwidXNlcklkIjoidXNlci01N3BweDl2NjEiLCJpYXQiOjE3NzU3OTgwMzEsImV4cCI6MTc3ODM5MDAzMX0.uLX_q1nxzo70Hme8GMpLZ9BP1mKpXJnvMawrS4aMAj4','2026-05-10T05:13:51.288Z','2026-04-10 05:13:51');
INSERT INTO "sessions" ("id","user_id","refresh_token","expires_at","created_at") VALUES('f9e0f415-0aaa-4ab0-b423-15710b3c0179','user-57ppx9v61','eyJhbGciOiJIUzI1NiJ9.eyJ0b2tlbklkIjoiZjllMGY0MTUtMGFhYS00YWIwLWI0MjMtMTU3MTBiM2MwMTc5IiwidXNlcklkIjoidXNlci01N3BweDl2NjEiLCJpYXQiOjE3NzU3OTgwOTcsImV4cCI6MTc3ODM5MDA5N30.c3K9ESMbPzihFMuTkdEH-DByeR3AIIvdFdb1oy6mEPY','2026-05-10T05:14:57.666Z','2026-04-10 05:14:57');
INSERT INTO "sessions" ("id","user_id","refresh_token","expires_at","created_at") VALUES('d485a93f-cfc6-47a4-88e7-088c97b9a736','user-1fk6dqck6','eyJhbGciOiJIUzI1NiJ9.eyJ0b2tlbklkIjoiZDQ4NWE5M2YtY2ZjNi00N2E0LTg4ZTctMDg4Yzk3YjlhNzM2IiwidXNlcklkIjoidXNlci0xZms2ZHFjazYiLCJpYXQiOjE3NzU3OTg4NTksImV4cCI6MTc3ODM5MDg1OX0.sXxDX8St5FRsm7yF4YZqnCUmX0z5grrf59VSb7sAOig','2026-05-10T05:27:39.734Z','2026-04-10 05:27:39');
INSERT INTO "sessions" ("id","user_id","refresh_token","expires_at","created_at") VALUES('c03caa29-8c5a-4975-8cfd-63a5e523aa15','user-57ppx9v61','eyJhbGciOiJIUzI1NiJ9.eyJ0b2tlbklkIjoiYzAzY2FhMjktOGM1YS00OTc1LThjZmQtNjNhNWU1MjNhYTE1IiwidXNlcklkIjoidXNlci01N3BweDl2NjEiLCJpYXQiOjE3NzU3OTkwMzYsImV4cCI6MTc3ODM5MTAzNn0.J_ST6TQBmGxEvkQEsA2fMIuQfmxPD9Zb4Hb6QoPgfb8','2026-05-10T05:30:36.486Z','2026-04-10 05:30:36');
INSERT INTO "sessions" ("id","user_id","refresh_token","expires_at","created_at") VALUES('b5a2f591-c375-4375-8f45-2dd84f8b82a8','user-57ppx9v61','eyJhbGciOiJIUzI1NiJ9.eyJ0b2tlbklkIjoiYjVhMmY1OTEtYzM3NS00Mzc1LThmNDUtMmRkODRmOGI4MmE4IiwidXNlcklkIjoidXNlci01N3BweDl2NjEiLCJpYXQiOjE3NzU3OTkxMDksImV4cCI6MTc3ODM5MTEwOX0.6l9WWRzJYghhErCQp44Zerm9VX-MY3PFRrWK01WDOyw','2026-05-10T05:31:49.586Z','2026-04-10 05:31:49');
INSERT INTO "sessions" ("id","user_id","refresh_token","expires_at","created_at") VALUES('f6a3627f-2aba-4390-a348-3efe146067bc','user-57ppx9v61','eyJhbGciOiJIUzI1NiJ9.eyJ0b2tlbklkIjoiZjZhMzYyN2YtMmFiYS00MzkwLWEzNDgtM2VmZTE0NjA2N2JjIiwidXNlcklkIjoidXNlci01N3BweDl2NjEiLCJpYXQiOjE3NzU4MDIzMTMsImV4cCI6MTc3ODM5NDMxM30.xM9n24LysXS5wHXLbrPdIBCP3qbuB1hyo5I2eWTCOlg','2026-05-10T06:25:13.214Z','2026-04-10 06:25:13');
INSERT INTO "sessions" ("id","user_id","refresh_token","expires_at","created_at") VALUES('3a4e6811-d87c-43b2-94c8-5ebb1a7ef6f3','user-57ppx9v61','eyJhbGciOiJIUzI1NiJ9.eyJ0b2tlbklkIjoiM2E0ZTY4MTEtZDg3Yy00M2IyLTk0YzgtNWViYjFhN2VmNmYzIiwidXNlcklkIjoidXNlci01N3BweDl2NjEiLCJpYXQiOjE3NzU4MDIzMTMsImV4cCI6MTc3ODM5NDMxM30.IvmJJN2Xc8pDioJKq-mn-hCnQAfRig5TbGGAS9OuFrQ','2026-05-10T06:25:13.212Z','2026-04-10 06:25:13');
INSERT INTO "sessions" ("id","user_id","refresh_token","expires_at","created_at") VALUES('f191beab-4418-4860-a0ef-d74eca80a953','user-57ppx9v61','eyJhbGciOiJIUzI1NiJ9.eyJ0b2tlbklkIjoiZjE5MWJlYWItNDQxOC00ODYwLWEwZWYtZDc0ZWNhODBhOTUzIiwidXNlcklkIjoidXNlci01N3BweDl2NjEiLCJpYXQiOjE3NzU4MDIzMTksImV4cCI6MTc3ODM5NDMxOX0.RtMFpX3KuPeDcgfXrFphsZC1iDcoS3Gfn3XT-nhl-Ds','2026-05-10T06:25:19.125Z','2026-04-10 06:25:19');
INSERT INTO "sessions" ("id","user_id","refresh_token","expires_at","created_at") VALUES('dc4ee0e2-0957-4674-b7b6-dda6b7b2a003','user-1fk6dqck6','eyJhbGciOiJIUzI1NiJ9.eyJ0b2tlbklkIjoiZGM0ZWUwZTItMDk1Ny00Njc0LWI3YjYtZGRhNmI3YjJhMDAzIiwidXNlcklkIjoidXNlci0xZms2ZHFjazYiLCJpYXQiOjE3NzU4MDI0NjcsImV4cCI6MTc3ODM5NDQ2N30.PEaMKPTRwa9tyBIjNp9D7s57MEVHkuTUinhboH6-IOg','2026-05-10T06:27:47.310Z','2026-04-10 06:27:47');
INSERT INTO "sessions" ("id","user_id","refresh_token","expires_at","created_at") VALUES('5d1aaf0a-1c04-4a88-8908-f4a696072ee2','user-57ppx9v61','eyJhbGciOiJIUzI1NiJ9.eyJ0b2tlbklkIjoiNWQxYWFmMGEtMWMwNC00YTg4LTg5MDgtZjRhNjk2MDcyZWUyIiwidXNlcklkIjoidXNlci01N3BweDl2NjEiLCJpYXQiOjE3NzU4MDI4ODQsImV4cCI6MTc3ODM5NDg4NH0.oRlVDmFrYfd4rYTdZmcrrmUwMYF6pTf4uvUtkJeuypY','2026-05-10T06:34:44.816Z','2026-04-10 06:34:44');
INSERT INTO "sessions" ("id","user_id","refresh_token","expires_at","created_at") VALUES('6f81da5a-163b-4170-8fb9-b52d0502e93a','user-57ppx9v61','eyJhbGciOiJIUzI1NiJ9.eyJ0b2tlbklkIjoiNmY4MWRhNWEtMTYzYi00MTcwLThmYjktYjUyZDA1MDJlOTNhIiwidXNlcklkIjoidXNlci01N3BweDl2NjEiLCJpYXQiOjE3NzU4MDMxMTUsImV4cCI6MTc3ODM5NTExNX0.o70W2ubuqbGzMXXmaJYv9bV4RHVKPdWc28WY9NhCbLU','2026-05-10T06:38:35.613Z','2026-04-10 06:38:35');
INSERT INTO "sessions" ("id","user_id","refresh_token","expires_at","created_at") VALUES('500d73da-7b99-4451-8968-8568387c052c','user-57ppx9v61','eyJhbGciOiJIUzI1NiJ9.eyJ0b2tlbklkIjoiNTAwZDczZGEtN2I5OS00NDUxLTg5NjgtODU2ODM4N2MwNTJjIiwidXNlcklkIjoidXNlci01N3BweDl2NjEiLCJpYXQiOjE3NzU4MDM0NjgsImV4cCI6MTc3ODM5NTQ2OH0.r68j9Nn2LjNOMkv0BlNoR9dv-lCuhytLF8gpZrp6mlY','2026-05-10T06:44:28.665Z','2026-04-10 06:44:28');
INSERT INTO "sessions" ("id","user_id","refresh_token","expires_at","created_at") VALUES('c869b225-0849-4f63-92d3-00918b860bb0','user-57ppx9v61','eyJhbGciOiJIUzI1NiJ9.eyJ0b2tlbklkIjoiYzg2OWIyMjUtMDg0OS00ZjYzLTkyZDMtMDA5MThiODYwYmIwIiwidXNlcklkIjoidXNlci01N3BweDl2NjEiLCJpYXQiOjE3NzU4MDQzMTYsImV4cCI6MTc3ODM5NjMxNn0.pOJNq5swC-ufgmfisPpduQbu7ZWUkmOWDyWC4wdsl1s','2026-05-10T06:58:36.168Z','2026-04-10 06:58:36');
INSERT INTO "sessions" ("id","user_id","refresh_token","expires_at","created_at") VALUES('bf14095d-b0b6-45ec-9ed3-6f16a00610a9','user-57ppx9v61','eyJhbGciOiJIUzI1NiJ9.eyJ0b2tlbklkIjoiYmYxNDA5NWQtYjBiNi00NWVjLTllZDMtNmYxNmEwMDYxMGE5IiwidXNlcklkIjoidXNlci01N3BweDl2NjEiLCJpYXQiOjE3NzU4MDQzMjUsImV4cCI6MTc3ODM5NjMyNX0.yGG5b9MqoOjMAVruTOUySAEbm0gv4tATQn_vIksG8rg','2026-05-10T06:58:45.168Z','2026-04-10 06:58:45');
INSERT INTO "sessions" ("id","user_id","refresh_token","expires_at","created_at") VALUES('3c03e853-9333-4ca8-9eaf-cfd7d2f6a1a0','user-57ppx9v61','eyJhbGciOiJIUzI1NiJ9.eyJ0b2tlbklkIjoiM2MwM2U4NTMtOTMzMy00Y2E4LTllYWYtY2ZkN2QyZjZhMWEwIiwidXNlcklkIjoidXNlci01N3BweDl2NjEiLCJpYXQiOjE3NzU4MDQ1MzUsImV4cCI6MTc3ODM5NjUzNX0.OiojG7l_A8VsGn9EJzeaYMIlJfIWrDxWDO3S-K35Zjk','2026-05-10T07:02:15.897Z','2026-04-10 07:02:15');
INSERT INTO "sessions" ("id","user_id","refresh_token","expires_at","created_at") VALUES('e9849b28-becd-4391-aea1-4f0721730700','user-57ppx9v61','eyJhbGciOiJIUzI1NiJ9.eyJ0b2tlbklkIjoiZTk4NDliMjgtYmVjZC00MzkxLWFlYTEtNGYwNzIxNzMwNzAwIiwidXNlcklkIjoidXNlci01N3BweDl2NjEiLCJpYXQiOjE3NzU4MDUwODgsImV4cCI6MTc3ODM5NzA4OH0._w_5-vlxGj5WaBvt5UnKSPnDz7MGSzFUPYZQzHts5UQ','2026-05-10T07:11:28.543Z','2026-04-10 07:11:28');
INSERT INTO "sessions" ("id","user_id","refresh_token","expires_at","created_at") VALUES('c813f986-9155-4f0e-a03f-4b73bbc14967','user-57ppx9v61','eyJhbGciOiJIUzI1NiJ9.eyJ0b2tlbklkIjoiYzgxM2Y5ODYtOTE1NS00ZjBlLWEwM2YtNGI3M2JiYzE0OTY3IiwidXNlcklkIjoidXNlci01N3BweDl2NjEiLCJpYXQiOjE3NzU4MDUwOTUsImV4cCI6MTc3ODM5NzA5NX0.Yo4llk1h8c3gFgkZAbXBOdbjCc8wK1cP_YW7Mt_bkEw','2026-05-10T07:11:35.439Z','2026-04-10 07:11:35');
INSERT INTO "sessions" ("id","user_id","refresh_token","expires_at","created_at") VALUES('2804f732-1543-4cde-9337-93e33b88bd87','user-57ppx9v61','eyJhbGciOiJIUzI1NiJ9.eyJ0b2tlbklkIjoiMjgwNGY3MzItMTU0My00Y2RlLTkzMzctOTNlMzNiODhiZDg3IiwidXNlcklkIjoidXNlci01N3BweDl2NjEiLCJpYXQiOjE3NzU4MDUxMDMsImV4cCI6MTc3ODM5NzEwM30.IP1Q_p4Be_EXvDo2n9yLDJpvKP3ocQzTvqfXKwhCb8Q','2026-05-10T07:11:43.896Z','2026-04-10 07:11:43');
INSERT INTO "sessions" ("id","user_id","refresh_token","expires_at","created_at") VALUES('0983453a-33b3-4421-939d-47665ced8f06','user-57ppx9v61','eyJhbGciOiJIUzI1NiJ9.eyJ0b2tlbklkIjoiMDk4MzQ1M2EtMzNiMy00NDIxLTkzOWQtNDc2NjVjZWQ4ZjA2IiwidXNlcklkIjoidXNlci01N3BweDl2NjEiLCJpYXQiOjE3NzU4MDUxMTMsImV4cCI6MTc3ODM5NzExM30.lAMQ8pIsMkCuwFzUaliSjxs-WMsxiXqLSp0_kcefwQA','2026-05-10T07:11:53.135Z','2026-04-10 07:11:53');
INSERT INTO "sessions" ("id","user_id","refresh_token","expires_at","created_at") VALUES('9d8e19d5-182c-4761-87b6-f64d955464b8','user-57ppx9v61','eyJhbGciOiJIUzI1NiJ9.eyJ0b2tlbklkIjoiOWQ4ZTE5ZDUtMTgyYy00NzYxLTg3YjYtZjY0ZDk1NTQ2NGI4IiwidXNlcklkIjoidXNlci01N3BweDl2NjEiLCJpYXQiOjE3NzU4MDUxNTAsImV4cCI6MTc3ODM5NzE1MH0.Xjj0zANrNQ1oVosZpXwUiQG9wSaW_BZWlASzY9tT-cQ','2026-05-10T07:12:30.633Z','2026-04-10 07:12:30');
INSERT INTO "sessions" ("id","user_id","refresh_token","expires_at","created_at") VALUES('87e994e4-1e0e-4fec-9492-d64913b83466','user-57ppx9v61','eyJhbGciOiJIUzI1NiJ9.eyJ0b2tlbklkIjoiODdlOTk0ZTQtMWUwZS00ZmVjLTk0OTItZDY0OTEzYjgzNDY2IiwidXNlcklkIjoidXNlci01N3BweDl2NjEiLCJpYXQiOjE3NzU4MDUxNzEsImV4cCI6MTc3ODM5NzE3MX0.pNBTbA9mpymUwKKZWyxPOvTMyTQySfGu5ikZm2BIj6s','2026-05-10T07:12:51.579Z','2026-04-10 07:12:51');
INSERT INTO "sessions" ("id","user_id","refresh_token","expires_at","created_at") VALUES('667ae086-c3b0-43ae-92ab-258be4f16d17','user-57ppx9v61','eyJhbGciOiJIUzI1NiJ9.eyJ0b2tlbklkIjoiNjY3YWUwODYtYzNiMC00M2FlLTkyYWItMjU4YmU0ZjE2ZDE3IiwidXNlcklkIjoidXNlci01N3BweDl2NjEiLCJpYXQiOjE3NzU4MTk2MjcsImV4cCI6MTc3ODQxMTYyN30.-tcJCNmT0AL9IMSZD8c6HzWuKbYmz9B2HOygMACDl-8','2026-05-10T11:13:47.448Z','2026-04-10 11:13:47');
INSERT INTO "sessions" ("id","user_id","refresh_token","expires_at","created_at") VALUES('f8bd09b3-4288-4e3d-b8c0-037267dd85df','user-57ppx9v61','eyJhbGciOiJIUzI1NiJ9.eyJ0b2tlbklkIjoiZjhiZDA5YjMtNDI4OC00ZTNkLWI4YzAtMDM3MjY3ZGQ4NWRmIiwidXNlcklkIjoidXNlci01N3BweDl2NjEiLCJpYXQiOjE3NzU4MjA0MDAsImV4cCI6MTc3ODQxMjQwMH0.mfv1MaNrxaKKZqqGT7GQ2d1WdZ9GZCOYSv4owkJExUo','2026-05-10T11:26:40.031Z','2026-04-10 11:26:40');
INSERT INTO "sessions" ("id","user_id","refresh_token","expires_at","created_at") VALUES('3495d6a2-d8f9-42e1-b309-b94e5016400a','user-57ppx9v61','eyJhbGciOiJIUzI1NiJ9.eyJ0b2tlbklkIjoiMzQ5NWQ2YTItZDhmOS00MmUxLWIzMDktYjk0ZTUwMTY0MDBhIiwidXNlcklkIjoidXNlci01N3BweDl2NjEiLCJpYXQiOjE3NzU4MjA0MDAsImV4cCI6MTc3ODQxMjQwMH0.FcN4IoEM-HvpCMT0T1ridaoACWVWDrtLFtoMrhFdVtg','2026-05-10T11:26:40.041Z','2026-04-10 11:26:40');
INSERT INTO "sessions" ("id","user_id","refresh_token","expires_at","created_at") VALUES('28121261-3558-49ba-b027-1f37c64ee304','user-57ppx9v61','eyJhbGciOiJIUzI1NiJ9.eyJ0b2tlbklkIjoiMjgxMjEyNjEtMzU1OC00OWJhLWIwMjctMWYzN2M2NGVlMzA0IiwidXNlcklkIjoidXNlci01N3BweDl2NjEiLCJpYXQiOjE3NzU4MzI0NzAsImV4cCI6MTc3ODQyNDQ3MH0.zrbqT4aGrB6IVwGAHABq2Lmoye_c3ASYQM8MnTbklcg','2026-05-10T14:47:50.613Z','2026-04-10 14:47:50');
INSERT INTO "sessions" ("id","user_id","refresh_token","expires_at","created_at") VALUES('9ca1a815-fdbc-4d27-81a2-b41cd389e80d','user-57ppx9v61','eyJhbGciOiJIUzI1NiJ9.eyJ0b2tlbklkIjoiOWNhMWE4MTUtZmRiYy00ZDI3LTgxYTItYjQxY2QzODllODBkIiwidXNlcklkIjoidXNlci01N3BweDl2NjEiLCJpYXQiOjE3NzU4MzI1MTAsImV4cCI6MTc3ODQyNDUxMH0.WVA8mriKsyx_cYKQ5EpPLEgsRGvZ7s3quy-aBKqyqLo','2026-05-10T14:48:30.163Z','2026-04-10 14:48:30');
INSERT INTO "sessions" ("id","user_id","refresh_token","expires_at","created_at") VALUES('dacae110-e3b8-4d32-82d8-3111b7c26f68','user-57ppx9v61','eyJhbGciOiJIUzI1NiJ9.eyJ0b2tlbklkIjoiZGFjYWUxMTAtZTNiOC00ZDMyLTgyZDgtMzExMWI3YzI2ZjY4IiwidXNlcklkIjoidXNlci01N3BweDl2NjEiLCJpYXQiOjE3NzU4MzI1MjgsImV4cCI6MTc3ODQyNDUyOH0.h1_W3f7GJcZOk5KHs0UMi2eocnoMx5uV5UgzZiIJCGk','2026-05-10T14:48:48.343Z','2026-04-10 14:48:48');
INSERT INTO "sessions" ("id","user_id","refresh_token","expires_at","created_at") VALUES('7ce23948-e596-4289-a6df-b6bb9cef487c','user-57ppx9v61','eyJhbGciOiJIUzI1NiJ9.eyJ0b2tlbklkIjoiN2NlMjM5NDgtZTU5Ni00Mjg5LWE2ZGYtYjZiYjljZWY0ODdjIiwidXNlcklkIjoidXNlci01N3BweDl2NjEiLCJpYXQiOjE3NzU4MzI2OTIsImV4cCI6MTc3ODQyNDY5Mn0.bI-zes86mOrhK5sgl5TDbs_NoDnv-qrZU95j03gfhaI','2026-05-10T14:51:32.565Z','2026-04-10 14:51:32');
INSERT INTO "sessions" ("id","user_id","refresh_token","expires_at","created_at") VALUES('08d39241-9d2b-4629-8844-39c8a3b6b0fe','user-57ppx9v61','eyJhbGciOiJIUzI1NiJ9.eyJ0b2tlbklkIjoiMDhkMzkyNDEtOWQyYi00NjI5LTg4NDQtMzljOGEzYjZiMGZlIiwidXNlcklkIjoidXNlci01N3BweDl2NjEiLCJpYXQiOjE3NzU4MzI3MjEsImV4cCI6MTc3ODQyNDcyMX0.LJ4QSs1Fc61TlFPybAbpa1oVNGF1Sd-Rm8GMJ1xYiis','2026-05-10T14:52:01.475Z','2026-04-10 14:52:01');
INSERT INTO "sessions" ("id","user_id","refresh_token","expires_at","created_at") VALUES('dd41e10f-e936-43c8-b5e0-8846c6cd6e1e','user-57ppx9v61','eyJhbGciOiJIUzI1NiJ9.eyJ0b2tlbklkIjoiZGQ0MWUxMGYtZTkzNi00M2M4LWI1ZTAtODg0NmM2Y2Q2ZTFlIiwidXNlcklkIjoidXNlci01N3BweDl2NjEiLCJpYXQiOjE3NzU4MzUzNTIsImV4cCI6MTc3ODQyNzM1Mn0.oCKN-4eLinFe30O4kpFgr0egK1Xrr-mZ8ys8xPMQH1c','2026-05-10T15:35:52.992Z','2026-04-10 15:35:53');
INSERT INTO "sessions" ("id","user_id","refresh_token","expires_at","created_at") VALUES('54f29f59-ea85-47a4-91bc-8eb5511cf107','user-57ppx9v61','eyJhbGciOiJIUzI1NiJ9.eyJ0b2tlbklkIjoiNTRmMjlmNTktZWE4NS00N2E0LTkxYmMtOGViNTUxMWNmMTA3IiwidXNlcklkIjoidXNlci01N3BweDl2NjEiLCJpYXQiOjE3NzU4MzUzNzAsImV4cCI6MTc3ODQyNzM3MH0.97cOkz8cF-f5bEl0XLJ5D3OGEQDKE62megfpMnOW8H4','2026-05-10T15:36:10.661Z','2026-04-10 15:36:10');
INSERT INTO "sessions" ("id","user_id","refresh_token","expires_at","created_at") VALUES('b8eb7dbd-dd9d-4a4e-a9bd-216b4f333b36','user-57ppx9v61','eyJhbGciOiJIUzI1NiJ9.eyJ0b2tlbklkIjoiYjhlYjdkYmQtZGQ5ZC00YTRlLWE5YmQtMjE2YjRmMzMzYjM2IiwidXNlcklkIjoidXNlci01N3BweDl2NjEiLCJpYXQiOjE3NzU4MzU0MTIsImV4cCI6MTc3ODQyNzQxMn0.8BDjlxVCPAGraHHQPlcltVyt81jAeDaib4ML7oXUXXQ','2026-05-10T15:36:52.177Z','2026-04-10 15:36:52');
INSERT INTO "sessions" ("id","user_id","refresh_token","expires_at","created_at") VALUES('ae80594a-1e8b-4f61-a066-fae2c9576af3','user-57ppx9v61','eyJhbGciOiJIUzI1NiJ9.eyJ0b2tlbklkIjoiYWU4MDU5NGEtMWU4Yi00ZjYxLWEwNjYtZmFlMmM5NTc2YWYzIiwidXNlcklkIjoidXNlci01N3BweDl2NjEiLCJpYXQiOjE3NzU4MzU3MDUsImV4cCI6MTc3ODQyNzcwNX0.PC80QTGVF8iFnOax-mOi4GDUg8n4qdbS9w1khHumOxY','2026-05-10T15:41:45.336Z','2026-04-10 15:41:45');
INSERT INTO "sessions" ("id","user_id","refresh_token","expires_at","created_at") VALUES('bb29f59d-128a-47e7-8ffb-5b9d7d200cad','user-57ppx9v61','eyJhbGciOiJIUzI1NiJ9.eyJ0b2tlbklkIjoiYmIyOWY1OWQtMTI4YS00N2U3LThmZmItNWI5ZDdkMjAwY2FkIiwidXNlcklkIjoidXNlci01N3BweDl2NjEiLCJpYXQiOjE3NzU4MzU3NDAsImV4cCI6MTc3ODQyNzc0MH0.DNCr0d0MGRK8zZl0cWRCpX_AjCG8ljOwxLvlSY4xles','2026-05-10T15:42:20.976Z','2026-04-10 15:42:21');
INSERT INTO "sessions" ("id","user_id","refresh_token","expires_at","created_at") VALUES('86c05dfb-a158-4c8d-abf4-2495855c9e5b','user-57ppx9v61','eyJhbGciOiJIUzI1NiJ9.eyJ0b2tlbklkIjoiODZjMDVkZmItYTE1OC00YzhkLWFiZjQtMjQ5NTg1NWM5ZTViIiwidXNlcklkIjoidXNlci01N3BweDl2NjEiLCJpYXQiOjE3NzU4MzU3NzcsImV4cCI6MTc3ODQyNzc3N30.fqQHXUViYUaYqvRxP99RYY5s_rBIup2t2yYgAV8qFSE','2026-05-10T15:42:57.980Z','2026-04-10 15:42:58');
INSERT INTO "sessions" ("id","user_id","refresh_token","expires_at","created_at") VALUES('58ae303e-b998-4255-ae4f-5ffc9b539221','user-57ppx9v61','eyJhbGciOiJIUzI1NiJ9.eyJ0b2tlbklkIjoiNThhZTMwM2UtYjk5OC00MjU1LWFlNGYtNWZmYzliNTM5MjIxIiwidXNlcklkIjoidXNlci01N3BweDl2NjEiLCJpYXQiOjE3NzU4MzU3OTcsImV4cCI6MTc3ODQyNzc5N30.s__21zoVuRTte988fNwWWNNrG_XDnZ-tS_FySEwXbT0','2026-05-10T15:43:17.549Z','2026-04-10 15:43:17');
INSERT INTO "sessions" ("id","user_id","refresh_token","expires_at","created_at") VALUES('24e7376b-3089-4719-98d1-6d8891755f5c','user-57ppx9v61','eyJhbGciOiJIUzI1NiJ9.eyJ0b2tlbklkIjoiMjRlNzM3NmItMzA4OS00NzE5LTk4ZDEtNmQ4ODkxNzU1ZjVjIiwidXNlcklkIjoidXNlci01N3BweDl2NjEiLCJpYXQiOjE3NzU4MzU4MzQsImV4cCI6MTc3ODQyNzgzNH0.UUhi8syEaAZn4kVj-WeWrykzrmnCk_GI6RfZ_EGsAYU','2026-05-10T15:43:54.453Z','2026-04-10 15:43:54');
INSERT INTO "sessions" ("id","user_id","refresh_token","expires_at","created_at") VALUES('1e8dc5a1-bb1c-415a-bdbb-8b7177e56980','user-57ppx9v61','eyJhbGciOiJIUzI1NiJ9.eyJ0b2tlbklkIjoiMWU4ZGM1YTEtYmIxYy00MTVhLWJkYmItOGI3MTc3ZTU2OTgwIiwidXNlcklkIjoidXNlci01N3BweDl2NjEiLCJpYXQiOjE3NzU4MzU4NzEsImV4cCI6MTc3ODQyNzg3MX0.YWwj1xIcUWdZYejvZDF98FgAuSMaQ0k5zF92Rj1Iin8','2026-05-10T15:44:31.127Z','2026-04-10 15:44:31');
INSERT INTO "sessions" ("id","user_id","refresh_token","expires_at","created_at") VALUES('9ef31570-65d8-459f-8ed8-ffafa43fa9ad','user-57ppx9v61','eyJhbGciOiJIUzI1NiJ9.eyJ0b2tlbklkIjoiOWVmMzE1NzAtNjVkOC00NTlmLThlZDgtZmZhZmE0M2ZhOWFkIiwidXNlcklkIjoidXNlci01N3BweDl2NjEiLCJpYXQiOjE3NzU4MzU5MzksImV4cCI6MTc3ODQyNzkzOX0.Tolq3yBPw3_LVSUzR_kDHbQArbfR1QDV7z_oHrjHpMw','2026-05-10T15:45:39.554Z','2026-04-10 15:45:39');
INSERT INTO "sessions" ("id","user_id","refresh_token","expires_at","created_at") VALUES('ad8335fb-e8ee-43d9-a48a-5bdaaa4be18b','user-57ppx9v61','eyJhbGciOiJIUzI1NiJ9.eyJ0b2tlbklkIjoiYWQ4MzM1ZmItZThlZS00M2Q5LWE0OGEtNWJkYWFhNGJlMThiIiwidXNlcklkIjoidXNlci01N3BweDl2NjEiLCJpYXQiOjE3NzU4MzU5NTQsImV4cCI6MTc3ODQyNzk1NH0.gyZnmc4B8Vk1EKrdDwZ1IXTacSv8_KiwUNGq_zF2nhQ','2026-05-10T15:45:54.781Z','2026-04-10 15:45:54');
INSERT INTO "sessions" ("id","user_id","refresh_token","expires_at","created_at") VALUES('17c742d0-e4e6-4cf4-a511-5cc9c10548b8','user-57ppx9v61','eyJhbGciOiJIUzI1NiJ9.eyJ0b2tlbklkIjoiMTdjNzQyZDAtZTRlNi00Y2Y0LWE1MTEtNWNjOWMxMDU0OGI4IiwidXNlcklkIjoidXNlci01N3BweDl2NjEiLCJpYXQiOjE3NzU4MzU5NzUsImV4cCI6MTc3ODQyNzk3NX0.FoSzyb43638G-eCzk7z6qLrUscadTk5Rlc6DNiOpPuM','2026-05-10T15:46:15.171Z','2026-04-10 15:46:15');
INSERT INTO "sessions" ("id","user_id","refresh_token","expires_at","created_at") VALUES('d307df4e-e01f-42ac-ab0e-a780f329090c','user-57ppx9v61','eyJhbGciOiJIUzI1NiJ9.eyJ0b2tlbklkIjoiZDMwN2RmNGUtZTAxZi00MmFjLWFiMGUtYTc4MGYzMjkwOTBjIiwidXNlcklkIjoidXNlci01N3BweDl2NjEiLCJpYXQiOjE3NzU4MzU5ODcsImV4cCI6MTc3ODQyNzk4N30.dhPTsIDwWupC6NnSvqUwAQ5CRBO9dJ7VvVIsPHTurdM','2026-05-10T15:46:27.239Z','2026-04-10 15:46:27');
INSERT INTO "sessions" ("id","user_id","refresh_token","expires_at","created_at") VALUES('620c8b8c-a93f-4c3d-8637-93d96aee5deb','user-57ppx9v61','eyJhbGciOiJIUzI1NiJ9.eyJ0b2tlbklkIjoiNjIwYzhiOGMtYTkzZi00YzNkLTg2MzctOTNkOTZhZWU1ZGViIiwidXNlcklkIjoidXNlci01N3BweDl2NjEiLCJpYXQiOjE3NzU4NjczMDksImV4cCI6MTc3ODQ1OTMwOX0.e4i48Ajy4Kkevb7sH4TPnF20Mtx0_MXyOF0ci1yPMKo','2026-05-11T00:28:29.516Z','2026-04-11 00:28:29');
INSERT INTO "sessions" ("id","user_id","refresh_token","expires_at","created_at") VALUES('f80e41c8-5404-4356-a702-6241ee75d5a2','user-57ppx9v61','eyJhbGciOiJIUzI1NiJ9.eyJ0b2tlbklkIjoiZjgwZTQxYzgtNTQwNC00MzU2LWE3MDItNjI0MWVlNzVkNWEyIiwidXNlcklkIjoidXNlci01N3BweDl2NjEiLCJpYXQiOjE3NzU4NjczNTAsImV4cCI6MTc3ODQ1OTM1MH0.FL70FhC4ouDBSljlYdWIF2_v4eBds-P0eoJWAR-4urs','2026-05-11T00:29:10.856Z','2026-04-11 00:29:10');
INSERT INTO "sessions" ("id","user_id","refresh_token","expires_at","created_at") VALUES('60df492e-63da-4a2a-9ead-18917c59577f','user-57ppx9v61','eyJhbGciOiJIUzI1NiJ9.eyJ0b2tlbklkIjoiNjBkZjQ5MmUtNjNkYS00YTJhLTllYWQtMTg5MTdjNTk1NzdmIiwidXNlcklkIjoidXNlci01N3BweDl2NjEiLCJpYXQiOjE3NzU4NjgwMzIsImV4cCI6MTc3ODQ2MDAzMn0.oz_cjNhDHiwNkpFBnQ0VOaIuynUZ_2ZPqQaYa0r4FPg','2026-05-11T00:40:32.954Z','2026-04-11 00:40:32');
INSERT INTO "sessions" ("id","user_id","refresh_token","expires_at","created_at") VALUES('8939f218-139a-4261-8e11-89732b092a60','user-57ppx9v61','eyJhbGciOiJIUzI1NiJ9.eyJ0b2tlbklkIjoiODkzOWYyMTgtMTM5YS00MjYxLThlMTEtODk3MzJiMDkyYTYwIiwidXNlcklkIjoidXNlci01N3BweDl2NjEiLCJpYXQiOjE3NzU4NzA0MjYsImV4cCI6MTc3ODQ2MjQyNn0.zpa3idHA2Sj-0HEivZoA3LQH_GyE1CfxThl44ZrTEJ4','2026-05-11T01:20:26.912Z','2026-04-11 01:20:26');
INSERT INTO "sessions" ("id","user_id","refresh_token","expires_at","created_at") VALUES('0cc872a9-40c4-44fb-b7fa-b4486b839e73','user-57ppx9v61','eyJhbGciOiJIUzI1NiJ9.eyJ0b2tlbklkIjoiMGNjODcyYTktNDBjNC00NGZiLWI3ZmEtYjQ0ODZiODM5ZTczIiwidXNlcklkIjoidXNlci01N3BweDl2NjEiLCJpYXQiOjE3NzU4NzA0NTMsImV4cCI6MTc3ODQ2MjQ1M30.ovw1Zn2nuPnoEEesdZ8H5SEDg6UZGB77XwbWkxTSbTI','2026-05-11T01:20:53.414Z','2026-04-11 01:20:53');
INSERT INTO "sessions" ("id","user_id","refresh_token","expires_at","created_at") VALUES('a2d71dde-ca13-4b38-a4fd-c9d426462162','user-57ppx9v61','eyJhbGciOiJIUzI1NiJ9.eyJ0b2tlbklkIjoiYTJkNzFkZGUtY2ExMy00YjM4LWE0ZmQtYzlkNDI2NDYyMTYyIiwidXNlcklkIjoidXNlci01N3BweDl2NjEiLCJpYXQiOjE3NzU4OTg5NjUsImV4cCI6MTc3ODQ5MDk2NX0.NIHs_LbwiUrryzzPBvtOYzHoRZ079wJmmqU7VUfG3K4','2026-05-11T09:16:05.266Z','2026-04-11 09:16:05');
INSERT INTO "sessions" ("id","user_id","refresh_token","expires_at","created_at") VALUES('5eb07dcb-6a54-4326-ab6f-07727315fa8d','user-57ppx9v61','eyJhbGciOiJIUzI1NiJ9.eyJ0b2tlbklkIjoiNWViMDdkY2ItNmE1NC00MzI2LWFiNmYtMDc3MjczMTVmYThkIiwidXNlcklkIjoidXNlci01N3BweDl2NjEiLCJpYXQiOjE3NzU5MDQ5MjYsImV4cCI6MTc3ODQ5NjkyNn0.OE9xNO1mGhdyggaRbjtgcQ2DqE-CLm67vGqNtQLxh1Q','2026-05-11T10:55:26.342Z','2026-04-11 10:55:26');
INSERT INTO "sessions" ("id","user_id","refresh_token","expires_at","created_at") VALUES('9e2a106f-8ebb-45ec-8df1-67261631531f','user-57ppx9v61','eyJhbGciOiJIUzI1NiJ9.eyJ0b2tlbklkIjoiOWUyYTEwNmYtOGViYi00NWVjLThkZjEtNjcyNjE2MzE1MzFmIiwidXNlcklkIjoidXNlci01N3BweDl2NjEiLCJpYXQiOjE3NzU5MDQ5MjYsImV4cCI6MTc3ODQ5NjkyNn0.4-w2zerfx49o0Qv0Xu8oCEG82zXi3f5cv3k6ftpxU9M','2026-05-11T10:55:26.822Z','2026-04-11 10:55:26');
INSERT INTO "sessions" ("id","user_id","refresh_token","expires_at","created_at") VALUES('9b304db5-b618-45a9-a0ac-23b3b85ac752','user-57ppx9v61','eyJhbGciOiJIUzI1NiJ9.eyJ0b2tlbklkIjoiOWIzMDRkYjUtYjYxOC00NWE5LWEwYWMtMjNiM2I4NWFjNzUyIiwidXNlcklkIjoidXNlci01N3BweDl2NjEiLCJpYXQiOjE3NzU5MTM2NDYsImV4cCI6MTc3ODUwNTY0Nn0.QNsQCPUOe5T4PEO4QpI2nc4-7phi3DRLHghz3TsbJ_s','2026-05-11T13:20:46.295Z','2026-04-11 13:20:46');
INSERT INTO "sessions" ("id","user_id","refresh_token","expires_at","created_at") VALUES('4f5c81df-4353-498f-985f-d948ccf2f611','user-57ppx9v61','eyJhbGciOiJIUzI1NiJ9.eyJ0b2tlbklkIjoiNGY1YzgxZGYtNDM1My00OThmLTk4NWYtZDk0OGNjZjJmNjExIiwidXNlcklkIjoidXNlci01N3BweDl2NjEiLCJpYXQiOjE3NzU5MTM4ODcsImV4cCI6MTc3ODUwNTg4N30.eU5iLGZT-YZg7Zm8rEzZmxkHYQZXn4POqo09nFZ1mhU','2026-05-11T13:24:47.871Z','2026-04-11 13:24:47');
INSERT INTO "sessions" ("id","user_id","refresh_token","expires_at","created_at") VALUES('dc237263-09e5-4a3a-b0b8-3bbd20a81867','user-57ppx9v61','eyJhbGciOiJIUzI1NiJ9.eyJ0b2tlbklkIjoiZGMyMzcyNjMtMDllNS00YTNhLWIwYjgtM2JiZDIwYTgxODY3IiwidXNlcklkIjoidXNlci01N3BweDl2NjEiLCJpYXQiOjE3NzU5MTM5NjUsImV4cCI6MTc3ODUwNTk2NX0.WUmkE60owDZrrhRS5fO38F6oqYBeCMZC8y6_UD-JnYI','2026-05-11T13:26:05.424Z','2026-04-11 13:26:05');
INSERT INTO "sessions" ("id","user_id","refresh_token","expires_at","created_at") VALUES('8127d435-5156-4d13-a478-2737db1e2f59','user-57ppx9v61','eyJhbGciOiJIUzI1NiJ9.eyJ0b2tlbklkIjoiODEyN2Q0MzUtNTE1Ni00ZDEzLWE0NzgtMjczN2RiMWUyZjU5IiwidXNlcklkIjoidXNlci01N3BweDl2NjEiLCJpYXQiOjE3NzU5MTQwMzksImV4cCI6MTc3ODUwNjAzOX0.adQVzFFwrPYcllIBec3acD1WsalZjY60f-zBYa6-4SE','2026-05-11T13:27:19.753Z','2026-04-11 13:27:19');
INSERT INTO "sessions" ("id","user_id","refresh_token","expires_at","created_at") VALUES('adfe63f6-431f-46b2-b1b7-3479962af133','user-57ppx9v61','eyJhbGciOiJIUzI1NiJ9.eyJ0b2tlbklkIjoiYWRmZTYzZjYtNDMxZi00NmIyLWIxYjctMzQ3OTk2MmFmMTMzIiwidXNlcklkIjoidXNlci01N3BweDl2NjEiLCJpYXQiOjE3NzU5MTQwNzYsImV4cCI6MTc3ODUwNjA3Nn0.pynof7Sw0uKM79mSu0h3aQnvhIGkH6FwYDtkcfhH4v8','2026-05-11T13:27:56.665Z','2026-04-11 13:27:56');
INSERT INTO "sessions" ("id","user_id","refresh_token","expires_at","created_at") VALUES('112dbf98-d317-4159-981f-233b69995a8a','user-57ppx9v61','eyJhbGciOiJIUzI1NiJ9.eyJ0b2tlbklkIjoiMTEyZGJmOTgtZDMxNy00MTU5LTk4MWYtMjMzYjY5OTk1YThhIiwidXNlcklkIjoidXNlci01N3BweDl2NjEiLCJpYXQiOjE3NzU5MTQxMDIsImV4cCI6MTc3ODUwNjEwMn0.5lYMbgN37B38uBPx04NRaJywsnBt-o8penoxa2txWZk','2026-05-11T13:28:22.192Z','2026-04-11 13:28:22');
INSERT INTO "sessions" ("id","user_id","refresh_token","expires_at","created_at") VALUES('34dd6d39-75dd-48c5-8e7c-377f8ee1f4e3','user-57ppx9v61','eyJhbGciOiJIUzI1NiJ9.eyJ0b2tlbklkIjoiMzRkZDZkMzktNzVkZC00OGM1LThlN2MtMzc3ZjhlZTFmNGUzIiwidXNlcklkIjoidXNlci01N3BweDl2NjEiLCJpYXQiOjE3NzU5MTQxMTcsImV4cCI6MTc3ODUwNjExN30.t0-zP8b8pCYXwuSFLa7oNd1r6_w_rigJ6cYHmtDELv4','2026-05-11T13:28:37.168Z','2026-04-11 13:28:37');
INSERT INTO "sessions" ("id","user_id","refresh_token","expires_at","created_at") VALUES('83583dd4-9f87-4d97-aed0-cc4f1a084fd2','user-57ppx9v61','eyJhbGciOiJIUzI1NiJ9.eyJ0b2tlbklkIjoiODM1ODNkZDQtOWY4Ny00ZDk3LWFlZDAtY2M0ZjFhMDg0ZmQyIiwidXNlcklkIjoidXNlci01N3BweDl2NjEiLCJpYXQiOjE3NzU5MTQxNTIsImV4cCI6MTc3ODUwNjE1Mn0.rt7UGN9YYOHPYOLROACvpTyu2YZDyyd_jM0Su_u_mJY','2026-05-11T13:29:12.768Z','2026-04-11 13:29:12');
INSERT INTO "sessions" ("id","user_id","refresh_token","expires_at","created_at") VALUES('c0a68ca2-5643-4600-8eea-33404cfe1e1b','user-57ppx9v61','eyJhbGciOiJIUzI1NiJ9.eyJ0b2tlbklkIjoiYzBhNjhjYTItNTY0My00NjAwLThlZWEtMzM0MDRjZmUxZTFiIiwidXNlcklkIjoidXNlci01N3BweDl2NjEiLCJpYXQiOjE3NzU5MTQ0MTksImV4cCI6MTc3ODUwNjQxOX0.ZReHw48Nm0wDYUlZaQDJrxLBeaHDFc1lq-wZYmnloeI','2026-05-11T13:33:39.314Z','2026-04-11 13:33:39');
INSERT INTO "sessions" ("id","user_id","refresh_token","expires_at","created_at") VALUES('23ed1f2e-09c1-4412-a390-c35c98546895','user-57ppx9v61','eyJhbGciOiJIUzI1NiJ9.eyJ0b2tlbklkIjoiMjNlZDFmMmUtMDljMS00NDEyLWEzOTAtYzM1Yzk4NTQ2ODk1IiwidXNlcklkIjoidXNlci01N3BweDl2NjEiLCJpYXQiOjE3NzU5MTY3NDgsImV4cCI6MTc3ODUwODc0OH0.fQ-EwT7KBcU0fh2okAi4jviFJzhkLZB_BgAurO6ehqk','2026-05-11T14:12:28.098Z','2026-04-11 14:12:28');
INSERT INTO "sessions" ("id","user_id","refresh_token","expires_at","created_at") VALUES('89830a4b-cf98-4995-a04a-44c2cb3a2f8c','user-57ppx9v61','eyJhbGciOiJIUzI1NiJ9.eyJ0b2tlbklkIjoiODk4MzBhNGItY2Y5OC00OTk1LWEwNGEtNDRjMmNiM2EyZjhjIiwidXNlcklkIjoidXNlci01N3BweDl2NjEiLCJpYXQiOjE3NzU5MTY3NTcsImV4cCI6MTc3ODUwODc1N30.oid-5XIvU3Aq6NVINb0l7I-YjOT7i6EcbR_rSqqaR9M','2026-05-11T14:12:37.362Z','2026-04-11 14:12:37');
INSERT INTO "sessions" ("id","user_id","refresh_token","expires_at","created_at") VALUES('a8a9c2f0-217c-44f0-855e-30ac7009a9d5','user-57ppx9v61','eyJhbGciOiJIUzI1NiJ9.eyJ0b2tlbklkIjoiYThhOWMyZjAtMjE3Yy00NGYwLTg1NWUtMzBhYzcwMDlhOWQ1IiwidXNlcklkIjoidXNlci01N3BweDl2NjEiLCJpYXQiOjE3NzU5MTcwNTEsImV4cCI6MTc3ODUwOTA1MX0.XOjmm3dRCwxNe8iEAfUW9YEkZgBip7H1QLaVhO6N390','2026-05-11T14:17:31.711Z','2026-04-11 14:17:31');
INSERT INTO "sessions" ("id","user_id","refresh_token","expires_at","created_at") VALUES('9c70315b-a07c-4a7f-ab2b-9133e104f3a3','user-57ppx9v61','eyJhbGciOiJIUzI1NiJ9.eyJ0b2tlbklkIjoiOWM3MDMxNWItYTA3Yy00YTdmLWFiMmItOTEzM2UxMDRmM2EzIiwidXNlcklkIjoidXNlci01N3BweDl2NjEiLCJpYXQiOjE3NzU5MjAxNjMsImV4cCI6MTc3ODUxMjE2M30.SriI42TsyZ7PwsO2Or_cK4ZCEnwKe0Qx7uby5UI8qYA','2026-05-11T15:09:23.485Z','2026-04-11 15:09:23');
INSERT INTO "sessions" ("id","user_id","refresh_token","expires_at","created_at") VALUES('2fa1b3ce-0735-4b50-90fc-1d64e028b559','user-57ppx9v61','eyJhbGciOiJIUzI1NiJ9.eyJ0b2tlbklkIjoiMmZhMWIzY2UtMDczNS00YjUwLTkwZmMtMWQ2NGUwMjhiNTU5IiwidXNlcklkIjoidXNlci01N3BweDl2NjEiLCJpYXQiOjE3NzU5MjAxNzgsImV4cCI6MTc3ODUxMjE3OH0.dlX8rP_fjAKhChOhK0KWReS3c2QIL4i9tcnamRBRbt0','2026-05-11T15:09:38.407Z','2026-04-11 15:09:38');
INSERT INTO "sessions" ("id","user_id","refresh_token","expires_at","created_at") VALUES('854909cf-fd4a-4343-b2e0-a56d8b051068','user-57ppx9v61','eyJhbGciOiJIUzI1NiJ9.eyJ0b2tlbklkIjoiODU0OTA5Y2YtZmQ0YS00MzQzLWIyZTAtYTU2ZDhiMDUxMDY4IiwidXNlcklkIjoidXNlci01N3BweDl2NjEiLCJpYXQiOjE3NzU5MjAyMDMsImV4cCI6MTc3ODUxMjIwM30.UlBW2xXVAuwQiiQi16BXx2HU6_beU9ia1wMr3WGZntc','2026-05-11T15:10:03.444Z','2026-04-11 15:10:03');
INSERT INTO "sessions" ("id","user_id","refresh_token","expires_at","created_at") VALUES('838b5ca4-c754-4251-9f22-8cc857cc5d19','user-57ppx9v61','eyJhbGciOiJIUzI1NiJ9.eyJ0b2tlbklkIjoiODM4YjVjYTQtYzc1NC00MjUxLTlmMjItOGNjODU3Y2M1ZDE5IiwidXNlcklkIjoidXNlci01N3BweDl2NjEiLCJpYXQiOjE3NzU5MjAyODIsImV4cCI6MTc3ODUxMjI4Mn0.IVdiA0Am8jzE1WMDpwPyH7jsceKmHo8pBg3Skta-3Es','2026-05-11T15:11:22.561Z','2026-04-11 15:11:22');
INSERT INTO "sessions" ("id","user_id","refresh_token","expires_at","created_at") VALUES('cff548ef-5165-46b6-9537-996b0ac2ca07','user-57ppx9v61','eyJhbGciOiJIUzI1NiJ9.eyJ0b2tlbklkIjoiY2ZmNTQ4ZWYtNTE2NS00NmI2LTk1MzctOTk2YjBhYzJjYTA3IiwidXNlcklkIjoidXNlci01N3BweDl2NjEiLCJpYXQiOjE3NzU5MjAzMzgsImV4cCI6MTc3ODUxMjMzOH0.kcEv-uZe6l20kN3ZZQgMPtjdzMn7L-nD7hGbTjP0GBA','2026-05-11T15:12:18.210Z','2026-04-11 15:12:18');
INSERT INTO "sessions" ("id","user_id","refresh_token","expires_at","created_at") VALUES('178a9804-61a5-4ac3-aa00-01f6f9c6e0e1','user-57ppx9v61','eyJhbGciOiJIUzI1NiJ9.eyJ0b2tlbklkIjoiMTc4YTk4MDQtNjFhNS00YWMzLWFhMDAtMDFmNmY5YzZlMGUxIiwidXNlcklkIjoidXNlci01N3BweDl2NjEiLCJpYXQiOjE3NzU5MjQ3MjIsImV4cCI6MTc3ODUxNjcyMn0.xMFHjPY4dMWxm_ySPExqaTEjfwkkikmdGML_p1J3KGw','2026-05-11T16:25:22.827Z','2026-04-11 16:25:22');
INSERT INTO "sessions" ("id","user_id","refresh_token","expires_at","created_at") VALUES('b2ac3bf3-f4d3-4a36-b460-3073a502a2be','user-57ppx9v61','eyJhbGciOiJIUzI1NiJ9.eyJ0b2tlbklkIjoiYjJhYzNiZjMtZjRkMy00YTM2LWI0NjAtMzA3M2E1MDJhMmJlIiwidXNlcklkIjoidXNlci01N3BweDl2NjEiLCJpYXQiOjE3NzU5MjQ3MjIsImV4cCI6MTc3ODUxNjcyMn0.iAuFc17piwCw2_YCHU-egAfWwjQHC0_lgDsTJB_5ZII','2026-05-11T16:25:22.830Z','2026-04-11 16:25:23');
INSERT INTO "sessions" ("id","user_id","refresh_token","expires_at","created_at") VALUES('0cabaeb9-7477-44e0-9958-2f6b56f27da6','user-57ppx9v61','eyJhbGciOiJIUzI1NiJ9.eyJ0b2tlbklkIjoiMGNhYmFlYjktNzQ3Ny00NGUwLTk5NTgtMmY2YjU2ZjI3ZGE2IiwidXNlcklkIjoidXNlci01N3BweDl2NjEiLCJpYXQiOjE3NzU5MjQ3MjIsImV4cCI6MTc3ODUxNjcyMn0.JwBsLult82laULW0XJwo5-chpNhcuNnr2-Znsydkxg0','2026-05-11T16:25:22.831Z','2026-04-11 16:25:23');
INSERT INTO "sessions" ("id","user_id","refresh_token","expires_at","created_at") VALUES('41b4e37a-b77c-4f0d-9567-339110437ca5','user-57ppx9v61','eyJhbGciOiJIUzI1NiJ9.eyJ0b2tlbklkIjoiNDFiNGUzN2EtYjc3Yy00ZjBkLTk1NjctMzM5MTEwNDM3Y2E1IiwidXNlcklkIjoidXNlci01N3BweDl2NjEiLCJpYXQiOjE3NzU5MjQ3MjIsImV4cCI6MTc3ODUxNjcyMn0.ZBNaFuWU39RcK3Dx71NzfKIRpbv2tYmDfQs3kv2UIW4','2026-05-11T16:25:22.832Z','2026-04-11 16:25:23');
INSERT INTO "sessions" ("id","user_id","refresh_token","expires_at","created_at") VALUES('219b60ae-0f20-4f71-b617-422f8c939232','user-57ppx9v61','eyJhbGciOiJIUzI1NiJ9.eyJ0b2tlbklkIjoiMjE5YjYwYWUtMGYyMC00ZjcxLWI2MTctNDIyZjhjOTM5MjMyIiwidXNlcklkIjoidXNlci01N3BweDl2NjEiLCJpYXQiOjE3NzU5Njc1ODAsImV4cCI6MTc3ODU1OTU4MH0.AWfCT-FTresi0rUILJHWe3ITbgj-cfi9SbVeTPTvsL8','2026-05-12T04:19:40.132Z','2026-04-12 04:19:40');
INSERT INTO "sessions" ("id","user_id","refresh_token","expires_at","created_at") VALUES('ddd14a10-759d-4ea6-951c-f0dbd7312542','user-57ppx9v61','eyJhbGciOiJIUzI1NiJ9.eyJ0b2tlbklkIjoiZGRkMTRhMTAtNzU5ZC00ZWE2LTk1MWMtZjBkYmQ3MzEyNTQyIiwidXNlcklkIjoidXNlci01N3BweDl2NjEiLCJpYXQiOjE3NzU5Njk2NTMsImV4cCI6MTc3ODU2MTY1M30.DC_4gy3bRv7ZdUJfoQK138gAi-Qz70D91ZEJisdUHMc','2026-05-12T04:54:13.506Z','2026-04-12 04:54:13');
INSERT INTO "sessions" ("id","user_id","refresh_token","expires_at","created_at") VALUES('26cd73b7-8deb-4676-8d13-bfefbb951dae','user-57ppx9v61','eyJhbGciOiJIUzI1NiJ9.eyJ0b2tlbklkIjoiMjZjZDczYjctOGRlYi00Njc2LThkMTMtYmZlZmJiOTUxZGFlIiwidXNlcklkIjoidXNlci01N3BweDl2NjEiLCJpYXQiOjE3NzU5NzA3NzIsImV4cCI6MTc3ODU2Mjc3Mn0.N9HQJBc4WPPYmhrvmZ7YVVMXn6l6pn01M3b12dKSqag','2026-05-12T05:12:52.428Z','2026-04-12 05:12:52');
INSERT INTO "sessions" ("id","user_id","refresh_token","expires_at","created_at") VALUES('bdd780aa-ddb9-496e-b810-4159dbe77c8b','user-57ppx9v61','eyJhbGciOiJIUzI1NiJ9.eyJ0b2tlbklkIjoiYmRkNzgwYWEtZGRiOS00OTZlLWI4MTAtNDE1OWRiZTc3YzhiIiwidXNlcklkIjoidXNlci01N3BweDl2NjEiLCJpYXQiOjE3NzU5OTU1NzAsImV4cCI6MTc3ODU4NzU3MH0.T7MVBQ_ywIlGa7l-V3n4lAvaqjsgweQgy-28CaL3yWM','2026-05-12T12:06:10.695Z','2026-04-12 12:06:10');
INSERT INTO "sessions" ("id","user_id","refresh_token","expires_at","created_at") VALUES('f5772677-1a7b-4c2a-98f3-7495c49d8db5','user-57ppx9v61','eyJhbGciOiJIUzI1NiJ9.eyJ0b2tlbklkIjoiZjU3NzI2NzctMWE3Yi00YzJhLTk4ZjMtNzQ5NWM0OWQ4ZGI1IiwidXNlcklkIjoidXNlci01N3BweDl2NjEiLCJpYXQiOjE3NzU5OTU3MzEsImV4cCI6MTc3ODU4NzczMX0.lULx3xgRbcTGJ9IUx0TqFRvPzeMcx4IIlFSYAav3xHc','2026-05-12T12:08:51.941Z','2026-04-12 12:08:52');
INSERT INTO "sessions" ("id","user_id","refresh_token","expires_at","created_at") VALUES('7f860134-acda-4c41-9c5f-7736a65379d9','user-57ppx9v61','eyJhbGciOiJIUzI1NiJ9.eyJ0b2tlbklkIjoiN2Y4NjAxMzQtYWNkYS00YzQxLTljNWYtNzczNmE2NTM3OWQ5IiwidXNlcklkIjoidXNlci01N3BweDl2NjEiLCJpYXQiOjE3NzU5OTU3MzgsImV4cCI6MTc3ODU4NzczOH0.izkmTGxjIXa5NW3TLU9IsEQb92heoEF5TCOLZZ2Q_0I','2026-05-12T12:08:58.828Z','2026-04-12 12:08:58');
INSERT INTO "sessions" ("id","user_id","refresh_token","expires_at","created_at") VALUES('61cd6588-7f3c-4a45-903b-8362fd0df058','user-57ppx9v61','eyJhbGciOiJIUzI1NiJ9.eyJ0b2tlbklkIjoiNjFjZDY1ODgtN2YzYy00YTQ1LTkwM2ItODM2MmZkMGRmMDU4IiwidXNlcklkIjoidXNlci01N3BweDl2NjEiLCJpYXQiOjE3NzU5OTU4NDIsImV4cCI6MTc3ODU4Nzg0Mn0.O_ohcbItafzR_y-83mPyqcvgDK_9g98wNya_9P7u2ag','2026-05-12T12:10:42.825Z','2026-04-12 12:10:42');
INSERT INTO "sessions" ("id","user_id","refresh_token","expires_at","created_at") VALUES('912bf844-feb9-4408-962a-87076e7bf444','user-57ppx9v61','eyJhbGciOiJIUzI1NiJ9.eyJ0b2tlbklkIjoiOTEyYmY4NDQtZmViOS00NDA4LTk2MmEtODcwNzZlN2JmNDQ0IiwidXNlcklkIjoidXNlci01N3BweDl2NjEiLCJpYXQiOjE3NzU5OTk0NDksImV4cCI6MTc3ODU5MTQ0OX0.Jj0l9fIvKYc50_JbDG0KYt9PxUqzhjTrHiQ8EVVml4Y','2026-05-12T13:10:49.085Z','2026-04-12 13:10:49');
INSERT INTO "sessions" ("id","user_id","refresh_token","expires_at","created_at") VALUES('75cb3195-c31a-498b-ba99-148713c6bd3d','user-57ppx9v61','eyJhbGciOiJIUzI1NiJ9.eyJ0b2tlbklkIjoiNzVjYjMxOTUtYzMxYS00OThiLWJhOTktMTQ4NzEzYzZiZDNkIiwidXNlcklkIjoidXNlci01N3BweDl2NjEiLCJpYXQiOjE3NzU5OTk0NDksImV4cCI6MTc3ODU5MTQ0OX0.gEyaPmNAeFQ5b779E0mLB4Sas_GGqVi1KTYJ7yXhRDc','2026-05-12T13:10:49.635Z','2026-04-12 13:10:49');
INSERT INTO "sessions" ("id","user_id","refresh_token","expires_at","created_at") VALUES('669ae45d-a430-470a-bf18-9addde2ff5c0','user-57ppx9v61','eyJhbGciOiJIUzI1NiJ9.eyJ0b2tlbklkIjoiNjY5YWU0NWQtYTQzMC00NzBhLWJmMTgtOWFkZGRlMmZmNWMwIiwidXNlcklkIjoidXNlci01N3BweDl2NjEiLCJpYXQiOjE3NzU5OTk1MzQsImV4cCI6MTc3ODU5MTUzNH0.zdci-U77Maf0r8H005GnGnYd12a0kwNwFWIQCQvUsH0','2026-05-12T13:12:14.188Z','2026-04-12 13:12:14');
INSERT INTO "sessions" ("id","user_id","refresh_token","expires_at","created_at") VALUES('0068d1c1-3b66-4337-a87c-acdf3f7e70cf','user-57ppx9v61','eyJhbGciOiJIUzI1NiJ9.eyJ0b2tlbklkIjoiMDA2OGQxYzEtM2I2Ni00MzM3LWE4N2MtYWNkZjNmN2U3MGNmIiwidXNlcklkIjoidXNlci01N3BweDl2NjEiLCJpYXQiOjE3NzYwMDA3MTEsImV4cCI6MTc3ODU5MjcxMX0.8Sg_MFLs3Eh0KeHePqUmiqfb92yh-_kcHSX_W_FQ2PI','2026-05-12T13:31:51.715Z','2026-04-12 13:31:51');
INSERT INTO "sessions" ("id","user_id","refresh_token","expires_at","created_at") VALUES('0c89d5ad-a6e9-40be-8354-20b65101657d','user-57ppx9v61','eyJhbGciOiJIUzI1NiJ9.eyJ0b2tlbklkIjoiMGM4OWQ1YWQtYTZlOS00MGJlLTgzNTQtMjBiNjUxMDE2NTdkIiwidXNlcklkIjoidXNlci01N3BweDl2NjEiLCJpYXQiOjE3NzYwMDUzMjEsImV4cCI6MTc3ODU5NzMyMX0.EW5a7xldtwUNhkpNTTJ9eJHzbU95IQjL1pyuAs2OrWc','2026-05-12T14:48:41.186Z','2026-04-12 14:48:41');
INSERT INTO "sessions" ("id","user_id","refresh_token","expires_at","created_at") VALUES('c51f1e40-21ac-480a-8f90-fd9da5762339','user-57ppx9v61','eyJhbGciOiJIUzI1NiJ9.eyJ0b2tlbklkIjoiYzUxZjFlNDAtMjFhYy00ODBhLThmOTAtZmQ5ZGE1NzYyMzM5IiwidXNlcklkIjoidXNlci01N3BweDl2NjEiLCJpYXQiOjE3NzYwNDY2ODUsImV4cCI6MTc3ODYzODY4NX0.HFGE5Vvr6SNsHLDMqxOUlXmjEkBw1t3frzg1JSheaBo','2026-05-13T02:18:05.719Z','2026-04-13 02:18:05');
INSERT INTO "sessions" ("id","user_id","refresh_token","expires_at","created_at") VALUES('65a7dd1e-b10b-4932-8f14-e349a4d457b2','user-57ppx9v61','eyJhbGciOiJIUzI1NiJ9.eyJ0b2tlbklkIjoiNjVhN2RkMWUtYjEwYi00OTMyLThmMTQtZTM0OWE0ZDQ1N2IyIiwidXNlcklkIjoidXNlci01N3BweDl2NjEiLCJpYXQiOjE3NzYwNTAzMjQsImV4cCI6MTc3ODY0MjMyNH0.2e__lL2inKidmIftGtrnBLbVgqAlbGzPZ6o4PHJ9iz4','2026-05-13T03:18:44.440Z','2026-04-13 03:18:44');
INSERT INTO "sessions" ("id","user_id","refresh_token","expires_at","created_at") VALUES('6b178d26-ff9d-442b-bf1f-3347d6982161','user-57ppx9v61','eyJhbGciOiJIUzI1NiJ9.eyJ0b2tlbklkIjoiNmIxNzhkMjYtZmY5ZC00NDJiLWJmMWYtMzM0N2Q2OTgyMTYxIiwidXNlcklkIjoidXNlci01N3BweDl2NjEiLCJpYXQiOjE3NzYwNTAzMjQsImV4cCI6MTc3ODY0MjMyNH0.OGwn4bQm7S6QdbNcYefVNElneaCBQJdHX8rkj_ZHzmI','2026-05-13T03:18:44.461Z','2026-04-13 03:18:44');
INSERT INTO "sessions" ("id","user_id","refresh_token","expires_at","created_at") VALUES('a0282635-7383-4a07-8062-408251e694be','user-57ppx9v61','eyJhbGciOiJIUzI1NiJ9.eyJ0b2tlbklkIjoiYTAyODI2MzUtNzM4My00YTA3LTgwNjItNDA4MjUxZTY5NGJlIiwidXNlcklkIjoidXNlci01N3BweDl2NjEiLCJpYXQiOjE3NzYwNTAzMjQsImV4cCI6MTc3ODY0MjMyNH0.9FcHdQbEV8TueNSild53uLkt80woyQYMP_5YA79B2dU','2026-05-13T03:18:44.463Z','2026-04-13 03:18:44');
INSERT INTO "sessions" ("id","user_id","refresh_token","expires_at","created_at") VALUES('95821e43-5978-48aa-969a-4d586584fa3f','user-57ppx9v61','eyJhbGciOiJIUzI1NiJ9.eyJ0b2tlbklkIjoiOTU4MjFlNDMtNTk3OC00OGFhLTk2OWEtNGQ1ODY1ODRmYTNmIiwidXNlcklkIjoidXNlci01N3BweDl2NjEiLCJpYXQiOjE3NzYwNTAzMjQsImV4cCI6MTc3ODY0MjMyNH0.9j2E9hn9QysLh-nv_pjnxciNAWX0GPHKrK0BupyrKFw','2026-05-13T03:18:44.469Z','2026-04-13 03:18:44');
INSERT INTO "sessions" ("id","user_id","refresh_token","expires_at","created_at") VALUES('22484471-7234-4d08-ade9-0bc93eb2dc15','user-57ppx9v61','eyJhbGciOiJIUzI1NiJ9.eyJ0b2tlbklkIjoiMjI0ODQ0NzEtNzIzNC00ZDA4LWFkZTktMGJjOTNlYjJkYzE1IiwidXNlcklkIjoidXNlci01N3BweDl2NjEiLCJpYXQiOjE3NzYwNTAzMjQsImV4cCI6MTc3ODY0MjMyNH0.Nl2tbQ6jqtx0Aj6QvtfRTPSb3mBNtqvdKhjTdPqaPRU','2026-05-13T03:18:44.788Z','2026-04-13 03:18:44');
INSERT INTO "sessions" ("id","user_id","refresh_token","expires_at","created_at") VALUES('94421e5d-a3af-43f8-b0cd-24c0144914fe','user-57ppx9v61','eyJhbGciOiJIUzI1NiJ9.eyJ0b2tlbklkIjoiOTQ0MjFlNWQtYTNhZi00M2Y4LWIwY2QtMjRjMDE0NDkxNGZlIiwidXNlcklkIjoidXNlci01N3BweDl2NjEiLCJpYXQiOjE3NzYwNTQ5MTcsImV4cCI6MTc3ODY0NjkxN30.5zs2I47rCigHEoUMXnF8bMCMpVdJuNtLtwYnye2lg6o','2026-05-13T04:35:17.938Z','2026-04-13 04:35:18');
INSERT INTO "sessions" ("id","user_id","refresh_token","expires_at","created_at") VALUES('2e953586-f964-49f1-be8d-93c2410fb20f','user-57ppx9v61','eyJhbGciOiJIUzI1NiJ9.eyJ0b2tlbklkIjoiMmU5NTM1ODYtZjk2NC00OWYxLWJlOGQtOTNjMjQxMGZiMjBmIiwidXNlcklkIjoidXNlci01N3BweDl2NjEiLCJpYXQiOjE3NzYwNTQ5MTcsImV4cCI6MTc3ODY0NjkxN30.H2_lJOOiSF92njUwVKjBYCgEygDYorJtrhhiAOuW6ng','2026-05-13T04:35:17.941Z','2026-04-13 04:35:18');
INSERT INTO "sessions" ("id","user_id","refresh_token","expires_at","created_at") VALUES('6304dd69-e5f5-41b4-b0bd-34987ea0bba9','user-7a3fc261','eyJhbGciOiJIUzI1NiJ9.eyJ0b2tlbklkIjoiNjMwNGRkNjktZTVmNS00MWI0LWIwYmQtMzQ5ODdlYTBiYmE5IiwidXNlcklkIjoidXNlci03YTNmYzI2MSIsImlhdCI6MTc3NjA1NTQ2OSwiZXhwIjoxNzc4NjQ3NDY5fQ.SxeqAVBezYV1ZikEFwAVo5K8OM31P2mKTPwQ_jTjIkc','2026-05-13T04:44:29.344Z','2026-04-13 04:44:29');
INSERT INTO "sessions" ("id","user_id","refresh_token","expires_at","created_at") VALUES('dc6e4398-0c2d-4dcc-a7b1-74876f82cba9','user-aa73897d','eyJhbGciOiJIUzI1NiJ9.eyJ0b2tlbklkIjoiZGM2ZTQzOTgtMGMyZC00ZGNjLWE3YjEtNzQ4NzZmODJjYmE5IiwidXNlcklkIjoidXNlci1hYTczODk3ZCIsImlhdCI6MTc3NjA1NTYzNSwiZXhwIjoxNzc4NjQ3NjM1fQ.rSdUxFAylCQ_TH5HCbYR8TJC20UQ_PjaserJVf_WVh0','2026-05-13T04:47:15.803Z','2026-04-13 04:47:15');
INSERT INTO "sessions" ("id","user_id","refresh_token","expires_at","created_at") VALUES('43bdf746-fe6f-441d-ad21-217a6f4c594b','user-aa73897d','eyJhbGciOiJIUzI1NiJ9.eyJ0b2tlbklkIjoiNDNiZGY3NDYtZmU2Zi00NDFkLWFkMjEtMjE3YTZmNGM1OTRiIiwidXNlcklkIjoidXNlci1hYTczODk3ZCIsImlhdCI6MTc3NjA1NTg0NiwiZXhwIjoxNzc4NjQ3ODQ2fQ.W_uzY5ZHiUpHK9gL_RmRHfPUEgvUcBwTG1rmF82rP5Y','2026-05-13T04:50:46.414Z','2026-04-13 04:50:46');
INSERT INTO "sessions" ("id","user_id","refresh_token","expires_at","created_at") VALUES('a59f7c9d-193b-4799-ab58-84219f5744b1','user-aa73897d','eyJhbGciOiJIUzI1NiJ9.eyJ0b2tlbklkIjoiYTU5ZjdjOWQtMTkzYi00Nzk5LWFiNTgtODQyMTlmNTc0NGIxIiwidXNlcklkIjoidXNlci1hYTczODk3ZCIsImlhdCI6MTc3NjA1NTg2NiwiZXhwIjoxNzc4NjQ3ODY2fQ.a5q6thuDHQoRiDLjQaHWX2Jow76lR9kobCNJZTTNPh8','2026-05-13T04:51:06.591Z','2026-04-13 04:51:06');
INSERT INTO "sessions" ("id","user_id","refresh_token","expires_at","created_at") VALUES('7427d5db-f8b6-405b-99a8-107ebd9747e7','user-aa73897d','eyJhbGciOiJIUzI1NiJ9.eyJ0b2tlbklkIjoiNzQyN2Q1ZGItZjhiNi00MDViLTk5YTgtMTA3ZWJkOTc0N2U3IiwidXNlcklkIjoidXNlci1hYTczODk3ZCIsImlhdCI6MTc3NjA1Njc3OSwiZXhwIjoxNzc4NjQ4Nzc5fQ.sHzKUNlajxN08ue-gJ1Jr2J9sElTUEoMKX-dO4xSYrk','2026-05-13T05:06:19.714Z','2026-04-13 05:06:19');
INSERT INTO "sessions" ("id","user_id","refresh_token","expires_at","created_at") VALUES('e78ffad4-b5f0-483a-b774-b22f6135cece','user-aa73897d','eyJhbGciOiJIUzI1NiJ9.eyJ0b2tlbklkIjoiZTc4ZmZhZDQtYjVmMC00ODNhLWI3NzQtYjIyZjYxMzVjZWNlIiwidXNlcklkIjoidXNlci1hYTczODk3ZCIsImlhdCI6MTc3NjA1Njg0MywiZXhwIjoxNzc4NjQ4ODQzfQ.-aczbW00Oq2vvF_xket3hj0R5k3q7sZd3IylAsHQiGg','2026-05-13T05:07:23.787Z','2026-04-13 05:07:23');
INSERT INTO "sessions" ("id","user_id","refresh_token","expires_at","created_at") VALUES('d69612a7-ec00-4267-8f38-bceb6bc5e712','user-aa73897d','eyJhbGciOiJIUzI1NiJ9.eyJ0b2tlbklkIjoiZDY5NjEyYTctZWMwMC00MjY3LThmMzgtYmNlYjZiYzVlNzEyIiwidXNlcklkIjoidXNlci1hYTczODk3ZCIsImlhdCI6MTc3NjA1Njg3NSwiZXhwIjoxNzc4NjQ4ODc1fQ.g_PqdNHJQkUL37ihmoiTsnM8gMmTjQarFVqgI6d6tqQ','2026-05-13T05:07:55.415Z','2026-04-13 05:07:55');
INSERT INTO "sessions" ("id","user_id","refresh_token","expires_at","created_at") VALUES('dde26471-eb3d-4ee4-a3a2-058678f861f9','user-aa73897d','eyJhbGciOiJIUzI1NiJ9.eyJ0b2tlbklkIjoiZGRlMjY0NzEtZWIzZC00ZWU0LWEzYTItMDU4Njc4Zjg2MWY5IiwidXNlcklkIjoidXNlci1hYTczODk3ZCIsImlhdCI6MTc3NjA1NjkwMSwiZXhwIjoxNzc4NjQ4OTAxfQ.DrDD9BnQ_zF_MyJ5IqM3t4RVgO1sSXsdFcUNA3qWjWg','2026-05-13T05:08:21.024Z','2026-04-13 05:08:21');
INSERT INTO "sessions" ("id","user_id","refresh_token","expires_at","created_at") VALUES('788947e1-c143-4e46-9782-8c519252e852','user-aa73897d','eyJhbGciOiJIUzI1NiJ9.eyJ0b2tlbklkIjoiNzg4OTQ3ZTEtYzE0My00ZTQ2LTk3ODItOGM1MTkyNTJlODUyIiwidXNlcklkIjoidXNlci1hYTczODk3ZCIsImlhdCI6MTc3NjA1NjkyMywiZXhwIjoxNzc4NjQ4OTIzfQ.Q5dtd_Y9P5sY-o6yVsjPAUJTEpXOzXhsfI4YXj_JyCg','2026-05-13T05:08:43.778Z','2026-04-13 05:08:43');
INSERT INTO "sessions" ("id","user_id","refresh_token","expires_at","created_at") VALUES('77a14a01-00cf-49b2-8b32-48f09f511ba8','user-canyon-t1','eyJhbGciOiJIUzI1NiJ9.eyJ0b2tlbklkIjoiNzdhMTRhMDEtMDBjZi00OWIyLThiMzItNDhmMDlmNTExYmE4IiwidXNlcklkIjoidXNlci1jYW55b24tdDEiLCJpYXQiOjE3NzYwNTY5OTAsImV4cCI6MTc3ODY0ODk5MH0.fZ-T71-lqyp3VmJOlpJa1XO4Mxw3zCFYAMAAmroU5Yw','2026-05-13T05:09:50.672Z','2026-04-13 05:09:50');
INSERT INTO "sessions" ("id","user_id","refresh_token","expires_at","created_at") VALUES('ba270972-1301-4083-bb0b-7ac2a5b89ee6','user-canyon-t2','eyJhbGciOiJIUzI1NiJ9.eyJ0b2tlbklkIjoiYmEyNzA5NzItMTMwMS00MDgzLWJiMGItN2FjMmE1Yjg5ZWU2IiwidXNlcklkIjoidXNlci1jYW55b24tdDIiLCJpYXQiOjE3NzYwNTY5OTIsImV4cCI6MTc3ODY0ODk5Mn0.Yf54xDostQjO1DvtTmwk7wGG5pCyJ1Gt6rnEXp2dTcM','2026-05-13T05:09:52.137Z','2026-04-13 05:09:52');
INSERT INTO "sessions" ("id","user_id","refresh_token","expires_at","created_at") VALUES('d573828d-3271-4aa3-bec3-ced1976900a4','user-canyon-t2','eyJhbGciOiJIUzI1NiJ9.eyJ0b2tlbklkIjoiZDU3MzgyOGQtMzI3MS00YWEzLWJlYzMtY2VkMTk3NjkwMGE0IiwidXNlcklkIjoidXNlci1jYW55b24tdDIiLCJpYXQiOjE3NzYwNTcwNzIsImV4cCI6MTc3ODY0OTA3Mn0.YAnrGU56MPtbM9HpNZejW0mfoNduQbJKFN0XItz8D6Y','2026-05-13T05:11:12.604Z','2026-04-13 05:11:12');
INSERT INTO "sessions" ("id","user_id","refresh_token","expires_at","created_at") VALUES('41c804ed-41d9-4eae-9c27-de83c36d263f','user-canyon-t2','eyJhbGciOiJIUzI1NiJ9.eyJ0b2tlbklkIjoiNDFjODA0ZWQtNDFkOS00ZWFlLTljMjctZGU4M2MzNmQyNjNmIiwidXNlcklkIjoidXNlci1jYW55b24tdDIiLCJpYXQiOjE3NzYwNTc0MDEsImV4cCI6MTc3ODY0OTQwMX0.BtuQdmvr6obzEwSNsZciHFy-NDtg3hNyfT2aPIDSnA8','2026-05-13T05:16:41.782Z','2026-04-13 05:16:41');
INSERT INTO "sessions" ("id","user_id","refresh_token","expires_at","created_at") VALUES('b8c1d987-c6f0-4e6c-ab7c-ccd37e10a5be','user-canyon-t2','eyJhbGciOiJIUzI1NiJ9.eyJ0b2tlbklkIjoiYjhjMWQ5ODctYzZmMC00ZTZjLWFiN2MtY2NkMzdlMTBhNWJlIiwidXNlcklkIjoidXNlci1jYW55b24tdDIiLCJpYXQiOjE3NzYwNTc1NDgsImV4cCI6MTc3ODY0OTU0OH0.dERxuVdc8MxDDanvRrlrEObjsbOHPcbUJJwzfAoxYes','2026-05-13T05:19:08.389Z','2026-04-13 05:19:08');
INSERT INTO "sessions" ("id","user_id","refresh_token","expires_at","created_at") VALUES('358bc0b6-8d18-4fd5-8882-252639adfbba','user-canyon-t2','eyJhbGciOiJIUzI1NiJ9.eyJ0b2tlbklkIjoiMzU4YmMwYjYtOGQxOC00ZmQ1LTg4ODItMjUyNjM5YWRmYmJhIiwidXNlcklkIjoidXNlci1jYW55b24tdDIiLCJpYXQiOjE3NzYwNTc1ODQsImV4cCI6MTc3ODY0OTU4NH0.c4ou6ib5ycKY6RV7s35PVtiyC1dTWqigYX_lW_1L9SE','2026-05-13T05:19:44.857Z','2026-04-13 05:19:44');
INSERT INTO "sessions" ("id","user_id","refresh_token","expires_at","created_at") VALUES('14027dad-7eca-421f-bc5d-67d65568be63','user-canyon-t2','eyJhbGciOiJIUzI1NiJ9.eyJ0b2tlbklkIjoiMTQwMjdkYWQtN2VjYS00MjFmLWJjNWQtNjdkNjU1NjhiZTYzIiwidXNlcklkIjoidXNlci1jYW55b24tdDIiLCJpYXQiOjE3NzYwNTc3ODgsImV4cCI6MTc3ODY0OTc4OH0.aG3C3byKU_NOMI38j7VQqn7nOMDbEsjkHlaKNggTU1Y','2026-05-13T05:23:08.779Z','2026-04-13 05:23:08');
INSERT INTO "sessions" ("id","user_id","refresh_token","expires_at","created_at") VALUES('026e8eab-1226-46a5-b204-ba116f161d80','user-canyon-t1','eyJhbGciOiJIUzI1NiJ9.eyJ0b2tlbklkIjoiMDI2ZThlYWItMTIyNi00NmE1LWIyMDQtYmExMTZmMTYxZDgwIiwidXNlcklkIjoidXNlci1jYW55b24tdDEiLCJpYXQiOjE3NzYwNTkzNTQsImV4cCI6MTc3ODY1MTM1NH0.b5mdMfEmWn-z1dxmXPaxkSCHadQn-dfaCfblpsesIDc','2026-05-13T05:49:14.880Z','2026-04-13 05:49:14');
INSERT INTO "sessions" ("id","user_id","refresh_token","expires_at","created_at") VALUES('2ac75c34-e4b1-4e23-b4fb-e0dcbb585a6f','user-canyon-t1','eyJhbGciOiJIUzI1NiJ9.eyJ0b2tlbklkIjoiMmFjNzVjMzQtZTRiMS00ZTIzLWI0ZmItZTBkY2JiNTg1YTZmIiwidXNlcklkIjoidXNlci1jYW55b24tdDEiLCJpYXQiOjE3NzYwNTk1OTIsImV4cCI6MTc3ODY1MTU5Mn0.ax-CXtMt8eRuYZcMoIF3rVmtG9UUb11hP9fdEC11u6E','2026-05-13T05:53:12.440Z','2026-04-13 05:53:12');
INSERT INTO "sessions" ("id","user_id","refresh_token","expires_at","created_at") VALUES('5287d06f-3043-428e-b9ee-12d80bf29dcd','user-canyon-t1','eyJhbGciOiJIUzI1NiJ9.eyJ0b2tlbklkIjoiNTI4N2QwNmYtMzA0My00MjhlLWI5ZWUtMTJkODBiZjI5ZGNkIiwidXNlcklkIjoidXNlci1jYW55b24tdDEiLCJpYXQiOjE3NzYwNTk5OTYsImV4cCI6MTc3ODY1MTk5Nn0.1zdmkhMifKruyK-3fXtRgBE_bs_m1dO6HtQhRibCIrQ','2026-05-13T05:59:56.258Z','2026-04-13 05:59:56');
INSERT INTO "sessions" ("id","user_id","refresh_token","expires_at","created_at") VALUES('6b6c1b7d-eeee-407d-a346-b8b4f402c233','user-canyon-t1','eyJhbGciOiJIUzI1NiJ9.eyJ0b2tlbklkIjoiNmI2YzFiN2QtZWVlZS00MDdkLWEzNDYtYjhiNGY0MDJjMjMzIiwidXNlcklkIjoidXNlci1jYW55b24tdDEiLCJpYXQiOjE3NzYwNjAwNjQsImV4cCI6MTc3ODY1MjA2NH0.2meB1EJ0Tukh_c0-adDzMyJAYsC7XuQ0r9bTWkNaXUw','2026-05-13T06:01:04.664Z','2026-04-13 06:01:04');
INSERT INTO "sessions" ("id","user_id","refresh_token","expires_at","created_at") VALUES('6747e7de-68b9-4a7c-8e50-b05a515ee1d3','user-canyon-t1','eyJhbGciOiJIUzI1NiJ9.eyJ0b2tlbklkIjoiNjc0N2U3ZGUtNjhiOS00YTdjLThlNTAtYjA1YTUxNWVlMWQzIiwidXNlcklkIjoidXNlci1jYW55b24tdDEiLCJpYXQiOjE3NzYwNjAxMjYsImV4cCI6MTc3ODY1MjEyNn0.J97N1M9t2xi9112U7MEH-Ec5Vwzc0Wk0mfJQ7zlPBVo','2026-05-13T06:02:06.329Z','2026-04-13 06:02:06');
INSERT INTO "sessions" ("id","user_id","refresh_token","expires_at","created_at") VALUES('ee3720cb-550a-4401-bda4-2565d58cc6f6','user-canyon-t1','eyJhbGciOiJIUzI1NiJ9.eyJ0b2tlbklkIjoiZWUzNzIwY2ItNTUwYS00NDAxLWJkYTQtMjU2NWQ1OGNjNmY2IiwidXNlcklkIjoidXNlci1jYW55b24tdDEiLCJpYXQiOjE3NzYwNjAyMzksImV4cCI6MTc3ODY1MjIzOX0.1rGEdPm_vzc_e4StKtktOKPp17HnpNjknqGZA8KkENU','2026-05-13T06:03:59.243Z','2026-04-13 06:03:59');
INSERT INTO "sessions" ("id","user_id","refresh_token","expires_at","created_at") VALUES('9114d1ae-6c3e-4ed1-a1e5-275de76599e4','user-canyon-t1','eyJhbGciOiJIUzI1NiJ9.eyJ0b2tlbklkIjoiOTExNGQxYWUtNmMzZS00ZWQxLWExZTUtMjc1ZGU3NjU5OWU0IiwidXNlcklkIjoidXNlci1jYW55b24tdDEiLCJpYXQiOjE3NzYwNjAzNTEsImV4cCI6MTc3ODY1MjM1MX0.w9PRS1eM5nFWe78NHdhFMIFf_7-tdroK7OmDEbqIEMQ','2026-05-13T06:05:51.670Z','2026-04-13 06:05:51');
INSERT INTO "sessions" ("id","user_id","refresh_token","expires_at","created_at") VALUES('84c74194-7458-45c2-b7b8-f4f2901ea11e','user-canyon-t1','eyJhbGciOiJIUzI1NiJ9.eyJ0b2tlbklkIjoiODRjNzQxOTQtNzQ1OC00NWMyLWI3YjgtZjRmMjkwMWVhMTFlIiwidXNlcklkIjoidXNlci1jYW55b24tdDEiLCJpYXQiOjE3NzYwNjAzNzcsImV4cCI6MTc3ODY1MjM3N30.AoC-TtCyMpcTa4qQaRiZw_BuYeI9mt__CBZmxx2M6dU','2026-05-13T06:06:17.688Z','2026-04-13 06:06:17');
INSERT INTO "sessions" ("id","user_id","refresh_token","expires_at","created_at") VALUES('0e04eb26-2e89-49c9-af27-88607f7b87f4','user-canyon-t1','eyJhbGciOiJIUzI1NiJ9.eyJ0b2tlbklkIjoiMGUwNGViMjYtMmU4OS00OWM5LWFmMjctODg2MDdmN2I4N2Y0IiwidXNlcklkIjoidXNlci1jYW55b24tdDEiLCJpYXQiOjE3NzYwNjA0MDgsImV4cCI6MTc3ODY1MjQwOH0.qPmHB_5g4cK6lXnzsdmaWRFQRd9IaYNVpBex4KpiUJw','2026-05-13T06:06:48.229Z','2026-04-13 06:06:48');
INSERT INTO "sessions" ("id","user_id","refresh_token","expires_at","created_at") VALUES('ed943b6d-ce94-4d9d-9a7e-ad9f1e6bd67f','user-canyon-t1','eyJhbGciOiJIUzI1NiJ9.eyJ0b2tlbklkIjoiZWQ5NDNiNmQtY2U5NC00ZDlkLTlhN2UtYWQ5ZjFlNmJkNjdmIiwidXNlcklkIjoidXNlci1jYW55b24tdDEiLCJpYXQiOjE3NzYwNjA0MjQsImV4cCI6MTc3ODY1MjQyNH0.68vJCqpmoFHOO9y-nNfNSF9hz0Un_j-8nToH8Ai_ruc','2026-05-13T06:07:04.412Z','2026-04-13 06:07:04');
INSERT INTO "sessions" ("id","user_id","refresh_token","expires_at","created_at") VALUES('c8ff88c1-c296-4375-a966-a11aeb34ae3b','user-canyon-t1','eyJhbGciOiJIUzI1NiJ9.eyJ0b2tlbklkIjoiYzhmZjg4YzEtYzI5Ni00Mzc1LWE5NjYtYTExYWViMzRhZTNiIiwidXNlcklkIjoidXNlci1jYW55b24tdDEiLCJpYXQiOjE3NzYwNjA0NDYsImV4cCI6MTc3ODY1MjQ0Nn0.V8cAEWmazQn-5hrLEQERKKsMNads-oFN77SHiB62vbE','2026-05-13T06:07:26.886Z','2026-04-13 06:07:27');
INSERT INTO "sessions" ("id","user_id","refresh_token","expires_at","created_at") VALUES('96439511-e2c3-423d-8b91-e5c0dd1a4cdd','user-canyon-t1','eyJhbGciOiJIUzI1NiJ9.eyJ0b2tlbklkIjoiOTY0Mzk1MTEtZTJjMy00MjNkLThiOTEtZTVjMGRkMWE0Y2RkIiwidXNlcklkIjoidXNlci1jYW55b24tdDEiLCJpYXQiOjE3NzYwNjExNTgsImV4cCI6MTc3ODY1MzE1OH0.g4-1sCojXEBV3xxrFN0H6tRsiQrGe495EHyMeVib0uc','2026-05-13T06:19:18.364Z','2026-04-13 06:19:18');
INSERT INTO "sessions" ("id","user_id","refresh_token","expires_at","created_at") VALUES('d38b28a3-e576-436c-b59b-af8af94ed110','user-canyon-t2','eyJhbGciOiJIUzI1NiJ9.eyJ0b2tlbklkIjoiZDM4YjI4YTMtZTU3Ni00MzZjLWI1OWItYWY4YWY5NGVkMTEwIiwidXNlcklkIjoidXNlci1jYW55b24tdDIiLCJpYXQiOjE3NzYwNzA1NzMsImV4cCI6MTc3ODY2MjU3M30.LBdbUj_PC9r5c9Zovy4_n5czVYBCQjNCF_mhgguY1aQ','2026-05-13T08:56:13.518Z','2026-04-13 08:56:13');
INSERT INTO "sessions" ("id","user_id","refresh_token","expires_at","created_at") VALUES('9091ee81-d7b9-4b82-b756-9d75862e75b9','user-57ppx9v61','eyJhbGciOiJIUzI1NiJ9.eyJ0b2tlbklkIjoiOTA5MWVlODEtZDdiOS00YjgyLWI3NTYtOWQ3NTg2MmU3NWI5IiwidXNlcklkIjoidXNlci01N3BweDl2NjEiLCJpYXQiOjE3NzYwNzA1ODIsImV4cCI6MTc3ODY2MjU4Mn0.6GnUmzN1MCORZ8NfWS_5FIKxyCCpFOhDweXHGVCiL3Y','2026-05-13T08:56:22.860Z','2026-04-13 08:56:22');
INSERT INTO "sessions" ("id","user_id","refresh_token","expires_at","created_at") VALUES('2bb35c93-a018-4676-a6eb-e42cc23f64d5','user-57ppx9v61','eyJhbGciOiJIUzI1NiJ9.eyJ0b2tlbklkIjoiMmJiMzVjOTMtYTAxOC00Njc2LWE2ZWItZTQyY2MyM2Y2NGQ1IiwidXNlcklkIjoidXNlci01N3BweDl2NjEiLCJpYXQiOjE3NzYwNzEwODYsImV4cCI6MTc3ODY2MzA4Nn0.wmIwHaI1fx7S1bGdFsa4Z4jdTQIYvNC9dK_jRoeRL1U','2026-05-13T09:04:46.955Z','2026-04-13 09:04:47');
INSERT INTO "sessions" ("id","user_id","refresh_token","expires_at","created_at") VALUES('5b50dd74-838d-4ffa-8635-88f10c237cc7','user-57ppx9v61','eyJhbGciOiJIUzI1NiJ9.eyJ0b2tlbklkIjoiNWI1MGRkNzQtODM4ZC00ZmZhLTg2MzUtODhmMTBjMjM3Y2M3IiwidXNlcklkIjoidXNlci01N3BweDl2NjEiLCJpYXQiOjE3NzYwNzE0MDgsImV4cCI6MTc3ODY2MzQwOH0.GrkHf_5u5hSOVvJyzSOYJDEC_rPJDgvIoqv9Z54ItTs','2026-05-13T09:10:08.940Z','2026-04-13 09:10:09');
INSERT INTO "sessions" ("id","user_id","refresh_token","expires_at","created_at") VALUES('6b349f1f-91ae-40f2-998e-2f9682643c82','user-57ppx9v61','eyJhbGciOiJIUzI1NiJ9.eyJ0b2tlbklkIjoiNmIzNDlmMWYtOTFhZS00MGYyLTk5OGUtMmY5NjgyNjQzYzgyIiwidXNlcklkIjoidXNlci01N3BweDl2NjEiLCJpYXQiOjE3NzYwNzE1MjQsImV4cCI6MTc3ODY2MzUyNH0.NuvxflPbW_9cbf7-WmUNubXUhMDxH4yMgaN8Jg8xDcs','2026-05-13T09:12:04.167Z','2026-04-13 09:12:04');
INSERT INTO "sessions" ("id","user_id","refresh_token","expires_at","created_at") VALUES('8922704a-f309-4eb6-8bab-f84a1b4d3922','user-57ppx9v61','eyJhbGciOiJIUzI1NiJ9.eyJ0b2tlbklkIjoiODkyMjcwNGEtZjMwOS00ZWI2LThiYWItZjg0YTFiNGQzOTIyIiwidXNlcklkIjoidXNlci01N3BweDl2NjEiLCJpYXQiOjE3NzYwNzE1NTIsImV4cCI6MTc3ODY2MzU1Mn0.MyVEy8XENTRfnbXfDNAkwvTJRJ26jt86b5DX7RB_w7Q','2026-05-13T09:12:32.235Z','2026-04-13 09:12:32');
INSERT INTO "sessions" ("id","user_id","refresh_token","expires_at","created_at") VALUES('3298ea49-b24b-4aed-b8ea-6c753f8dee48','user-57ppx9v61','eyJhbGciOiJIUzI1NiJ9.eyJ0b2tlbklkIjoiMzI5OGVhNDktYjI0Yi00YWVkLWI4ZWEtNmM3NTNmOGRlZTQ4IiwidXNlcklkIjoidXNlci01N3BweDl2NjEiLCJpYXQiOjE3NzYwNzE3NzEsImV4cCI6MTc3ODY2Mzc3MX0.NyJM4JquZNrc5NRVCLsbRZHGJ2JJwnEL4ujdadbQgiQ','2026-05-13T09:16:11.008Z','2026-04-13 09:16:11');
INSERT INTO "sessions" ("id","user_id","refresh_token","expires_at","created_at") VALUES('1b5ea7a9-52a8-4bda-a292-2b622602cae0','user-57ppx9v61','eyJhbGciOiJIUzI1NiJ9.eyJ0b2tlbklkIjoiMWI1ZWE3YTktNTJhOC00YmRhLWEyOTItMmI2MjI2MDJjYWUwIiwidXNlcklkIjoidXNlci01N3BweDl2NjEiLCJpYXQiOjE3NzYwNzE4MDAsImV4cCI6MTc3ODY2MzgwMH0.oKnSzon_mnD4EzICshdnLbi5LBtHbMvKrP8YpxQsoUo','2026-05-13T09:16:40.397Z','2026-04-13 09:16:40');
INSERT INTO "sessions" ("id","user_id","refresh_token","expires_at","created_at") VALUES('1bf0de1d-aa59-4342-886f-540b093431f6','user-canyon-t1','eyJhbGciOiJIUzI1NiJ9.eyJ0b2tlbklkIjoiMWJmMGRlMWQtYWE1OS00MzQyLTg4NmYtNTQwYjA5MzQzMWY2IiwidXNlcklkIjoidXNlci1jYW55b24tdDEiLCJpYXQiOjE3NzYwNzI0NTMsImV4cCI6MTc3ODY2NDQ1M30.uMl5GdmbULn6rSjsrMlq2ERctg--6vvGLXAtwHjmc_A','2026-05-13T09:27:33.083Z','2026-04-13 09:27:33');
INSERT INTO "sessions" ("id","user_id","refresh_token","expires_at","created_at") VALUES('05f9db8e-b3db-4d36-811a-8276aeb335a3','user-canyon-t1','eyJhbGciOiJIUzI1NiJ9.eyJ0b2tlbklkIjoiMDVmOWRiOGUtYjNkYi00ZDM2LTgxMWEtODI3NmFlYjMzNWEzIiwidXNlcklkIjoidXNlci1jYW55b24tdDEiLCJpYXQiOjE3NzYwNzI0ODIsImV4cCI6MTc3ODY2NDQ4Mn0.fsn3Oyd0fLHSOT2hIAeLGO-swTuykD7-F5rX95hBd_o','2026-05-13T09:28:02.025Z','2026-04-13 09:28:02');
INSERT INTO "sessions" ("id","user_id","refresh_token","expires_at","created_at") VALUES('1f8fb8f6-55ce-4e4f-8b98-4992bdecd3de','user-canyon-t1','eyJhbGciOiJIUzI1NiJ9.eyJ0b2tlbklkIjoiMWY4ZmI4ZjYtNTVjZS00ZTRmLThiOTgtNDk5MmJkZWNkM2RlIiwidXNlcklkIjoidXNlci1jYW55b24tdDEiLCJpYXQiOjE3NzYwNzI1MTQsImV4cCI6MTc3ODY2NDUxNH0.VLstoeMDSiZk-F3lg05CGUk1Lrlc99k_9Itm5wSIRmc','2026-05-13T09:28:34.193Z','2026-04-13 09:28:34');
INSERT INTO "sessions" ("id","user_id","refresh_token","expires_at","created_at") VALUES('16e50ef3-36b9-477d-86f8-f07b9bc547a7','user-canyon-t1','eyJhbGciOiJIUzI1NiJ9.eyJ0b2tlbklkIjoiMTZlNTBlZjMtMzZiOS00NzdkLTg2ZjgtZjA3YjliYzU0N2E3IiwidXNlcklkIjoidXNlci1jYW55b24tdDEiLCJpYXQiOjE3NzYwNzI1MzEsImV4cCI6MTc3ODY2NDUzMX0.tXg-N7OlRlqqwkjn7yInaktViMx7EJEXk7I_HvaFktk','2026-05-13T09:28:51.792Z','2026-04-13 09:28:51');
INSERT INTO "sessions" ("id","user_id","refresh_token","expires_at","created_at") VALUES('dec694b7-b423-47b2-827a-c3f23f1913c0','user-canyon-t1','eyJhbGciOiJIUzI1NiJ9.eyJ0b2tlbklkIjoiZGVjNjk0YjctYjQyMy00N2IyLTgyN2EtYzNmMjNmMTkxM2MwIiwidXNlcklkIjoidXNlci1jYW55b24tdDEiLCJpYXQiOjE3NzYwNzI1NTYsImV4cCI6MTc3ODY2NDU1Nn0.S2IrmC36rtgZS6cdr8Wq8bx0RSuCbMvLXlOmBBgHpdg','2026-05-13T09:29:16.428Z','2026-04-13 09:29:16');
INSERT INTO "sessions" ("id","user_id","refresh_token","expires_at","created_at") VALUES('a74042fb-71da-4142-9761-81572667685f','user-57ppx9v61','eyJhbGciOiJIUzI1NiJ9.eyJ0b2tlbklkIjoiYTc0MDQyZmItNzFkYS00MTQyLTk3NjEtODE1NzI2Njc2ODVmIiwidXNlcklkIjoidXNlci01N3BweDl2NjEiLCJpYXQiOjE3NzYwODkxODcsImV4cCI6MTc3ODY4MTE4N30.8sDHkNW18gWCcmJQD0uQEJ8lZUmPSltE3ZicS_lxxoY','2026-05-13T14:06:27.115Z','2026-04-13 14:06:27');
INSERT INTO "sessions" ("id","user_id","refresh_token","expires_at","created_at") VALUES('10931ad3-98e2-485c-86a4-2ae4f84c98ee','user-57ppx9v61','eyJhbGciOiJIUzI1NiJ9.eyJ0b2tlbklkIjoiMTA5MzFhZDMtOThlMi00ODVjLTg2YTQtMmFlNGY4NGM5OGVlIiwidXNlcklkIjoidXNlci01N3BweDl2NjEiLCJpYXQiOjE3NzYwODkxODcsImV4cCI6MTc3ODY4MTE4N30.XKFjKHD8JJ3kjkRZRrIxXfhWq28Iyjq6d6R7zBt9hZk','2026-05-13T14:06:27.123Z','2026-04-13 14:06:27');
INSERT INTO "sessions" ("id","user_id","refresh_token","expires_at","created_at") VALUES('ef1ff1d1-44e7-434e-9bfe-75a06bb278b4','user-57ppx9v61','eyJhbGciOiJIUzI1NiJ9.eyJ0b2tlbklkIjoiZWYxZmYxZDEtNDRlNy00MzRlLTliZmUtNzVhMDZiYjI3OGI0IiwidXNlcklkIjoidXNlci01N3BweDl2NjEiLCJpYXQiOjE3NzYwODkxODcsImV4cCI6MTc3ODY4MTE4N30.kOwUpw3y2veopgRDyFwbNwWd2gsuwgwCKp18nblHgMc','2026-05-13T14:06:27.127Z','2026-04-13 14:06:27');
INSERT INTO "sessions" ("id","user_id","refresh_token","expires_at","created_at") VALUES('530a2d02-2068-4dca-8f00-776d4bfdcc82','user-57ppx9v61','eyJhbGciOiJIUzI1NiJ9.eyJ0b2tlbklkIjoiNTMwYTJkMDItMjA2OC00ZGNhLThmMDAtNzc2ZDRiZmRjYzgyIiwidXNlcklkIjoidXNlci01N3BweDl2NjEiLCJpYXQiOjE3NzYwODkxODgsImV4cCI6MTc3ODY4MTE4OH0.16qldOjZIOnoeyl0kBBi96JcBhLpiv6mnWdNj2mUAFw','2026-05-13T14:06:28.654Z','2026-04-13 14:06:28');
INSERT INTO "sessions" ("id","user_id","refresh_token","expires_at","created_at") VALUES('94e3e45f-aa4d-40af-a2e8-f6088d4f5f4d','user-57ppx9v61','eyJhbGciOiJIUzI1NiJ9.eyJ0b2tlbklkIjoiOTRlM2U0NWYtYWE0ZC00MGFmLWEyZTgtZjYwODhkNGY1ZjRkIiwidXNlcklkIjoidXNlci01N3BweDl2NjEiLCJpYXQiOjE3NzYwOTE5NjAsImV4cCI6MTc3ODY4Mzk2MH0.RiN-Ms-KbkZ9ZvQkTZk0WZEgg8ZKY56KveYI0i2ZsNo','2026-05-13T14:52:40.546Z','2026-04-13 14:52:40');
INSERT INTO "sessions" ("id","user_id","refresh_token","expires_at","created_at") VALUES('9fd25865-93d1-4602-9d06-eb31e3cf507f','user-57ppx9v61','eyJhbGciOiJIUzI1NiJ9.eyJ0b2tlbklkIjoiOWZkMjU4NjUtOTNkMS00NjAyLTlkMDYtZWIzMWUzY2Y1MDdmIiwidXNlcklkIjoidXNlci01N3BweDl2NjEiLCJpYXQiOjE3NzYwOTIwNjMsImV4cCI6MTc3ODY4NDA2M30.f8lULGkj-5sJSSuToYxen72spJuOGmRTeqLinj4SsB8','2026-05-13T14:54:23.824Z','2026-04-13 14:54:23');
INSERT INTO "sessions" ("id","user_id","refresh_token","expires_at","created_at") VALUES('6855ece0-962c-4e18-be8f-be7e3f9fb95e','user-57ppx9v61','eyJhbGciOiJIUzI1NiJ9.eyJ0b2tlbklkIjoiNjg1NWVjZTAtOTYyYy00ZTE4LWJlOGYtYmU3ZTNmOWZiOTVlIiwidXNlcklkIjoidXNlci01N3BweDl2NjEiLCJpYXQiOjE3NzYwOTI4MzYsImV4cCI6MTc3ODY4NDgzNn0.XjYgLFoTBTkUNzJqCkm42-tX6qQctWER8JLWLfLUjRc','2026-05-13T15:07:16.587Z','2026-04-13 15:07:16');
INSERT INTO "sessions" ("id","user_id","refresh_token","expires_at","created_at") VALUES('230a50f4-b541-4441-b504-086da1832348','user-57ppx9v61','eyJhbGciOiJIUzI1NiJ9.eyJ0b2tlbklkIjoiMjMwYTUwZjQtYjU0MS00NDQxLWI1MDQtMDg2ZGExODMyMzQ4IiwidXNlcklkIjoidXNlci01N3BweDl2NjEiLCJpYXQiOjE3NzYwOTI4NTcsImV4cCI6MTc3ODY4NDg1N30.95Hdg0x_DGapWhBu2YOHfalKQOvB_tZeQuYvqchMaG8','2026-05-13T15:07:37.245Z','2026-04-13 15:07:37');
INSERT INTO "sessions" ("id","user_id","refresh_token","expires_at","created_at") VALUES('349e789f-7f7c-41ee-91f0-d825003242f5','user-57ppx9v61','eyJhbGciOiJIUzI1NiJ9.eyJ0b2tlbklkIjoiMzQ5ZTc4OWYtN2Y3Yy00MWVlLTkxZjAtZDgyNTAwMzI0MmY1IiwidXNlcklkIjoidXNlci01N3BweDl2NjEiLCJpYXQiOjE3NzYwOTI4NzUsImV4cCI6MTc3ODY4NDg3NX0.mf-UbFpTyrxrFwv4ZTOBJ2tLWH68QGxUpDctr3YBLJc','2026-05-13T15:07:55.713Z','2026-04-13 15:07:55');
INSERT INTO "sessions" ("id","user_id","refresh_token","expires_at","created_at") VALUES('6fdcac56-bb4f-43a8-ba66-6da2e6e071f4','user-57ppx9v61','eyJhbGciOiJIUzI1NiJ9.eyJ0b2tlbklkIjoiNmZkY2FjNTYtYmI0Zi00M2E4LWJhNjYtNmRhMmU2ZTA3MWY0IiwidXNlcklkIjoidXNlci01N3BweDl2NjEiLCJpYXQiOjE3NzYwOTI5MjMsImV4cCI6MTc3ODY4NDkyM30.6GgqPSmDI0tz1Vo2XJrX_xRLRjpCO8KQlr7uVkC0VQ8','2026-05-13T15:08:43.374Z','2026-04-13 15:08:43');
INSERT INTO "sessions" ("id","user_id","refresh_token","expires_at","created_at") VALUES('e1fac6ce-a0ad-4bf0-ad73-4784269c4f44','user-57ppx9v61','eyJhbGciOiJIUzI1NiJ9.eyJ0b2tlbklkIjoiZTFmYWM2Y2UtYTBhZC00YmYwLWFkNzMtNDc4NDI2OWM0ZjQ0IiwidXNlcklkIjoidXNlci01N3BweDl2NjEiLCJpYXQiOjE3NzYwOTMwNTQsImV4cCI6MTc3ODY4NTA1NH0.ohttD1eLXA_ATYL1bQVLtJ5lBc_OnHN4H1nilB6aerc','2026-05-13T15:10:54.189Z','2026-04-13 15:10:54');
INSERT INTO "sessions" ("id","user_id","refresh_token","expires_at","created_at") VALUES('31b3bb97-4166-4b98-9e0d-b6f0528549db','user-57ppx9v61','eyJhbGciOiJIUzI1NiJ9.eyJ0b2tlbklkIjoiMzFiM2JiOTctNDE2Ni00Yjk4LTllMGQtYjZmMDUyODU0OWRiIiwidXNlcklkIjoidXNlci01N3BweDl2NjEiLCJpYXQiOjE3NzYwOTMwNTQsImV4cCI6MTc3ODY4NTA1NH0.QPPvIfJxmIn7yZgZAbfkB0YdkpYSHxCvBDjxgwi-EWo','2026-05-13T15:10:54.210Z','2026-04-13 15:10:54');
INSERT INTO "sessions" ("id","user_id","refresh_token","expires_at","created_at") VALUES('e2f8ec37-9f52-43ab-8f64-a6d3dcf24324','user-57ppx9v61','eyJhbGciOiJIUzI1NiJ9.eyJ0b2tlbklkIjoiZTJmOGVjMzctOWY1Mi00M2FiLThmNjQtYTZkM2RjZjI0MzI0IiwidXNlcklkIjoidXNlci01N3BweDl2NjEiLCJpYXQiOjE3NzYwOTMwNTQsImV4cCI6MTc3ODY4NTA1NH0.9rerdGVuA_gTh1fPPvBtWMsUdgkP8SP0pYPvP14atC0','2026-05-13T15:10:54.279Z','2026-04-13 15:10:54');
INSERT INTO "sessions" ("id","user_id","refresh_token","expires_at","created_at") VALUES('a321d705-56e7-445c-8daa-fb5ffabf3443','user-57ppx9v61','eyJhbGciOiJIUzI1NiJ9.eyJ0b2tlbklkIjoiYTMyMWQ3MDUtNTZlNy00NDVjLThkYWEtZmI1ZmZhYmYzNDQzIiwidXNlcklkIjoidXNlci01N3BweDl2NjEiLCJpYXQiOjE3NzYwOTc2NDQsImV4cCI6MTc3ODY4OTY0NH0.r6rnlVvOVxH0w3fL3bvKmwzt0FZsgVlAMWEMtpk0QKA','2026-05-13T16:27:24.585Z','2026-04-13 16:27:24');
INSERT INTO "sessions" ("id","user_id","refresh_token","expires_at","created_at") VALUES('9e2d2fe1-c026-4c22-b51d-44f5b1d41dfb','user-2e560e4c','eyJhbGciOiJIUzI1NiJ9.eyJ0b2tlbklkIjoiOWUyZDJmZTEtYzAyNi00YzIyLWI1MWQtNDRmNWIxZDQxZGZiIiwidXNlcklkIjoidXNlci0yZTU2MGU0YyIsImlhdCI6MTc3NjEzNDEzMSwiZXhwIjoxNzc4NzI2MTMxfQ.DkcCoT37O7fcQRQONAQxnTIlLFLm4-PtHOx16uiFFc0','2026-05-14T02:35:31.888Z','2026-04-14 02:35:32');
INSERT INTO "sessions" ("id","user_id","refresh_token","expires_at","created_at") VALUES('d53bb0f8-4aa2-4ef7-aca4-5be749f6d4bf','user-2e560e4c','eyJhbGciOiJIUzI1NiJ9.eyJ0b2tlbklkIjoiZDUzYmIwZjgtNGFhMi00ZWY3LWFjYTQtNWJlNzQ5ZjZkNGJmIiwidXNlcklkIjoidXNlci0yZTU2MGU0YyIsImlhdCI6MTc3NjEzNDI2NiwiZXhwIjoxNzc4NzI2MjY2fQ.1OPA5qNYS1FnpACvVg9kOolsCH4o_cGHMC-QZjpfKKU','2026-05-14T02:37:46.232Z','2026-04-14 02:37:46');
INSERT INTO "sessions" ("id","user_id","refresh_token","expires_at","created_at") VALUES('5f4ea9e9-0edf-4dc9-8069-d86f9b10b2be','user-57ppx9v61','eyJhbGciOiJIUzI1NiJ9.eyJ0b2tlbklkIjoiNWY0ZWE5ZTktMGVkZi00ZGM5LTgwNjktZDg2ZjliMTBiMmJlIiwidXNlcklkIjoidXNlci01N3BweDl2NjEiLCJpYXQiOjE3NzYxMzQ2MTcsImV4cCI6MTc3ODcyNjYxN30.PBgL9tCZGwccQXd7HBmfkVx0VqHA7i7V5TnirvC-fz0','2026-05-14T02:43:37.505Z','2026-04-14 02:43:37');
INSERT INTO "sessions" ("id","user_id","refresh_token","expires_at","created_at") VALUES('5f86dd72-211f-4260-b41e-c04e9e238d3c','user-2e560e4c','eyJhbGciOiJIUzI1NiJ9.eyJ0b2tlbklkIjoiNWY4NmRkNzItMjExZi00MjYwLWI0MWUtYzA0ZTllMjM4ZDNjIiwidXNlcklkIjoidXNlci0yZTU2MGU0YyIsImlhdCI6MTc3NjEzNDk5NCwiZXhwIjoxNzc4NzI2OTk0fQ.a9kOH-sq0begZHFatEGtuSY9vpEqOcoMf6TXcqnvYkY','2026-05-14T02:49:54.302Z','2026-04-14 02:49:54');
INSERT INTO "sessions" ("id","user_id","refresh_token","expires_at","created_at") VALUES('92262a71-458f-4f21-b8c8-93bea0c72cf9','user-2e560e4c','eyJhbGciOiJIUzI1NiJ9.eyJ0b2tlbklkIjoiOTIyNjJhNzEtNDU4Zi00ZjIxLWI4YzgtOTNiZWEwYzcyY2Y5IiwidXNlcklkIjoidXNlci0yZTU2MGU0YyIsImlhdCI6MTc3NjEzNTAwMCwiZXhwIjoxNzc4NzI3MDAwfQ.uZZb09cXEc-JeIusVQKVlxSVyLp40uwv2RHK-Kukym4','2026-05-14T02:50:00.771Z','2026-04-14 02:50:00');
INSERT INTO "sessions" ("id","user_id","refresh_token","expires_at","created_at") VALUES('6757dc39-5274-4a4d-b26c-a3f75974b2f0','user-2e560e4c','eyJhbGciOiJIUzI1NiJ9.eyJ0b2tlbklkIjoiNjc1N2RjMzktNTI3NC00YTRkLWIyNmMtYTNmNzU5NzRiMmYwIiwidXNlcklkIjoidXNlci0yZTU2MGU0YyIsImlhdCI6MTc3NjEzNTAyMywiZXhwIjoxNzc4NzI3MDIzfQ.HFIHtVAs5agc6EFSc0tpy_jAQ1BHKtOD48hlMyB2OnY','2026-05-14T02:50:23.317Z','2026-04-14 02:50:23');
INSERT INTO "sessions" ("id","user_id","refresh_token","expires_at","created_at") VALUES('f4e7bdbc-8e75-46fb-9420-d1c3462a0be6','user-2e560e4c','eyJhbGciOiJIUzI1NiJ9.eyJ0b2tlbklkIjoiZjRlN2JkYmMtOGU3NS00NmZiLTk0MjAtZDFjMzQ2MmEwYmU2IiwidXNlcklkIjoidXNlci0yZTU2MGU0YyIsImlhdCI6MTc3NjEzNTAzNSwiZXhwIjoxNzc4NzI3MDM1fQ.Ogzvi003zyTp2BaCwb0XfSo8-Evj_tUxLY54BUL--lc','2026-05-14T02:50:35.822Z','2026-04-14 02:50:36');
INSERT INTO "sessions" ("id","user_id","refresh_token","expires_at","created_at") VALUES('1c38d65c-bc3f-43c7-bab6-03d69bda7176','user-2e560e4c','eyJhbGciOiJIUzI1NiJ9.eyJ0b2tlbklkIjoiMWMzOGQ2NWMtYmMzZi00M2M3LWJhYjYtMDNkNjliZGE3MTc2IiwidXNlcklkIjoidXNlci0yZTU2MGU0YyIsImlhdCI6MTc3NjEzNTEwNiwiZXhwIjoxNzc4NzI3MTA2fQ.K0sIGKwuV3Smi1vIio-UwbCCSxVQd_FHQw8J2wpwPyo','2026-05-14T02:51:46.517Z','2026-04-14 02:51:46');
INSERT INTO "sessions" ("id","user_id","refresh_token","expires_at","created_at") VALUES('5905c3fc-d048-4e08-8947-c1b44561ccde','user-2e560e4c','eyJhbGciOiJIUzI1NiJ9.eyJ0b2tlbklkIjoiNTkwNWMzZmMtZDA0OC00ZTA4LTg5NDctYzFiNDQ1NjFjY2RlIiwidXNlcklkIjoidXNlci0yZTU2MGU0YyIsImlhdCI6MTc3NjEzNTE5NywiZXhwIjoxNzc4NzI3MTk3fQ.p7dDYtQPhU01Ff0kYgqh8ck0-XW95OK1_-7PcfQURHw','2026-05-14T02:53:17.433Z','2026-04-14 02:53:17');
INSERT INTO "sessions" ("id","user_id","refresh_token","expires_at","created_at") VALUES('a35c72bb-7c86-46a9-9eb1-1232642ff513','user-2e560e4c','eyJhbGciOiJIUzI1NiJ9.eyJ0b2tlbklkIjoiYTM1YzcyYmItN2M4Ni00NmE5LTllYjEtMTIzMjY0MmZmNTEzIiwidXNlcklkIjoidXNlci0yZTU2MGU0YyIsImlhdCI6MTc3NjEzNTI3MCwiZXhwIjoxNzc4NzI3MjcwfQ.X_spNzPoH7i4oIdp3Mk0u9jhw7IC4Vuy7t5ymn5pTY4','2026-05-14T02:54:30.727Z','2026-04-14 02:54:30');
INSERT INTO "sessions" ("id","user_id","refresh_token","expires_at","created_at") VALUES('fcf02d31-54f9-4054-9081-65454b01a701','user-2e560e4c','eyJhbGciOiJIUzI1NiJ9.eyJ0b2tlbklkIjoiZmNmMDJkMzEtNTRmOS00MDU0LTkwODEtNjU0NTRiMDFhNzAxIiwidXNlcklkIjoidXNlci0yZTU2MGU0YyIsImlhdCI6MTc3NjEzNTI3OSwiZXhwIjoxNzc4NzI3Mjc5fQ.6LS4AYG7gu7sikEJ5owv6oPgU7Uhbrl9QZHHQyzjQXs','2026-05-14T02:54:39.967Z','2026-04-14 02:54:40');
INSERT INTO "sessions" ("id","user_id","refresh_token","expires_at","created_at") VALUES('9b0ad935-b039-4bc8-84df-f368681f997c','user-2e560e4c','eyJhbGciOiJIUzI1NiJ9.eyJ0b2tlbklkIjoiOWIwYWQ5MzUtYjAzOS00YmM4LTg0ZGYtZjM2ODY4MWY5OTdjIiwidXNlcklkIjoidXNlci0yZTU2MGU0YyIsImlhdCI6MTc3NjEzNTMwNCwiZXhwIjoxNzc4NzI3MzA0fQ.yA6z6GNUSe8v9K-el8UNnClgZ5B2osKoTB3nmvX7vLA','2026-05-14T02:55:04.335Z','2026-04-14 02:55:04');
INSERT INTO "sessions" ("id","user_id","refresh_token","expires_at","created_at") VALUES('5dc87a4a-d573-45b7-8416-714500021644','user-2e560e4c','eyJhbGciOiJIUzI1NiJ9.eyJ0b2tlbklkIjoiNWRjODdhNGEtZDU3My00NWI3LTg0MTYtNzE0NTAwMDIxNjQ0IiwidXNlcklkIjoidXNlci0yZTU2MGU0YyIsImlhdCI6MTc3NjEzNTM1MywiZXhwIjoxNzc4NzI3MzUzfQ.7lK5II1oTqqhj7pdeBBBAp-2wkoZXEPMwfyDKRS9Vwc','2026-05-14T02:55:53.993Z','2026-04-14 02:55:54');
INSERT INTO "sessions" ("id","user_id","refresh_token","expires_at","created_at") VALUES('372df21c-4137-4e33-b0a9-63467b6dfaeb','user-2e560e4c','eyJhbGciOiJIUzI1NiJ9.eyJ0b2tlbklkIjoiMzcyZGYyMWMtNDEzNy00ZTMzLWIwYTktNjM0NjdiNmRmYWViIiwidXNlcklkIjoidXNlci0yZTU2MGU0YyIsImlhdCI6MTc3NjEzNTc5NCwiZXhwIjoxNzc4NzI3Nzk0fQ.oABCGtA-rvB8uuj1UqyRxizHXEpvLUKTEQrMDEqgAwc','2026-05-14T03:03:14.063Z','2026-04-14 03:03:14');
INSERT INTO "sessions" ("id","user_id","refresh_token","expires_at","created_at") VALUES('5fe38efd-e028-4892-a87d-478f1ef38493','user-2e560e4c','eyJhbGciOiJIUzI1NiJ9.eyJ0b2tlbklkIjoiNWZlMzhlZmQtZTAyOC00ODkyLWE4N2QtNDc4ZjFlZjM4NDkzIiwidXNlcklkIjoidXNlci0yZTU2MGU0YyIsImlhdCI6MTc3NjEzNTg5MSwiZXhwIjoxNzc4NzI3ODkxfQ.Ixgv9HKQcyw5vNH81PoJg3eJoB8-N_tvpyU2-hgcujM','2026-05-14T03:04:51.246Z','2026-04-14 03:04:51');
INSERT INTO "sessions" ("id","user_id","refresh_token","expires_at","created_at") VALUES('9abb560f-8602-479f-9f1b-4a6e58f4128b','user-2e560e4c','eyJhbGciOiJIUzI1NiJ9.eyJ0b2tlbklkIjoiOWFiYjU2MGYtODYwMi00NzlmLTlmMWItNGE2ZTU4ZjQxMjhiIiwidXNlcklkIjoidXNlci0yZTU2MGU0YyIsImlhdCI6MTc3NjEzNjAxNSwiZXhwIjoxNzc4NzI4MDE1fQ.Gmf6EYKk-lBeYNmzE5iwiecq-BpqwwnvGC5J1v7f7Zg','2026-05-14T03:06:55.952Z','2026-04-14 03:06:56');
INSERT INTO "sessions" ("id","user_id","refresh_token","expires_at","created_at") VALUES('0c6f10d9-8c89-4656-a351-43e711bea3b0','user-2e560e4c','eyJhbGciOiJIUzI1NiJ9.eyJ0b2tlbklkIjoiMGM2ZjEwZDktOGM4OS00NjU2LWEzNTEtNDNlNzExYmVhM2IwIiwidXNlcklkIjoidXNlci0yZTU2MGU0YyIsImlhdCI6MTc3NjEzNjEyMSwiZXhwIjoxNzc4NzI4MTIxfQ.ncvJ6hhKTsVWnJwEcQSp9TivQs8j-bdk0KT1YG8N0mI','2026-05-14T03:08:41.109Z','2026-04-14 03:08:41');
INSERT INTO "sessions" ("id","user_id","refresh_token","expires_at","created_at") VALUES('fcc2c4f8-bf4e-46e7-bc2b-c7312e3e90be','user-57ppx9v61','eyJhbGciOiJIUzI1NiJ9.eyJ0b2tlbklkIjoiZmNjMmM0ZjgtYmY0ZS00NmU3LWJjMmItYzczMTJlM2U5MGJlIiwidXNlcklkIjoidXNlci01N3BweDl2NjEiLCJpYXQiOjE3NzYxMzY3MjksImV4cCI6MTc3ODcyODcyOX0.6OaGPMzFsaqeRI0qXqR1xBdO3US5Ush40YO63AYqhS4','2026-05-14T03:18:49.197Z','2026-04-14 03:18:49');
INSERT INTO "sessions" ("id","user_id","refresh_token","expires_at","created_at") VALUES('ae15f536-5359-4af9-a742-5434b5dc8cdb','user-57ppx9v61','eyJhbGciOiJIUzI1NiJ9.eyJ0b2tlbklkIjoiYWUxNWY1MzYtNTM1OS00YWY5LWE3NDItNTQzNGI1ZGM4Y2RiIiwidXNlcklkIjoidXNlci01N3BweDl2NjEiLCJpYXQiOjE3NzYxMzY3MzksImV4cCI6MTc3ODcyODczOX0.nVzGyD_d1XBMxkUFIX-PNOJRpd65ytry4Z295QM4mVE','2026-05-14T03:18:59.787Z','2026-04-14 03:18:59');
INSERT INTO "sessions" ("id","user_id","refresh_token","expires_at","created_at") VALUES('68f01fb7-cb61-4b6a-b195-238020b286d1','user-57ppx9v61','eyJhbGciOiJIUzI1NiJ9.eyJ0b2tlbklkIjoiNjhmMDFmYjctY2I2MS00YjZhLWIxOTUtMjM4MDIwYjI4NmQxIiwidXNlcklkIjoidXNlci01N3BweDl2NjEiLCJpYXQiOjE3NzYxMzY3NzQsImV4cCI6MTc3ODcyODc3NH0.iYjSdQ17h5VfUN9Ic2Y4lkTKssr_Y-cXmskmKLdWpbY','2026-05-14T03:19:34.488Z','2026-04-14 03:19:34');
INSERT INTO "sessions" ("id","user_id","refresh_token","expires_at","created_at") VALUES('576d5918-f3ad-4360-8964-c0f52b2e390d','user-57ppx9v61','eyJhbGciOiJIUzI1NiJ9.eyJ0b2tlbklkIjoiNTc2ZDU5MTgtZjNhZC00MzYwLTg5NjQtYzBmNTJiMmUzOTBkIiwidXNlcklkIjoidXNlci01N3BweDl2NjEiLCJpYXQiOjE3NzYxMzY4MTQsImV4cCI6MTc3ODcyODgxNH0.SDTl-Uakdg3nphrdD3OHLcz9V9A9PCyuWET_HQT3hB0','2026-05-14T03:20:14.781Z','2026-04-14 03:20:14');
INSERT INTO "sessions" ("id","user_id","refresh_token","expires_at","created_at") VALUES('514e1d1c-5d40-40b8-acb9-71356297334e','user-57ppx9v61','eyJhbGciOiJIUzI1NiJ9.eyJ0b2tlbklkIjoiNTE0ZTFkMWMtNWQ0MC00MGI4LWFjYjktNzEzNTYyOTczMzRlIiwidXNlcklkIjoidXNlci01N3BweDl2NjEiLCJpYXQiOjE3NzYxMzY4NzUsImV4cCI6MTc3ODcyODg3NX0.OwOXkK0Hass2gt4aypcViueGcSuomhEIhWoxyj0Pewg','2026-05-14T03:21:15.444Z','2026-04-14 03:21:15');
INSERT INTO "sessions" ("id","user_id","refresh_token","expires_at","created_at") VALUES('344f9e8c-2f04-4a60-9cea-2cc720756d7a','user-57ppx9v61','eyJhbGciOiJIUzI1NiJ9.eyJ0b2tlbklkIjoiMzQ0ZjllOGMtMmYwNC00YTYwLTljZWEtMmNjNzIwNzU2ZDdhIiwidXNlcklkIjoidXNlci01N3BweDl2NjEiLCJpYXQiOjE3NzYxODA4ODAsImV4cCI6MTc3ODc3Mjg4MH0.1twmAkytOjrmUl0bE8gdRGicGF5Uc3jzghA-NqjYYKA','2026-05-14T15:34:40.267Z','2026-04-14 15:34:40');
INSERT INTO "sessions" ("id","user_id","refresh_token","expires_at","created_at") VALUES('e85b9918-3e89-4eda-912c-b065e5c0139f','user-57ppx9v61','eyJhbGciOiJIUzI1NiJ9.eyJ0b2tlbklkIjoiZTg1Yjk5MTgtM2U4OS00ZWRhLTkxMmMtYjA2NWU1YzAxMzlmIiwidXNlcklkIjoidXNlci01N3BweDl2NjEiLCJpYXQiOjE3NzYxODA4OTAsImV4cCI6MTc3ODc3Mjg5MH0.oskPL57qKpwKZBA34yJ2krARylv33ugro-R_oefNVD8','2026-05-14T15:34:50.516Z','2026-04-14 15:34:50');
INSERT INTO "sessions" ("id","user_id","refresh_token","expires_at","created_at") VALUES('33c1cae5-9aa0-43b5-85e7-e9e98fb0fe2c','user-57ppx9v61','eyJhbGciOiJIUzI1NiJ9.eyJ0b2tlbklkIjoiMzNjMWNhZTUtOWFhMC00M2I1LTg1ZTctZTllOThmYjBmZTJjIiwidXNlcklkIjoidXNlci01N3BweDl2NjEiLCJpYXQiOjE3NzYxODE4MTIsImV4cCI6MTc3ODc3MzgxMn0.Vfm1sS4B18m0esyW-l5cTOhxe4lYK5M85gcOsB3_8sQ','2026-05-14T15:50:12.384Z','2026-04-14 15:50:12');
INSERT INTO "sessions" ("id","user_id","refresh_token","expires_at","created_at") VALUES('18a21598-1508-454b-b41b-a465464a16cb','user-57ppx9v61','eyJhbGciOiJIUzI1NiJ9.eyJ0b2tlbklkIjoiMThhMjE1OTgtMTUwOC00NTRiLWI0MWItYTQ2NTQ2NGExNmNiIiwidXNlcklkIjoidXNlci01N3BweDl2NjEiLCJpYXQiOjE3NzYxODE5NjIsImV4cCI6MTc3ODc3Mzk2Mn0.BWPLPeEbIdNT4KtsRQh0aCS7IL2o-SoblT9Wov7pwJE','2026-05-14T15:52:42.469Z','2026-04-14 15:52:42');
INSERT INTO "sessions" ("id","user_id","refresh_token","expires_at","created_at") VALUES('0aa439cf-8ffe-4002-855d-798b649719b8','user-57ppx9v61','eyJhbGciOiJIUzI1NiJ9.eyJ0b2tlbklkIjoiMGFhNDM5Y2YtOGZmZS00MDAyLTg1NWQtNzk4YjY0OTcxOWI4IiwidXNlcklkIjoidXNlci01N3BweDl2NjEiLCJpYXQiOjE3NzYxODI0MjMsImV4cCI6MTc3ODc3NDQyM30.65tdlYxflf5lQeqesuUwVr-Ve43dSjVaUN9QnPr22GU','2026-05-14T16:00:23.881Z','2026-04-14 16:00:23');
INSERT INTO "sessions" ("id","user_id","refresh_token","expires_at","created_at") VALUES('b3a8c0c2-247c-4950-8223-66652d93bd2b','user-57ppx9v61','eyJhbGciOiJIUzI1NiJ9.eyJ0b2tlbklkIjoiYjNhOGMwYzItMjQ3Yy00OTUwLTgyMjMtNjY2NTJkOTNiZDJiIiwidXNlcklkIjoidXNlci01N3BweDl2NjEiLCJpYXQiOjE3NzYxODM2MzMsImV4cCI6MTc3ODc3NTYzM30.kFdzdDEKDqfGscTto3RmbRXumngaiD5nQS6ZM5eVT44','2026-05-14T16:20:33.686Z','2026-04-14 16:20:33');
INSERT INTO "sessions" ("id","user_id","refresh_token","expires_at","created_at") VALUES('24639d7a-0aa2-45ac-a7dd-8d182ac34012','user-57ppx9v61','eyJhbGciOiJIUzI1NiJ9.eyJ0b2tlbklkIjoiMjQ2MzlkN2EtMGFhMi00NWFjLWE3ZGQtOGQxODJhYzM0MDEyIiwidXNlcklkIjoidXNlci01N3BweDl2NjEiLCJpYXQiOjE3NzYxODM2OTUsImV4cCI6MTc3ODc3NTY5NX0.aSF5-fnOh5f_EXGMKye-DxEoznYrX2szypNmWgrXkLE','2026-05-14T16:21:35.798Z','2026-04-14 16:21:35');
INSERT INTO "sessions" ("id","user_id","refresh_token","expires_at","created_at") VALUES('ed4f1566-369e-4233-b866-56eaab25076e','user-57ppx9v61','eyJhbGciOiJIUzI1NiJ9.eyJ0b2tlbklkIjoiZWQ0ZjE1NjYtMzY5ZS00MjMzLWI4NjYtNTZlYWFiMjUwNzZlIiwidXNlcklkIjoidXNlci01N3BweDl2NjEiLCJpYXQiOjE3NzYyMTUzMzMsImV4cCI6MTc3ODgwNzMzM30.TbtKaUH-hXewN8r9hZW6mmt3zDuYD8gwOQtA8KMxIdE','2026-05-15T01:08:53.090Z','2026-04-15 01:08:53');
INSERT INTO "sessions" ("id","user_id","refresh_token","expires_at","created_at") VALUES('3eefa6ce-4f66-496e-ab42-7b8cbff55dcc','user-57ppx9v61','eyJhbGciOiJIUzI1NiJ9.eyJ0b2tlbklkIjoiM2VlZmE2Y2UtNGY2Ni00OTZlLWFiNDItN2I4Y2JmZjU1ZGNjIiwidXNlcklkIjoidXNlci01N3BweDl2NjEiLCJpYXQiOjE3NzYyMTYzMTMsImV4cCI6MTc3ODgwODMxM30.4LidtHaq97T5aRElsbprbm82PjuKh_bcR690NthTc20','2026-05-15T01:25:13.830Z','2026-04-15 01:25:13');
INSERT INTO "sessions" ("id","user_id","refresh_token","expires_at","created_at") VALUES('5fdc9638-36d6-453b-b58d-3426a23a2a5d','user-57ppx9v61','eyJhbGciOiJIUzI1NiJ9.eyJ0b2tlbklkIjoiNWZkYzk2MzgtMzZkNi00NTNiLWI1OGQtMzQyNmEyM2EyYTVkIiwidXNlcklkIjoidXNlci01N3BweDl2NjEiLCJpYXQiOjE3NzYyMTcyNzUsImV4cCI6MTc3ODgwOTI3NX0.at6JFWcBeDxiuMoCAw4HPHxjCEFGsTCrJuMYn_XBQ_8','2026-05-15T01:41:15.558Z','2026-04-15 01:41:15');
INSERT INTO "sessions" ("id","user_id","refresh_token","expires_at","created_at") VALUES('f3fbc633-37df-424c-bb8e-81758aadcf78','user-57ppx9v61','eyJhbGciOiJIUzI1NiJ9.eyJ0b2tlbklkIjoiZjNmYmM2MzMtMzdkZi00MjRjLWJiOGUtODE3NThhYWRjZjc4IiwidXNlcklkIjoidXNlci01N3BweDl2NjEiLCJpYXQiOjE3NzYyMTc2MjksImV4cCI6MTc3ODgwOTYyOX0.cUUZS5pxOi6ms6ayb_30R46p1_tji7_9Gh3AxWzB2_E','2026-05-15T01:47:09.275Z','2026-04-15 01:47:09');
INSERT INTO "sessions" ("id","user_id","refresh_token","expires_at","created_at") VALUES('08a81d9c-bd48-439b-ac26-c4de8dacd09b','user-57ppx9v61','eyJhbGciOiJIUzI1NiJ9.eyJ0b2tlbklkIjoiMDhhODFkOWMtYmQ0OC00MzliLWFjMjYtYzRkZThkYWNkMDliIiwidXNlcklkIjoidXNlci01N3BweDl2NjEiLCJpYXQiOjE3NzYyMTgxMjMsImV4cCI6MTc3ODgxMDEyM30.wvspz-eeCmavCbBOy23N9VF5KcwT-YGkODXrCdtIAhM','2026-05-15T01:55:23.574Z','2026-04-15 01:55:23');
INSERT INTO "sessions" ("id","user_id","refresh_token","expires_at","created_at") VALUES('055a71f9-fd2d-490c-b620-ec18b1e9222c','user-57ppx9v61','eyJhbGciOiJIUzI1NiJ9.eyJ0b2tlbklkIjoiMDU1YTcxZjktZmQyZC00OTBjLWI2MjAtZWMxOGIxZTkyMjJjIiwidXNlcklkIjoidXNlci01N3BweDl2NjEiLCJpYXQiOjE3NzYyMTg4NjIsImV4cCI6MTc3ODgxMDg2Mn0.tSRfj_qjJrchsYDbEpPyJEymxkoHcyVc_ASAd4BFEYU','2026-05-15T02:07:42.556Z','2026-04-15 02:07:42');
INSERT INTO "sessions" ("id","user_id","refresh_token","expires_at","created_at") VALUES('f8c8285f-bf04-42ef-8b4b-21be8d09d9a8','user-57ppx9v61','eyJhbGciOiJIUzI1NiJ9.eyJ0b2tlbklkIjoiZjhjODI4NWYtYmYwNC00MmVmLThiNGItMjFiZThkMDlkOWE4IiwidXNlcklkIjoidXNlci01N3BweDl2NjEiLCJpYXQiOjE3NzYyMTk5OTMsImV4cCI6MTc3ODgxMTk5M30.Wn9FiByb14JWof2UhiCrSjnmvhoW_k6X0lG41tWeM3A','2026-05-15T02:26:33.378Z','2026-04-15 02:26:33');
INSERT INTO "sessions" ("id","user_id","refresh_token","expires_at","created_at") VALUES('eab870dd-bfc7-4127-a4d1-119262cb7aee','user-57ppx9v61','eyJhbGciOiJIUzI1NiJ9.eyJ0b2tlbklkIjoiZWFiODcwZGQtYmZjNy00MTI3LWE0ZDEtMTE5MjYyY2I3YWVlIiwidXNlcklkIjoidXNlci01N3BweDl2NjEiLCJpYXQiOjE3NzYyMjEyMDYsImV4cCI6MTc3ODgxMzIwNn0.EDkXM7YpoE-vw7mJSf-a_jnwnNfoLHg3qjXedYRJ4Ek','2026-05-15T02:46:46.453Z','2026-04-15 02:46:46');
INSERT INTO "sessions" ("id","user_id","refresh_token","expires_at","created_at") VALUES('b57cc99d-1c74-4bd1-800f-3c95a79d5886','user-2e560e4c','eyJhbGciOiJIUzI1NiJ9.eyJ0b2tlbklkIjoiYjU3Y2M5OWQtMWM3NC00YmQxLTgwMGYtM2M5NWE3OWQ1ODg2IiwidXNlcklkIjoidXNlci0yZTU2MGU0YyIsImlhdCI6MTc3NjIyMTY3MiwiZXhwIjoxNzc4ODEzNjcyfQ.xD7KAS588MN7U7mFyhyToL0yM2iqilis2SKtFsHgjBI','2026-05-15T02:54:32.028Z','2026-04-15 02:54:32');
INSERT INTO "sessions" ("id","user_id","refresh_token","expires_at","created_at") VALUES('2402c2ad-ae40-49a8-be4d-07139aea2f05','user-57ppx9v61','eyJhbGciOiJIUzI1NiJ9.eyJ0b2tlbklkIjoiMjQwMmMyYWQtYWU0MC00OWE4LWJlNGQtMDcxMzlhZWEyZjA1IiwidXNlcklkIjoidXNlci01N3BweDl2NjEiLCJpYXQiOjE3NzYyMjIxMDYsImV4cCI6MTc3ODgxNDEwNn0.0FovOoA3kJ06GuZr1cGttViFkeM73AtSWNnUOKE6YW8','2026-05-15T03:01:46.591Z','2026-04-15 03:01:46');
INSERT INTO "sessions" ("id","user_id","refresh_token","expires_at","created_at") VALUES('033e37ad-3a52-4e4e-8d75-a9dc63f5bd31','user-57ppx9v61','eyJhbGciOiJIUzI1NiJ9.eyJ0b2tlbklkIjoiMDMzZTM3YWQtM2E1Mi00ZTRlLThkNzUtYTlkYzYzZjViZDMxIiwidXNlcklkIjoidXNlci01N3BweDl2NjEiLCJpYXQiOjE3NzYyMjIyODYsImV4cCI6MTc3ODgxNDI4Nn0.aM_NE9e15IdxFvCn--6Plp6rsOxd0eAtw0jnq5hz_Mk','2026-05-15T03:04:46.576Z','2026-04-15 03:04:46');
INSERT INTO "sessions" ("id","user_id","refresh_token","expires_at","created_at") VALUES('73054be9-386d-4ff5-8752-6f39f0238460','user-57ppx9v61','eyJhbGciOiJIUzI1NiJ9.eyJ0b2tlbklkIjoiNzMwNTRiZTktMzg2ZC00ZmY1LTg3NTItNmYzOWYwMjM4NDYwIiwidXNlcklkIjoidXNlci01N3BweDl2NjEiLCJpYXQiOjE3NzYyMjI0ODIsImV4cCI6MTc3ODgxNDQ4Mn0.YjFaoud12aiZc7MIsUTEGL21LnP-p3j06EDXeIeu2go','2026-05-15T03:08:02.248Z','2026-04-15 03:08:02');
INSERT INTO "sessions" ("id","user_id","refresh_token","expires_at","created_at") VALUES('8cc200aa-dad2-42c6-b2c4-016d47989700','user-57ppx9v61','eyJhbGciOiJIUzI1NiJ9.eyJ0b2tlbklkIjoiOGNjMjAwYWEtZGFkMi00MmM2LWIyYzQtMDE2ZDQ3OTg5NzAwIiwidXNlcklkIjoidXNlci01N3BweDl2NjEiLCJpYXQiOjE3NzYyMjUzOTMsImV4cCI6MTc3ODgxNzM5M30.Afijp2HR2yxTugyJag6x2vjOXX3YyNCDXNRnDGvaqMc','2026-05-15T03:56:33.524Z','2026-04-15 03:56:33');
INSERT INTO "sessions" ("id","user_id","refresh_token","expires_at","created_at") VALUES('86c4f3e8-0804-448d-8dc0-2cfe5740db61','user-57ppx9v61','eyJhbGciOiJIUzI1NiJ9.eyJ0b2tlbklkIjoiODZjNGYzZTgtMDgwNC00NDhkLThkYzAtMmNmZTU3NDBkYjYxIiwidXNlcklkIjoidXNlci01N3BweDl2NjEiLCJpYXQiOjE3NzYyMzQ0MDYsImV4cCI6MTc3ODgyNjQwNn0.9scZlCBYFS6N9udw2NMEYnpCxm5NhJ9lY2GeR5VHjkU','2026-05-15T06:26:46.965Z','2026-04-15 06:26:47');
INSERT INTO "sessions" ("id","user_id","refresh_token","expires_at","created_at") VALUES('29c61707-32ab-42df-b100-6ee552a064d8','user-57ppx9v61','eyJhbGciOiJIUzI1NiJ9.eyJ0b2tlbklkIjoiMjljNjE3MDctMzJhYi00MmRmLWIxMDAtNmVlNTUyYTA2NGQ4IiwidXNlcklkIjoidXNlci01N3BweDl2NjEiLCJpYXQiOjE3NzYyMzUwNTAsImV4cCI6MTc3ODgyNzA1MH0.IUtKM9eui3XN6fRa1Sclw9tccq_4uKexqUy8ovf1z1w','2026-05-15T06:37:30.877Z','2026-04-15 06:37:30');
INSERT INTO "sessions" ("id","user_id","refresh_token","expires_at","created_at") VALUES('f39d5e7e-3198-4fe7-bc7d-d8f0c9488b75','user-57ppx9v61','eyJhbGciOiJIUzI1NiJ9.eyJ0b2tlbklkIjoiZjM5ZDVlN2UtMzE5OC00ZmU3LWJjN2QtZDhmMGM5NDg4Yjc1IiwidXNlcklkIjoidXNlci01N3BweDl2NjEiLCJpYXQiOjE3NzYyMzg5MTQsImV4cCI6MTc3ODgzMDkxNH0.fEBqE-M_KBReQ7YBIVIwRY1eaYN_LdCvskwjZDplMWo','2026-05-15T07:41:54.218Z','2026-04-15 07:41:54');
INSERT INTO "sessions" ("id","user_id","refresh_token","expires_at","created_at") VALUES('e95e617d-a39d-4d2b-a751-9eaa74731b09','user-canyon-t1','eyJhbGciOiJIUzI1NiJ9.eyJ0b2tlbklkIjoiZTk1ZTYxN2QtYTM5ZC00ZDJiLWE3NTEtOWVhYTc0NzMxYjA5IiwidXNlcklkIjoidXNlci1jYW55b24tdDEiLCJpYXQiOjE3NzYyNTE5NzksImV4cCI6MTc3ODg0Mzk3OX0.86VRnNEeYCK5r84HRYd2x_LFIK2Ih6y2iQ5DC5o4RgU','2026-05-15T11:19:39.837Z','2026-04-15 11:19:39');
INSERT INTO "sessions" ("id","user_id","refresh_token","expires_at","created_at") VALUES('be2ef6a2-0e96-477a-b8c2-ba48e537990e','user-canyon-t1','eyJhbGciOiJIUzI1NiJ9.eyJ0b2tlbklkIjoiYmUyZWY2YTItMGU5Ni00NzdhLWI4YzItYmE0OGU1Mzc5OTBlIiwidXNlcklkIjoidXNlci1jYW55b24tdDEiLCJpYXQiOjE3NzYyNTI1MzUsImV4cCI6MTc3ODg0NDUzNX0.fdOzArTQ7f6alMVRbdMvRzASMFWvTz61EbMvrwxABMY','2026-05-15T11:28:55.773Z','2026-04-15 11:28:55');
INSERT INTO "sessions" ("id","user_id","refresh_token","expires_at","created_at") VALUES('14bcb42b-f8db-4cf8-b66a-809461fa475b','user-canyon-t1','eyJhbGciOiJIUzI1NiJ9.eyJ0b2tlbklkIjoiMTRiY2I0MmItZjhkYi00Y2Y4LWI2NmEtODA5NDYxZmE0NzViIiwidXNlcklkIjoidXNlci1jYW55b24tdDEiLCJpYXQiOjE3NzYyNTMwNzEsImV4cCI6MTc3ODg0NTA3MX0.g_WP7588jYJLZqTDd0GIn88NPIF1kXuhvctAUWbzMzY','2026-05-15T11:37:51.881Z','2026-04-15 11:37:51');
INSERT INTO "sessions" ("id","user_id","refresh_token","expires_at","created_at") VALUES('9b192d55-7e71-4292-a09b-e927ef4160ba','user-57ppx9v61','eyJhbGciOiJIUzI1NiJ9.eyJ0b2tlbklkIjoiOWIxOTJkNTUtN2U3MS00MjkyLWEwOWItZTkyN2VmNDE2MGJhIiwidXNlcklkIjoidXNlci01N3BweDl2NjEiLCJpYXQiOjE3NzYzMTU4NjQsImV4cCI6MTc3ODkwNzg2NH0.pTu_27NJmp0ZDwECJqno4eggTg3jx7H1TUeLox-CsrA','2026-05-16T05:04:24.546Z','2026-04-16 05:04:24');
INSERT INTO "sessions" ("id","user_id","refresh_token","expires_at","created_at") VALUES('5a087991-b6ed-48cd-865f-eac41a5c93e3','user-i170bjn6w','eyJhbGciOiJIUzI1NiJ9.eyJ0b2tlbklkIjoiNWEwODc5OTEtYjZlZC00OGNkLTg2NWYtZWFjNDFhNWM5M2UzIiwidXNlcklkIjoidXNlci1pMTcwYmpuNnciLCJpYXQiOjE3NzYzMTc3MzcsImV4cCI6MTc3ODkwOTczN30.L8nCbw_A8u1uCF5UvNuZZ1PANge4FQrA1ULwYrgKmx0','2026-05-16T05:35:37.051Z','2026-04-16 05:35:37');
INSERT INTO "sessions" ("id","user_id","refresh_token","expires_at","created_at") VALUES('a03e63f7-6737-4187-8abb-43ba9fa0efba','user-i170bjn6w','eyJhbGciOiJIUzI1NiJ9.eyJ0b2tlbklkIjoiYTAzZTYzZjctNjczNy00MTg3LThhYmItNDNiYTlmYTBlZmJhIiwidXNlcklkIjoidXNlci1pMTcwYmpuNnciLCJpYXQiOjE3NzYzMTk0NjMsImV4cCI6MTc3ODkxMTQ2M30.Pt-k5ONkbgDnbzjjf10aXZV-Vb-Dnincf2HqLt437b0','2026-05-16T06:04:23.137Z','2026-04-16 06:04:23');
INSERT INTO "sessions" ("id","user_id","refresh_token","expires_at","created_at") VALUES('223aaabd-c21e-46d7-bf84-70d114fb0550','user-i170bjn6w','eyJhbGciOiJIUzI1NiJ9.eyJ0b2tlbklkIjoiMjIzYWFhYmQtYzIxZS00NmQ3LWJmODQtNzBkMTE0ZmIwNTUwIiwidXNlcklkIjoidXNlci1pMTcwYmpuNnciLCJpYXQiOjE3NzYzMTk2MzgsImV4cCI6MTc3ODkxMTYzOH0.hTc3Ntyaw1xNHDKBSxNytZpNeP36f6QUnPvIg0dLNVE','2026-05-16T06:07:18.157Z','2026-04-16 06:07:18');
INSERT INTO "sessions" ("id","user_id","refresh_token","expires_at","created_at") VALUES('51e8d53f-f448-4f97-9f8b-6a9da6310e90','user-57ppx9v61','eyJhbGciOiJIUzI1NiJ9.eyJ0b2tlbklkIjoiNTFlOGQ1M2YtZjQ0OC00Zjk3LTlmOGItNmE5ZGE2MzEwZTkwIiwidXNlcklkIjoidXNlci01N3BweDl2NjEiLCJpYXQiOjE3NzYzMjAyNTgsImV4cCI6MTc3ODkxMjI1OH0.vAWWj1_BmREL4TR-SV5MNR6BaHohItGLB9IQTDAVkGg','2026-05-16T06:17:38.349Z','2026-04-16 06:17:38');
INSERT INTO "sessions" ("id","user_id","refresh_token","expires_at","created_at") VALUES('170f56e6-7eec-4204-9bfc-bf27889f6f9f','user-57ppx9v61','eyJhbGciOiJIUzI1NiJ9.eyJ0b2tlbklkIjoiMTcwZjU2ZTYtN2VlYy00MjA0LTliZmMtYmYyNzg4OWY2ZjlmIiwidXNlcklkIjoidXNlci01N3BweDl2NjEiLCJpYXQiOjE3NzYzMjYwMjcsImV4cCI6MTc3ODkxODAyN30.fErV4CEwGpj_usUmR5Bt_F84e1vjwkU2l_yPlw6TnAo','2026-05-16T07:53:47.713Z','2026-04-16 07:53:47');
INSERT INTO "sessions" ("id","user_id","refresh_token","expires_at","created_at") VALUES('d926aeac-c23f-424b-9429-cd968984d86a','user-57ppx9v61','eyJhbGciOiJIUzI1NiJ9.eyJ0b2tlbklkIjoiZDkyNmFlYWMtYzIzZi00MjRiLTk0MjktY2Q5Njg5ODRkODZhIiwidXNlcklkIjoidXNlci01N3BweDl2NjEiLCJpYXQiOjE3NzYzMjk3NzQsImV4cCI6MTc3ODkyMTc3NH0.GLYs4npGOyg1tiOsWMHWBN5RRRiA0PLz-hJ6newsYYI','2026-05-16T08:56:14.019Z','2026-04-16 08:56:14');
INSERT INTO "sessions" ("id","user_id","refresh_token","expires_at","created_at") VALUES('ac70fda6-9f01-4bab-b587-c43555262dd0','user-57ppx9v61','eyJhbGciOiJIUzI1NiJ9.eyJ0b2tlbklkIjoiYWM3MGZkYTYtOWYwMS00YmFiLWI1ODctYzQzNTU1MjYyZGQwIiwidXNlcklkIjoidXNlci01N3BweDl2NjEiLCJpYXQiOjE3NzYzMzc5NDgsImV4cCI6MTc3ODkyOTk0OH0.O-kMB-eQHQ5bTGNpRKWxWoruhB3VVe1LPZn0UZP5zVA','2026-05-16T11:12:28.048Z','2026-04-16 11:12:28');
INSERT INTO "sessions" ("id","user_id","refresh_token","expires_at","created_at") VALUES('97aca5a8-05b5-466f-82ce-82cc99670672','user-57ppx9v61','eyJhbGciOiJIUzI1NiJ9.eyJ0b2tlbklkIjoiOTdhY2E1YTgtMDViNS00NjZmLTgyY2UtODJjYzk5NjcwNjcyIiwidXNlcklkIjoidXNlci01N3BweDl2NjEiLCJpYXQiOjE3NzYzMzc5NDgsImV4cCI6MTc3ODkyOTk0OH0.fH9Mhxb5R9gLSQs-K83ZRRmN6nO0yK3VoXCwlHUs8wM','2026-05-16T11:12:28.742Z','2026-04-16 11:12:28');
INSERT INTO "sessions" ("id","user_id","refresh_token","expires_at","created_at") VALUES('3e4805bf-deb9-45fd-8101-71db67f2e73d','user-57ppx9v61','eyJhbGciOiJIUzI1NiJ9.eyJ0b2tlbklkIjoiM2U0ODA1YmYtZGViOS00NWZkLTgxMDEtNzFkYjY3ZjJlNzNkIiwidXNlcklkIjoidXNlci01N3BweDl2NjEiLCJpYXQiOjE3NzYzNDk4NTAsImV4cCI6MTc3ODk0MTg1MH0.7dTJtP-ii3jkOWjuaVueF-UzlCZ8hySLBuUzt_Hq_LE','2026-05-16T14:30:50.148Z','2026-04-16 14:30:50');
INSERT INTO "sessions" ("id","user_id","refresh_token","expires_at","created_at") VALUES('c61b8492-37c2-401a-b575-42e91fa98726','user-57ppx9v61','eyJhbGciOiJIUzI1NiJ9.eyJ0b2tlbklkIjoiYzYxYjg0OTItMzdjMi00MDFhLWI1NzUtNDJlOTFmYTk4NzI2IiwidXNlcklkIjoidXNlci01N3BweDl2NjEiLCJpYXQiOjE3NzYzNTM0NTcsImV4cCI6MTc3ODk0NTQ1N30.euFvT_g36Sa7GOkIAFeP4Bwaw-HXb14zGUnp-96sBgQ','2026-05-16T15:30:57.823Z','2026-04-16 15:30:57');
INSERT INTO "sessions" ("id","user_id","refresh_token","expires_at","created_at") VALUES('d498646d-a159-4c04-aea8-1af536c40446','user-canyon-t1','eyJhbGciOiJIUzI1NiJ9.eyJ0b2tlbklkIjoiZDQ5ODY0NmQtYTE1OS00YzA0LWFlYTgtMWFmNTM2YzQwNDQ2IiwidXNlcklkIjoidXNlci1jYW55b24tdDEiLCJpYXQiOjE3NzYzOTQ1MTcsImV4cCI6MTc3ODk4NjUxN30.Dv3rW3y_KsWb4B0QCCh8w8BaLDmEj5jtkMPoC-WOGRA','2026-05-17T02:55:17.232Z','2026-04-17 02:55:17');
INSERT INTO "sessions" ("id","user_id","refresh_token","expires_at","created_at") VALUES('09f09dc6-cbc7-470f-935d-7ca27ac5b746','user-canyon-t1','eyJhbGciOiJIUzI1NiJ9.eyJ0b2tlbklkIjoiMDlmMDlkYzYtY2JjNy00NzBmLTkzNWQtN2NhMjdhYzViNzQ2IiwidXNlcklkIjoidXNlci1jYW55b24tdDEiLCJpYXQiOjE3NzYzOTQ1MjQsImV4cCI6MTc3ODk4NjUyNH0.hZ_ufXnxwuRgXGVX1qOTj94XEyIA3wpl2_D2gaTnCnk','2026-05-17T02:55:24.994Z','2026-04-17 02:55:25');
INSERT INTO "sessions" ("id","user_id","refresh_token","expires_at","created_at") VALUES('778d87d8-c6d0-448b-8230-8aded6916df4','user-canyon-t1','eyJhbGciOiJIUzI1NiJ9.eyJ0b2tlbklkIjoiNzc4ZDg3ZDgtYzZkMC00NDhiLTgyMzAtOGFkZWQ2OTE2ZGY0IiwidXNlcklkIjoidXNlci1jYW55b24tdDEiLCJpYXQiOjE3NzYzOTQ1MzMsImV4cCI6MTc3ODk4NjUzM30.JgswdyMCg7CLR-_PLGfYYiL9qto5UJIZQ9I0T3aG_zw','2026-05-17T02:55:33.064Z','2026-04-17 02:55:33');
INSERT INTO "sessions" ("id","user_id","refresh_token","expires_at","created_at") VALUES('3ebf36c3-441d-45d3-ab7e-623c0ebd69c8','user-canyon-t1','eyJhbGciOiJIUzI1NiJ9.eyJ0b2tlbklkIjoiM2ViZjM2YzMtNDQxZC00NWQzLWFiN2UtNjIzYzBlYmQ2OWM4IiwidXNlcklkIjoidXNlci1jYW55b24tdDEiLCJpYXQiOjE3NzYzOTQ1NDEsImV4cCI6MTc3ODk4NjU0MX0.5WiFVh8LDecxiAnmZgV8woa-gplXmkSS4ASk9Na9waI','2026-05-17T02:55:41.181Z','2026-04-17 02:55:41');
INSERT INTO "sessions" ("id","user_id","refresh_token","expires_at","created_at") VALUES('48af1023-4a28-4173-8f0e-4955e50fce5a','user-canyon-t1','eyJhbGciOiJIUzI1NiJ9.eyJ0b2tlbklkIjoiNDhhZjEwMjMtNGEyOC00MTczLThmMGUtNDk1NWU1MGZjZTVhIiwidXNlcklkIjoidXNlci1jYW55b24tdDEiLCJpYXQiOjE3NzYzOTQ1NDgsImV4cCI6MTc3ODk4NjU0OH0.p8ezdRXLtSArH3UBmetnvNCaS_M1UwO1lKvt-vkRzfk','2026-05-17T02:55:48.848Z','2026-04-17 02:55:48');
INSERT INTO "sessions" ("id","user_id","refresh_token","expires_at","created_at") VALUES('d4f664d6-ae0e-48e0-98ae-7186d391cb3b','user-canyon-t1','eyJhbGciOiJIUzI1NiJ9.eyJ0b2tlbklkIjoiZDRmNjY0ZDYtYWUwZS00OGUwLTk4YWUtNzE4NmQzOTFjYjNiIiwidXNlcklkIjoidXNlci1jYW55b24tdDEiLCJpYXQiOjE3NzYzOTQ3MTQsImV4cCI6MTc3ODk4NjcxNH0.-5X6r6p0P9bwSyJ6gCwiRsD1y1_zkG29SG8H91hxkBw','2026-05-17T02:58:34.614Z','2026-04-17 02:58:34');
INSERT INTO "sessions" ("id","user_id","refresh_token","expires_at","created_at") VALUES('c6b92350-f2f0-46d5-9d14-9e8da1ce8f27','user-canyon-t1','eyJhbGciOiJIUzI1NiJ9.eyJ0b2tlbklkIjoiYzZiOTIzNTAtZjJmMC00NmQ1LTlkMTQtOWU4ZGExY2U4ZjI3IiwidXNlcklkIjoidXNlci1jYW55b24tdDEiLCJpYXQiOjE3NzYzOTQ3MjEsImV4cCI6MTc3ODk4NjcyMX0.6TgLZIupR_FGm2n0tICd-I30gfNbgGIN-gSnDzHOdgc','2026-05-17T02:58:41.171Z','2026-04-17 02:58:41');
INSERT INTO "sessions" ("id","user_id","refresh_token","expires_at","created_at") VALUES('a177fb35-1488-41a6-89a5-f2708f01edaa','user-canyon-t1','eyJhbGciOiJIUzI1NiJ9.eyJ0b2tlbklkIjoiYTE3N2ZiMzUtMTQ4OC00MWE2LTg5YTUtZjI3MDhmMDFlZGFhIiwidXNlcklkIjoidXNlci1jYW55b24tdDEiLCJpYXQiOjE3NzYzOTQ3MjcsImV4cCI6MTc3ODk4NjcyN30.i_FQ81DF-ljR36MuAdDzBg2Vb8e8gbOlda14YhzDKCc','2026-05-17T02:58:47.349Z','2026-04-17 02:58:47');
INSERT INTO "sessions" ("id","user_id","refresh_token","expires_at","created_at") VALUES('86025eb7-91b1-4056-8046-f3f7c7ee1ab8','user-canyon-t1','eyJhbGciOiJIUzI1NiJ9.eyJ0b2tlbklkIjoiODYwMjVlYjctOTFiMS00MDU2LTgwNDYtZjNmN2M3ZWUxYWI4IiwidXNlcklkIjoidXNlci1jYW55b24tdDEiLCJpYXQiOjE3NzYzOTUxMjksImV4cCI6MTc3ODk4NzEyOX0.No-8Xvhn_C3XoZuFazAaBp7wLXSrNkBFPZ6pGHHxVzU','2026-05-17T03:05:29.595Z','2026-04-17 03:05:29');
INSERT INTO "sessions" ("id","user_id","refresh_token","expires_at","created_at") VALUES('bc582165-9614-4943-b3e5-008d96122153','user-canyon-t1','eyJhbGciOiJIUzI1NiJ9.eyJ0b2tlbklkIjoiYmM1ODIxNjUtOTYxNC00OTQzLWIzZTUtMDA4ZDk2MTIyMTUzIiwidXNlcklkIjoidXNlci1jYW55b24tdDEiLCJpYXQiOjE3NzYzOTUxMzcsImV4cCI6MTc3ODk4NzEzN30.Gn3MrXPsnzXxr8DOJY1BRIcIxGcjGAxH_oN_gnP9zyI','2026-05-17T03:05:37.184Z','2026-04-17 03:05:37');
INSERT INTO "sessions" ("id","user_id","refresh_token","expires_at","created_at") VALUES('627042d8-6b58-47cc-97bb-e2c5939ef83d','user-canyon-t1','eyJhbGciOiJIUzI1NiJ9.eyJ0b2tlbklkIjoiNjI3MDQyZDgtNmI1OC00N2NjLTk3YmItZTJjNTkzOWVmODNkIiwidXNlcklkIjoidXNlci1jYW55b24tdDEiLCJpYXQiOjE3NzYzOTUxNDMsImV4cCI6MTc3ODk4NzE0M30.wXkJ-3SCf_P9SxrMi-UgOjORQ-drWbfDrgpED58RcVY','2026-05-17T03:05:43.644Z','2026-04-17 03:05:43');
INSERT INTO "sessions" ("id","user_id","refresh_token","expires_at","created_at") VALUES('e8a18f34-519a-4957-8a1f-75bb97217e0e','user-canyon-t1','eyJhbGciOiJIUzI1NiJ9.eyJ0b2tlbklkIjoiZThhMThmMzQtNTE5YS00OTU3LThhMWYtNzViYjk3MjE3ZTBlIiwidXNlcklkIjoidXNlci1jYW55b24tdDEiLCJpYXQiOjE3NzYzOTY0MjcsImV4cCI6MTc3ODk4ODQyN30.06AxWqyAmzPTeupqSqyzq1LG3t2mNGdEe5MjAvV4fgw','2026-05-17T03:27:07.440Z','2026-04-17 03:27:07');
INSERT INTO "sessions" ("id","user_id","refresh_token","expires_at","created_at") VALUES('51876aa0-d911-4ffa-bd8d-f4fda649da1b','user-canyon-t1','eyJhbGciOiJIUzI1NiJ9.eyJ0b2tlbklkIjoiNTE4NzZhYTAtZDkxMS00ZmZhLWJkOGQtZjRmZGE2NDlkYTFiIiwidXNlcklkIjoidXNlci1jYW55b24tdDEiLCJpYXQiOjE3NzYzOTY0MzQsImV4cCI6MTc3ODk4ODQzNH0.vVSiTj7wRxfPF6_Z85_j6Lp6bROS4KTwbRvBQ2YX2MI','2026-05-17T03:27:14.619Z','2026-04-17 03:27:14');
INSERT INTO "sessions" ("id","user_id","refresh_token","expires_at","created_at") VALUES('3acdc034-e0e4-4774-87e1-9aa2e4f80dce','user-canyon-t1','eyJhbGciOiJIUzI1NiJ9.eyJ0b2tlbklkIjoiM2FjZGMwMzQtZTBlNC00Nzc0LTg3ZTEtOWFhMmU0ZjgwZGNlIiwidXNlcklkIjoidXNlci1jYW55b24tdDEiLCJpYXQiOjE3NzYzOTY0NDIsImV4cCI6MTc3ODk4ODQ0Mn0.Y0MBI4Ujg9nAivowWmJjGvPmZ_DiBLL3Ojq7kUJrjMs','2026-05-17T03:27:22.020Z','2026-04-17 03:27:22');
INSERT INTO "sessions" ("id","user_id","refresh_token","expires_at","created_at") VALUES('644aa415-8f9a-4bde-866f-01b828de2b03','user-canyon-t1','eyJhbGciOiJIUzI1NiJ9.eyJ0b2tlbklkIjoiNjQ0YWE0MTUtOGY5YS00YmRlLTg2NmYtMDFiODI4ZGUyYjAzIiwidXNlcklkIjoidXNlci1jYW55b24tdDEiLCJpYXQiOjE3NzYzOTY0NTEsImV4cCI6MTc3ODk4ODQ1MX0.S-GM95UhEyvH3-vvjfjdA8YFUShBtSAIYYPufbpREaU','2026-05-17T03:27:31.094Z','2026-04-17 03:27:31');
INSERT INTO "sessions" ("id","user_id","refresh_token","expires_at","created_at") VALUES('7b329fb8-6416-4e25-ad18-5628a23749b7','user-canyon-t1','eyJhbGciOiJIUzI1NiJ9.eyJ0b2tlbklkIjoiN2IzMjlmYjgtNjQxNi00ZTI1LWFkMTgtNTYyOGEyMzc0OWI3IiwidXNlcklkIjoidXNlci1jYW55b24tdDEiLCJpYXQiOjE3NzYzOTY0NTgsImV4cCI6MTc3ODk4ODQ1OH0.amfyTE4MG8ztzU_66SGqBLJ8sgqGOPDIzN-xA-zY3vc','2026-05-17T03:27:38.579Z','2026-04-17 03:27:38');
INSERT INTO "sessions" ("id","user_id","refresh_token","expires_at","created_at") VALUES('46e0e63e-f991-492a-ba7c-2eec03fde58c','user-i170bjn6w','eyJhbGciOiJIUzI1NiJ9.eyJ0b2tlbklkIjoiNDZlMGU2M2UtZjk5MS00OTJhLWJhN2MtMmVlYzAzZmRlNThjIiwidXNlcklkIjoidXNlci1pMTcwYmpuNnciLCJpYXQiOjE3NzY0MDIzODAsImV4cCI6MTc3ODk5NDM4MH0.4ZIk_mDzD-L0oHDs3bSMoAsaVI_Q9BjNlyu73A8-Ans','2026-05-17T05:06:20.275Z','2026-04-17 05:06:20');
INSERT INTO "sessions" ("id","user_id","refresh_token","expires_at","created_at") VALUES('766c635a-1288-4a74-9ebd-a910ddb27958','user-canyon-t2','eyJhbGciOiJIUzI1NiJ9.eyJ0b2tlbklkIjoiNzY2YzYzNWEtMTI4OC00YTc0LTllYmQtYTkxMGRkYjI3OTU4IiwidXNlcklkIjoidXNlci1jYW55b24tdDIiLCJpYXQiOjE3NzY0MDI0MzcsImV4cCI6MTc3ODk5NDQzN30.mQvvvpEGnw12Sndl7QHfM9OI87MuATaRQnmQIRkjbFs','2026-05-17T05:07:17.573Z','2026-04-17 05:07:17');
INSERT INTO "sessions" ("id","user_id","refresh_token","expires_at","created_at") VALUES('244bec4b-065e-4178-bdc4-2e8880dcd32a','user-57ppx9v61','eyJhbGciOiJIUzI1NiJ9.eyJ0b2tlbklkIjoiMjQ0YmVjNGItMDY1ZS00MTc4LWJkYzQtMmU4ODgwZGNkMzJhIiwidXNlcklkIjoidXNlci01N3BweDl2NjEiLCJpYXQiOjE3NzY0MDI3ODksImV4cCI6MTc3ODk5NDc4OX0.lxnAUHbmwmX1RV6-H2msuSDUaoT2LoK6iXono8bajKE','2026-05-17T05:13:09.458Z','2026-04-17 05:13:09');
INSERT INTO "sessions" ("id","user_id","refresh_token","expires_at","created_at") VALUES('3fc0c8d7-ff9c-4d84-afb0-791a9e665899','user-i170bjn6w','eyJhbGciOiJIUzI1NiJ9.eyJ0b2tlbklkIjoiM2ZjMGM4ZDctZmY5Yy00ZDg0LWFmYjAtNzkxYTllNjY1ODk5IiwidXNlcklkIjoidXNlci1pMTcwYmpuNnciLCJpYXQiOjE3NzY0MDI4MjksImV4cCI6MTc3ODk5NDgyOX0.MMsMRu5Vn_yBSgZZ2jnhgToRkDFJk-hCuDh-nKli2Fo','2026-05-17T05:13:49.758Z','2026-04-17 05:13:49');
INSERT INTO "sessions" ("id","user_id","refresh_token","expires_at","created_at") VALUES('b56c24e0-579b-4e0d-b3ed-eb7d898969c7','user-57ppx9v61','eyJhbGciOiJIUzI1NiJ9.eyJ0b2tlbklkIjoiYjU2YzI0ZTAtNTc5Yi00ZTBkLWIzZWQtZWI3ZDg5ODk2OWM3IiwidXNlcklkIjoidXNlci01N3BweDl2NjEiLCJpYXQiOjE3NzY0MDQyODcsImV4cCI6MTc3ODk5NjI4N30.nUFGwIzYnSGf6POEEgAdmXrp9_3ob85CkqbXGrnW6RM','2026-05-17T05:38:07.647Z','2026-04-17 05:38:07');
INSERT INTO "sessions" ("id","user_id","refresh_token","expires_at","created_at") VALUES('8c5a2dce-a8f8-4702-9300-258c86d8e1e5','user-57ppx9v61','eyJhbGciOiJIUzI1NiJ9.eyJ0b2tlbklkIjoiOGM1YTJkY2UtYThmOC00NzAyLTkzMDAtMjU4Yzg2ZDhlMWU1IiwidXNlcklkIjoidXNlci01N3BweDl2NjEiLCJpYXQiOjE3NzY0MDk5NTAsImV4cCI6MTc3OTAwMTk1MH0.Oj-U2xfU-iKyiAbIlqtcaYhHUKh1Wv4FvXpcYQ0GLbw','2026-05-17T07:12:30.408Z','2026-04-17 07:12:30');
INSERT INTO "sessions" ("id","user_id","refresh_token","expires_at","created_at") VALUES('bdc7a424-9ae7-4ca8-8ae6-2932c5456aea','user-57ppx9v61','eyJhbGciOiJIUzI1NiJ9.eyJ0b2tlbklkIjoiYmRjN2E0MjQtOWFlNy00Y2E4LThhZTYtMjkzMmM1NDU2YWVhIiwidXNlcklkIjoidXNlci01N3BweDl2NjEiLCJpYXQiOjE3NzY0MTQwOTUsImV4cCI6MTc3OTAwNjA5NX0.UjOuw4v78srhNcFYFegxplU_p_bSlaHbL38o5GmQCR0','2026-05-17T08:21:35.509Z','2026-04-17 08:21:35');
INSERT INTO "sessions" ("id","user_id","refresh_token","expires_at","created_at") VALUES('ca8319b9-a9d0-4d34-aebd-602921663574','user-2e560e4c','eyJhbGciOiJIUzI1NiJ9.eyJ0b2tlbklkIjoiY2E4MzE5YjktYTlkMC00ZDM0LWFlYmQtNjAyOTIxNjYzNTc0IiwidXNlcklkIjoidXNlci0yZTU2MGU0YyIsImlhdCI6MTc3NjQxNjU4MCwiZXhwIjoxNzc5MDA4NTgwfQ._VwolYuKTv2lyj_JU3GNBcqjkSFTkcZlprtdfQBZZRY','2026-05-17T09:03:00.015Z','2026-04-17 09:03:00');
INSERT INTO "sessions" ("id","user_id","refresh_token","expires_at","created_at") VALUES('9dd078e6-8464-43ff-a118-608f759eeeaa','user-2e560e4c','eyJhbGciOiJIUzI1NiJ9.eyJ0b2tlbklkIjoiOWRkMDc4ZTYtODQ2NC00M2ZmLWExMTgtNjA4Zjc1OWVlZWFhIiwidXNlcklkIjoidXNlci0yZTU2MGU0YyIsImlhdCI6MTc3NjQxNjY3MywiZXhwIjoxNzc5MDA4NjczfQ.VyumbLohNNVD8bXPEmFYwx_AI95aqTiGo2qNE1BTC3M','2026-05-17T09:04:33.297Z','2026-04-17 09:04:33');
INSERT INTO "sessions" ("id","user_id","refresh_token","expires_at","created_at") VALUES('7f631770-5fcd-4af1-9065-9efb4bd13a77','user-2e560e4c','eyJhbGciOiJIUzI1NiJ9.eyJ0b2tlbklkIjoiN2Y2MzE3NzAtNWZjZC00YWYxLTkwNjUtOWVmYjRiZDEzYTc3IiwidXNlcklkIjoidXNlci0yZTU2MGU0YyIsImlhdCI6MTc3NjQxNjY5NSwiZXhwIjoxNzc5MDA4Njk1fQ.fXJ63BX7_sVauPU48Wqqw15vaFqLkOhYXaRVDVWzcCw','2026-05-17T09:04:55.412Z','2026-04-17 09:04:55');
INSERT INTO "sessions" ("id","user_id","refresh_token","expires_at","created_at") VALUES('89bd2f1f-7f79-4096-8836-b940805b67f1','user-2e560e4c','eyJhbGciOiJIUzI1NiJ9.eyJ0b2tlbklkIjoiODliZDJmMWYtN2Y3OS00MDk2LTg4MzYtYjk0MDgwNWI2N2YxIiwidXNlcklkIjoidXNlci0yZTU2MGU0YyIsImlhdCI6MTc3NjQxNjcyMywiZXhwIjoxNzc5MDA4NzIzfQ.qFkyuA6cRUPUG9P8ylyVXHnEek2a4GzGf-AFQ1EJFTA','2026-05-17T09:05:23.376Z','2026-04-17 09:05:23');
INSERT INTO "sessions" ("id","user_id","refresh_token","expires_at","created_at") VALUES('464a5326-39d8-4493-b1b2-c6016dddba09','user-57ppx9v61','eyJhbGciOiJIUzI1NiJ9.eyJ0b2tlbklkIjoiNDY0YTUzMjYtMzlkOC00NDkzLWIxYjItYzYwMTZkZGRiYTA5IiwidXNlcklkIjoidXNlci01N3BweDl2NjEiLCJpYXQiOjE3NzY0MTc3ODYsImV4cCI6MTc3OTAwOTc4Nn0.TjhglyLiW86kFSZnDKVF7dguzuj8QNem_f04awB5aPA','2026-05-17T09:23:06.733Z','2026-04-17 09:23:06');
INSERT INTO "sessions" ("id","user_id","refresh_token","expires_at","created_at") VALUES('99f1c341-5bfb-4c4d-b720-0ed590cdd9f6','user-57ppx9v61','eyJhbGciOiJIUzI1NiJ9.eyJ0b2tlbklkIjoiOTlmMWMzNDEtNWJmYi00YzRkLWI3MjAtMGVkNTkwY2RkOWY2IiwidXNlcklkIjoidXNlci01N3BweDl2NjEiLCJpYXQiOjE3NzY0MjIxMjQsImV4cCI6MTc3OTAxNDEyNH0.DdmhXy1iECPw86bW8o5kxT2xGb4SpO2uKnqQdkpc1CI','2026-05-17T10:35:24.987Z','2026-04-17 10:35:25');
INSERT INTO "sessions" ("id","user_id","refresh_token","expires_at","created_at") VALUES('3b58e9a3-fe3c-42a0-aee9-91ee44b1d680','user-2e560e4c','eyJhbGciOiJIUzI1NiJ9.eyJ0b2tlbklkIjoiM2I1OGU5YTMtZmUzYy00MmEwLWFlZTktOTFlZTQ0YjFkNjgwIiwidXNlcklkIjoidXNlci0yZTU2MGU0YyIsImlhdCI6MTc3NjQ3MDc3MiwiZXhwIjoxNzc5MDYyNzcyfQ.6Bw3jTNwfLv57ugUvgAcc8KddY3ma_siqrA6VI7PtCw','2026-05-18T00:06:12.806Z','2026-04-18 00:06:12');
INSERT INTO "sessions" ("id","user_id","refresh_token","expires_at","created_at") VALUES('68d1884d-3cb8-4c34-82d9-48a19b61aee8','user-2e560e4c','eyJhbGciOiJIUzI1NiJ9.eyJ0b2tlbklkIjoiNjhkMTg4NGQtM2NiOC00YzM0LTgyZDktNDhhMTliNjFhZWU4IiwidXNlcklkIjoidXNlci0yZTU2MGU0YyIsImlhdCI6MTc3NjQ3MDgwNiwiZXhwIjoxNzc5MDYyODA2fQ.U-ZDXdc3OZS4IfQWSnZ_ThuYkXz4Iv8EqHJryHuhm8Q','2026-05-18T00:06:46.424Z','2026-04-18 00:06:46');
INSERT INTO "sessions" ("id","user_id","refresh_token","expires_at","created_at") VALUES('56e961e2-d2dc-43aa-8c99-068af8af658f','user-2e560e4c','eyJhbGciOiJIUzI1NiJ9.eyJ0b2tlbklkIjoiNTZlOTYxZTItZDJkYy00M2FhLThjOTktMDY4YWY4YWY2NThmIiwidXNlcklkIjoidXNlci0yZTU2MGU0YyIsImlhdCI6MTc3NjQ3MDk1MiwiZXhwIjoxNzc5MDYyOTUyfQ.CPF58vEgHYY5V9F8q1xRuzzRel2IHVp_K45xMFOHGXk','2026-05-18T00:09:12.628Z','2026-04-18 00:09:12');
INSERT INTO "sessions" ("id","user_id","refresh_token","expires_at","created_at") VALUES('3e5688c1-417f-4a98-b18e-54dc6b655bd6','user-2e560e4c','eyJhbGciOiJIUzI1NiJ9.eyJ0b2tlbklkIjoiM2U1Njg4YzEtNDE3Zi00YTk4LWIxOGUtNTRkYzZiNjU1YmQ2IiwidXNlcklkIjoidXNlci0yZTU2MGU0YyIsImlhdCI6MTc3NjQ3MTAxOCwiZXhwIjoxNzc5MDYzMDE4fQ.nsG3pClYMLvlxiTa2cMCXkarvg75ByiWdLdnfXENsCA','2026-05-18T00:10:18.829Z','2026-04-18 00:10:18');
INSERT INTO "sessions" ("id","user_id","refresh_token","expires_at","created_at") VALUES('7f51bbe9-7a26-47f5-8805-e5db436662af','user-2e560e4c','eyJhbGciOiJIUzI1NiJ9.eyJ0b2tlbklkIjoiN2Y1MWJiZTktN2EyNi00N2Y1LTg4MDUtZTVkYjQzNjY2MmFmIiwidXNlcklkIjoidXNlci0yZTU2MGU0YyIsImlhdCI6MTc3NjQ3MTA2NywiZXhwIjoxNzc5MDYzMDY3fQ.xu_Q_cYdxa5-5E14IIa-I9Wyu7dyDqbGnxnxUjmMgkw','2026-05-18T00:11:07.315Z','2026-04-18 00:11:07');
INSERT INTO "sessions" ("id","user_id","refresh_token","expires_at","created_at") VALUES('9bfe6566-5ab5-48b0-aa8c-72a6feac07b4','user-2e560e4c','eyJhbGciOiJIUzI1NiJ9.eyJ0b2tlbklkIjoiOWJmZTY1NjYtNWFiNS00OGIwLWFhOGMtNzJhNmZlYWMwN2I0IiwidXNlcklkIjoidXNlci0yZTU2MGU0YyIsImlhdCI6MTc3NjQ3MjYzNywiZXhwIjoxNzc5MDY0NjM3fQ.o5kuPrKWVG1N8-RtWTFZ5Grtw8jxMgYls6sHVdF9lgo','2026-05-18T00:37:17.289Z','2026-04-18 00:37:17');
INSERT INTO "sessions" ("id","user_id","refresh_token","expires_at","created_at") VALUES('a11af718-15d2-4e46-9fe6-9981b20bc3a3','user-2e560e4c','eyJhbGciOiJIUzI1NiJ9.eyJ0b2tlbklkIjoiYTExYWY3MTgtMTVkMi00ZTQ2LTlmZTYtOTk4MWIyMGJjM2EzIiwidXNlcklkIjoidXNlci0yZTU2MGU0YyIsImlhdCI6MTc3NjQ3MjY0MywiZXhwIjoxNzc5MDY0NjQzfQ.VkQLaeUkfyjklSmyWJaQfuUsQQJm7z3YVsRxwfOTJHo','2026-05-18T00:37:23.385Z','2026-04-18 00:37:23');
INSERT INTO "sessions" ("id","user_id","refresh_token","expires_at","created_at") VALUES('0124f45e-58a4-44a8-9c49-2a971638b965','user-2e560e4c','eyJhbGciOiJIUzI1NiJ9.eyJ0b2tlbklkIjoiMDEyNGY0NWUtNThhNC00NGE4LTljNDktMmE5NzE2MzhiOTY1IiwidXNlcklkIjoidXNlci0yZTU2MGU0YyIsImlhdCI6MTc3NjQ3MjY2OSwiZXhwIjoxNzc5MDY0NjY5fQ.xmZ00PVXRUN1BIN9EZ8mpd8wzE-2sjmaB1zdk8IvspE','2026-05-18T00:37:49.167Z','2026-04-18 00:37:49');
INSERT INTO "sessions" ("id","user_id","refresh_token","expires_at","created_at") VALUES('c4d3a3b2-2621-4b81-b370-069ab75bd1b7','user-2e560e4c','eyJhbGciOiJIUzI1NiJ9.eyJ0b2tlbklkIjoiYzRkM2EzYjItMjYyMS00YjgxLWIzNzAtMDY5YWI3NWJkMWI3IiwidXNlcklkIjoidXNlci0yZTU2MGU0YyIsImlhdCI6MTc3NjQ3MjcxNywiZXhwIjoxNzc5MDY0NzE3fQ.MTv210p6mJq0gy7_fhLmtxM_hpSkm2ying7sPdKaqAQ','2026-05-18T00:38:37.544Z','2026-04-18 00:38:37');
INSERT INTO "sessions" ("id","user_id","refresh_token","expires_at","created_at") VALUES('7c829a54-07f3-46a4-8ee6-f0cb35647626','user-2e560e4c','eyJhbGciOiJIUzI1NiJ9.eyJ0b2tlbklkIjoiN2M4MjlhNTQtMDdmMy00NmE0LThlZTYtZjBjYjM1NjQ3NjI2IiwidXNlcklkIjoidXNlci0yZTU2MGU0YyIsImlhdCI6MTc3NjQ3Mjc2NiwiZXhwIjoxNzc5MDY0NzY2fQ.VGXImtBG9050T0SEkOcWRae-L7ueME4i9tZl_gtE9rU','2026-05-18T00:39:26.796Z','2026-04-18 00:39:26');
INSERT INTO "sessions" ("id","user_id","refresh_token","expires_at","created_at") VALUES('43a9378a-affe-47f6-9847-5928448ba956','user-2e560e4c','eyJhbGciOiJIUzI1NiJ9.eyJ0b2tlbklkIjoiNDNhOTM3OGEtYWZmZS00N2Y2LTk4NDctNTkyODQ0OGJhOTU2IiwidXNlcklkIjoidXNlci0yZTU2MGU0YyIsImlhdCI6MTc3NjQ3MzA1OCwiZXhwIjoxNzc5MDY1MDU4fQ.jWTRu5YJhWrPvc-d3odlhH4e-8OR2zT7TzyhqZ_uqs4','2026-05-18T00:44:18.852Z','2026-04-18 00:44:18');
INSERT INTO "sessions" ("id","user_id","refresh_token","expires_at","created_at") VALUES('a19fdca9-bcc9-4481-bcf8-402879587862','user-2e560e4c','eyJhbGciOiJIUzI1NiJ9.eyJ0b2tlbklkIjoiYTE5ZmRjYTktYmNjOS00NDgxLWJjZjgtNDAyODc5NTg3ODYyIiwidXNlcklkIjoidXNlci0yZTU2MGU0YyIsImlhdCI6MTc3NjQ3MzA5NiwiZXhwIjoxNzc5MDY1MDk2fQ.UkFl27ITrq07VlSWg8Cl-8Ay7Q_hzll8RT7S_-9zNXs','2026-05-18T00:44:56.464Z','2026-04-18 00:44:56');
INSERT INTO "sessions" ("id","user_id","refresh_token","expires_at","created_at") VALUES('b6de5230-6ad3-48cf-aa25-6eccc9f45e06','user-2e560e4c','eyJhbGciOiJIUzI1NiJ9.eyJ0b2tlbklkIjoiYjZkZTUyMzAtNmFkMy00OGNmLWFhMjUtNmVjY2M5ZjQ1ZTA2IiwidXNlcklkIjoidXNlci0yZTU2MGU0YyIsImlhdCI6MTc3NjQ3MzE1NiwiZXhwIjoxNzc5MDY1MTU2fQ.R0Xz5J99Sq-jI2KF6s3YamYQnZgIdpelwYwwXAwxGYo','2026-05-18T00:45:56.270Z','2026-04-18 00:45:56');
INSERT INTO "sessions" ("id","user_id","refresh_token","expires_at","created_at") VALUES('447cbbbb-2b74-4037-b1e9-2377e57b7ee5','user-57ppx9v61','eyJhbGciOiJIUzI1NiJ9.eyJ0b2tlbklkIjoiNDQ3Y2JiYmItMmI3NC00MDM3LWIxZTktMjM3N2U1N2I3ZWU1IiwidXNlcklkIjoidXNlci01N3BweDl2NjEiLCJpYXQiOjE3NzY0Nzg2MTgsImV4cCI6MTc3OTA3MDYxOH0.xxy8o5Bl1CczVTYFHjm7md25J3aZeK_c0ZWadO4nK2g','2026-05-18T02:16:58.740Z','2026-04-18 02:16:58');
INSERT INTO "sessions" ("id","user_id","refresh_token","expires_at","created_at") VALUES('b5d68509-e78c-43bd-9efc-b87a25a990d6','user-57ppx9v61','eyJhbGciOiJIUzI1NiJ9.eyJ0b2tlbklkIjoiYjVkNjg1MDktZTc4Yy00M2JkLTllZmMtYjg3YTI1YTk5MGQ2IiwidXNlcklkIjoidXNlci01N3BweDl2NjEiLCJpYXQiOjE3NzY0ODUwMjEsImV4cCI6MTc3OTA3NzAyMX0.eeFJAOG4JUAGj7LtOCTk95XNBcUxJL8IVP-eLZ_4Zy0','2026-05-18T04:03:41.086Z','2026-04-18 04:03:41');
INSERT INTO "sessions" ("id","user_id","refresh_token","expires_at","created_at") VALUES('11acff98-a7c1-4461-bd53-9aef9a49d430','user-57ppx9v61','eyJhbGciOiJIUzI1NiJ9.eyJ0b2tlbklkIjoiMTFhY2ZmOTgtYTdjMS00NDYxLWJkNTMtOWFlZjlhNDlkNDMwIiwidXNlcklkIjoidXNlci01N3BweDl2NjEiLCJpYXQiOjE3NzY0OTAxNDcsImV4cCI6MTc3OTA4MjE0N30.fQKAPC8k65RNB1rGIWU06EjHNp0L-ZZW1ld5rWPl4D0','2026-05-18T05:29:07.800Z','2026-04-18 05:29:08');
INSERT INTO "sessions" ("id","user_id","refresh_token","expires_at","created_at") VALUES('a61c5549-29e8-4ca2-845d-f73e760a7c2e','user-57ppx9v61','eyJhbGciOiJIUzI1NiJ9.eyJ0b2tlbklkIjoiYTYxYzU1NDktMjllOC00Y2EyLTg0NWQtZjczZTc2MGE3YzJlIiwidXNlcklkIjoidXNlci01N3BweDl2NjEiLCJpYXQiOjE3NzY0OTQzMjAsImV4cCI6MTc3OTA4NjMyMH0.dFn4XutiGXQ25PklcoZNM2r39cimC1q82PlITVtv-Z0','2026-05-18T06:38:40.733Z','2026-04-18 06:38:40');
INSERT INTO "sessions" ("id","user_id","refresh_token","expires_at","created_at") VALUES('f355ef3c-cd40-4246-8b5c-9f301344cd76','user-57ppx9v61','eyJhbGciOiJIUzI1NiJ9.eyJ0b2tlbklkIjoiZjM1NWVmM2MtY2Q0MC00MjQ2LThiNWMtOWYzMDEzNDRjZDc2IiwidXNlcklkIjoidXNlci01N3BweDl2NjEiLCJpYXQiOjE3NzY0OTkwMTMsImV4cCI6MTc3OTA5MTAxM30.JoD2KaHqltKTv8pulBMHeAX0Pfa84iTFKlN4jKdHVgo','2026-05-18T07:56:53.322Z','2026-04-18 07:56:53');
INSERT INTO "sessions" ("id","user_id","refresh_token","expires_at","created_at") VALUES('9af3d628-4867-454a-8ce4-1f46048a749f','user-57ppx9v61','eyJhbGciOiJIUzI1NiJ9.eyJ0b2tlbklkIjoiOWFmM2Q2MjgtNDg2Ny00NTRhLThjZTQtMWY0NjA0OGE3NDlmIiwidXNlcklkIjoidXNlci01N3BweDl2NjEiLCJpYXQiOjE3NzY1MDI4NzcsImV4cCI6MTc3OTA5NDg3N30.O4Sl5h2Xnkj9vLNFoL3RlYoVJZVJXnz0vU6AU2or-uE','2026-05-18T09:01:17.645Z','2026-04-18 09:01:17');
INSERT INTO "sessions" ("id","user_id","refresh_token","expires_at","created_at") VALUES('caafee38-e07a-4ec4-b6ef-0e383592de67','user-57ppx9v61','eyJhbGciOiJIUzI1NiJ9.eyJ0b2tlbklkIjoiY2FhZmVlMzgtZTA3YS00ZWM0LWI2ZWYtMGUzODM1OTJkZTY3IiwidXNlcklkIjoidXNlci01N3BweDl2NjEiLCJpYXQiOjE3NzY1MTA3OTIsImV4cCI6MTc3OTEwMjc5Mn0.gZq7QwxodXrE926dQZ6yc_e41bC6rMgCevfcIfW3SR4','2026-05-18T11:13:12.989Z','2026-04-18 11:13:13');
INSERT INTO "sessions" ("id","user_id","refresh_token","expires_at","created_at") VALUES('ad57b8ff-fef6-4038-a39b-d2b3563d2701','user-57ppx9v61','eyJhbGciOiJIUzI1NiJ9.eyJ0b2tlbklkIjoiYWQ1N2I4ZmYtZmVmNi00MDM4LWEzOWItZDJiMzU2M2QyNzAxIiwidXNlcklkIjoidXNlci01N3BweDl2NjEiLCJpYXQiOjE3NzY1MjQyODYsImV4cCI6MTc3OTExNjI4Nn0.nOUu45n12Ogdz_kAb3LYRzff4hu9vetISd3HYSHLOos','2026-05-18T14:58:06.906Z','2026-04-18 14:58:06');
INSERT INTO "sessions" ("id","user_id","refresh_token","expires_at","created_at") VALUES('5a156a81-c0e8-4be5-8823-ef7032e9a8b1','user-57ppx9v61','eyJhbGciOiJIUzI1NiJ9.eyJ0b2tlbklkIjoiNWExNTZhODEtYzBlOC00YmU1LTg4MjMtZWY3MDMyZTlhOGIxIiwidXNlcklkIjoidXNlci01N3BweDl2NjEiLCJpYXQiOjE3NzY1NzQ1MzIsImV4cCI6MTc3OTE2NjUzMn0.HSlVIPbqwvZOvuUzRajzslU4R0kABL9oAJxLF1vmvKM','2026-05-19T04:55:32.014Z','2026-04-19 04:55:32');
INSERT INTO "sessions" ("id","user_id","refresh_token","expires_at","created_at") VALUES('86511ecc-7ae1-4457-8bfb-7f6925feba00','user-57ppx9v61','eyJhbGciOiJIUzI1NiJ9.eyJ0b2tlbklkIjoiODY1MTFlY2MtN2FlMS00NDU3LThiZmItN2Y2OTI1ZmViYTAwIiwidXNlcklkIjoidXNlci01N3BweDl2NjEiLCJpYXQiOjE3NzY1ODA0MDEsImV4cCI6MTc3OTE3MjQwMX0.6rDUj-EAO6lSU2fL1l7Va4TRZ4KpV3zCgkYqM76d4vE','2026-05-19T06:33:21.339Z','2026-04-19 06:33:21');
INSERT INTO "sessions" ("id","user_id","refresh_token","expires_at","created_at") VALUES('1bd999f1-b294-45bf-bc58-dfefe77ae43e','user-57ppx9v61','eyJhbGciOiJIUzI1NiJ9.eyJ0b2tlbklkIjoiMWJkOTk5ZjEtYjI5NC00NWJmLWJjNTgtZGZlZmU3N2FlNDNlIiwidXNlcklkIjoidXNlci01N3BweDl2NjEiLCJpYXQiOjE3NzY1ODQwMzUsImV4cCI6MTc3OTE3NjAzNX0.HpDw_f7yCJIi6Vej2ujOvAtgxL_do-tZW5-mm3mwqyk','2026-05-19T07:33:55.162Z','2026-04-19 07:33:55');
INSERT INTO "sessions" ("id","user_id","refresh_token","expires_at","created_at") VALUES('462dddad-907b-49ac-8354-c36ba90585a6','user-57ppx9v61','eyJhbGciOiJIUzI1NiJ9.eyJ0b2tlbklkIjoiNDYyZGRkYWQtOTA3Yi00OWFjLTgzNTQtYzM2YmE5MDU4NWE2IiwidXNlcklkIjoidXNlci01N3BweDl2NjEiLCJpYXQiOjE3NzY1OTAzNTAsImV4cCI6MTc3OTE4MjM1MH0.vecSJFmVTeGRd0oWVywCEYu47OSsvkBfKJDxR_OcKyk','2026-05-19T09:19:10.461Z','2026-04-19 09:19:10');
INSERT INTO "sessions" ("id","user_id","refresh_token","expires_at","created_at") VALUES('9cab5e71-897e-46d7-8708-65b6b240a861','user-57ppx9v61','eyJhbGciOiJIUzI1NiJ9.eyJ0b2tlbklkIjoiOWNhYjVlNzEtODk3ZS00NmQ3LTg3MDgtNjViNmIyNDBhODYxIiwidXNlcklkIjoidXNlci01N3BweDl2NjEiLCJpYXQiOjE3NzY1OTM0NjEsImV4cCI6MTc3OTE4NTQ2MX0.-is-XThkwNRmKG6ILuKCPbojRHJ68r3uFGh3bKwMB8g','2026-05-19T10:11:01.574Z','2026-04-19 10:11:01');
INSERT INTO "sessions" ("id","user_id","refresh_token","expires_at","created_at") VALUES('8453e2a9-706b-4ff1-85ff-2c3b6414e1ec','user-57ppx9v61','eyJhbGciOiJIUzI1NiJ9.eyJ0b2tlbklkIjoiODQ1M2UyYTktNzA2Yi00ZmYxLTg1ZmYtMmMzYjY0MTRlMWVjIiwidXNlcklkIjoidXNlci01N3BweDl2NjEiLCJpYXQiOjE3NzY1OTQwNzgsImV4cCI6MTc3OTE4NjA3OH0.7ylZky6iMERTCUqYUopNONCIrxMd39yo9XBlzlAb1P8','2026-05-19T10:21:18.875Z','2026-04-19 10:21:18');
INSERT INTO "sessions" ("id","user_id","refresh_token","expires_at","created_at") VALUES('cd6d9149-8746-472a-8083-7b9a0bb7efff','user-57ppx9v61','eyJhbGciOiJIUzI1NiJ9.eyJ0b2tlbklkIjoiY2Q2ZDkxNDktODc0Ni00NzJhLTgwODMtN2I5YTBiYjdlZmZmIiwidXNlcklkIjoidXNlci01N3BweDl2NjEiLCJpYXQiOjE3NzY2NDU5MjEsImV4cCI6MTc3OTIzNzkyMX0.dLZFjvY7ZVJnY7UC9lffMkJ9VSxej-g2QoblfonCrk8','2026-05-20T00:45:21.594Z','2026-04-20 00:45:21');
INSERT INTO "sessions" ("id","user_id","refresh_token","expires_at","created_at") VALUES('2f4d81f8-bc8d-4865-bfc0-7a6b59fd7d19','user-57ppx9v61','eyJhbGciOiJIUzI1NiJ9.eyJ0b2tlbklkIjoiMmY0ZDgxZjgtYmM4ZC00ODY1LWJmYzAtN2E2YjU5ZmQ3ZDE5IiwidXNlcklkIjoidXNlci01N3BweDl2NjEiLCJpYXQiOjE3NzY2NTAwOTcsImV4cCI6MTc3OTI0MjA5N30.QOQfBQSHOh00y2TK5xWKpx7O_O9s4Pydxq-K3cuSCEo','2026-05-20T01:54:57.204Z','2026-04-20 01:54:57');
INSERT INTO "sessions" ("id","user_id","refresh_token","expires_at","created_at") VALUES('fa91c278-f39c-4ea0-9b9a-7879544cc818','user-canyon-t2','eyJhbGciOiJIUzI1NiJ9.eyJ0b2tlbklkIjoiZmE5MWMyNzgtZjM5Yy00ZWEwLTliOWEtNzg3OTU0NGNjODE4IiwidXNlcklkIjoidXNlci1jYW55b24tdDIiLCJpYXQiOjE3NzY2NTAxMTQsImV4cCI6MTc3OTI0MjExNH0.bnN5eXhsZJ7Hm_2Y4JrZf3cUWJAtxff7kIvRUt6IQqI','2026-05-20T01:55:14.056Z','2026-04-20 01:55:14');
INSERT INTO "sessions" ("id","user_id","refresh_token","expires_at","created_at") VALUES('2b543ba1-38fb-4a6e-ba8f-39ed777551a0','user-57ppx9v61','eyJhbGciOiJIUzI1NiJ9.eyJ0b2tlbklkIjoiMmI1NDNiYTEtMzhmYi00YTZlLWJhOGYtMzllZDc3NzU1MWEwIiwidXNlcklkIjoidXNlci01N3BweDl2NjEiLCJpYXQiOjE3NzY2NTAxNjIsImV4cCI6MTc3OTI0MjE2Mn0.JP17p7vcK63Akl8n941sBJs_3RvnWJ5tNqcATQoZI80','2026-05-20T01:56:02.327Z','2026-04-20 01:56:02');
INSERT INTO "sessions" ("id","user_id","refresh_token","expires_at","created_at") VALUES('1c604805-3970-446d-bcf2-fdba394d82cf','user-57ppx9v61','eyJhbGciOiJIUzI1NiJ9.eyJ0b2tlbklkIjoiMWM2MDQ4MDUtMzk3MC00NDZkLWJjZjItZmRiYTM5NGQ4MmNmIiwidXNlcklkIjoidXNlci01N3BweDl2NjEiLCJpYXQiOjE3NzY2NTc1NDUsImV4cCI6MTc3OTI0OTU0NX0.-T8FkgAgSd5Cp_Y4utUfftJZAeUAe9N8GInAn8S_wcE','2026-05-20T03:59:05.131Z','2026-04-20 03:59:05');
INSERT INTO "sessions" ("id","user_id","refresh_token","expires_at","created_at") VALUES('9a522945-a4ce-41d8-8f7c-8aca46ec5a1f','user-57ppx9v61','eyJhbGciOiJIUzI1NiJ9.eyJ0b2tlbklkIjoiOWE1MjI5NDUtYTRjZS00MWQ4LThmN2MtOGFjYTQ2ZWM1YTFmIiwidXNlcklkIjoidXNlci01N3BweDl2NjEiLCJpYXQiOjE3NzY2NTgwNjEsImV4cCI6MTc3OTI1MDA2MX0.3TvX6PIUqyW6mu6hPIAICm27cPG-9hN9QsUs5JC9Os4','2026-05-20T04:07:41.081Z','2026-04-20 04:07:41');
INSERT INTO "sessions" ("id","user_id","refresh_token","expires_at","created_at") VALUES('7beed9f7-3659-4318-9d55-db713f7a07a0','user-i170bjn6w','eyJhbGciOiJIUzI1NiJ9.eyJ0b2tlbklkIjoiN2JlZWQ5ZjctMzY1OS00MzE4LTlkNTUtZGI3MTNmN2EwN2EwIiwidXNlcklkIjoidXNlci1pMTcwYmpuNnciLCJpYXQiOjE3NzY2NjI3OTQsImV4cCI6MTc3OTI1NDc5NH0.7Q1rnMzSjjovjEtWZp-RvRQj9weAByHnr46HtoveiKU','2026-05-20T05:26:34.565Z','2026-04-20 05:26:34');
INSERT INTO "sessions" ("id","user_id","refresh_token","expires_at","created_at") VALUES('c656c92e-0139-4ddd-afde-a8053e1d6735','user-i170bjn6w','eyJhbGciOiJIUzI1NiJ9.eyJ0b2tlbklkIjoiYzY1NmM5MmUtMDEzOS00ZGRkLWFmZGUtYTgwNTNlMWQ2NzM1IiwidXNlcklkIjoidXNlci1pMTcwYmpuNnciLCJpYXQiOjE3NzY2NzA1OTIsImV4cCI6MTc3OTI2MjU5Mn0.YUB6VwPSzi-jYEOCGAJspi2ze9091nF_uX_eX73VfPQ','2026-05-20T07:36:32.835Z','2026-04-20 07:36:32');
INSERT INTO "sessions" ("id","user_id","refresh_token","expires_at","created_at") VALUES('528c8603-64dc-44c8-8940-c228f441844c','user-57ppx9v61','eyJhbGciOiJIUzI1NiJ9.eyJ0b2tlbklkIjoiNTI4Yzg2MDMtNjRkYy00NGM4LTg5NDAtYzIyOGY0NDE4NDRjIiwidXNlcklkIjoidXNlci01N3BweDl2NjEiLCJpYXQiOjE3NzY2OTA2ODYsImV4cCI6MTc3OTI4MjY4Nn0.SJYrgVJ4AAQ7PWmF4LveKw69HPvChFvTmjIgY_i-Mjg','2026-05-20T13:11:26.992Z','2026-04-20 13:11:27');
INSERT INTO "sessions" ("id","user_id","refresh_token","expires_at","created_at") VALUES('acc86fc5-48fe-473c-b686-0e71b842dbbb','user-57ppx9v61','eyJhbGciOiJIUzI1NiJ9.eyJ0b2tlbklkIjoiYWNjODZmYzUtNDhmZS00NzNjLWI2ODYtMGU3MWI4NDJkYmJiIiwidXNlcklkIjoidXNlci01N3BweDl2NjEiLCJpYXQiOjE3NzY2OTA3MjMsImV4cCI6MTc3OTI4MjcyM30.NKW8VS7V6YBJlDWj0OPJNXd-6aDnt-SPeoA36sJYTI8','2026-05-20T13:12:03.348Z','2026-04-20 13:12:03');
INSERT INTO "sessions" ("id","user_id","refresh_token","expires_at","created_at") VALUES('7f26b8fb-2b49-4b9e-aa28-c954c4606b9d','user-57ppx9v61','eyJhbGciOiJIUzI1NiJ9.eyJ0b2tlbklkIjoiN2YyNmI4ZmItMmI0OS00YjllLWFhMjgtYzk1NGM0NjA2YjlkIiwidXNlcklkIjoidXNlci01N3BweDl2NjEiLCJpYXQiOjE3NzY2OTA3MzEsImV4cCI6MTc3OTI4MjczMX0.aSnYCakx_JnfOzLcRceKKKc6ksc2qxJLWu3SVeIJtjM','2026-05-20T13:12:11.482Z','2026-04-20 13:12:11');
INSERT INTO "sessions" ("id","user_id","refresh_token","expires_at","created_at") VALUES('3471aa40-759a-4b2e-b7cc-b58164cbe451','user-57ppx9v61','eyJhbGciOiJIUzI1NiJ9.eyJ0b2tlbklkIjoiMzQ3MWFhNDAtNzU5YS00YjJlLWI3Y2MtYjU4MTY0Y2JlNDUxIiwidXNlcklkIjoidXNlci01N3BweDl2NjEiLCJpYXQiOjE3NzY2OTEzMjAsImV4cCI6MTc3OTI4MzMyMH0.1KLj00vckMocyPgQxsV7W5bQL7ZPJ_nOGT7DKcghHsk','2026-05-20T13:22:00.567Z','2026-04-20 13:22:00');
INSERT INTO "sessions" ("id","user_id","refresh_token","expires_at","created_at") VALUES('028917f9-95dd-4300-b126-9897ea08cf47','user-57ppx9v61','eyJhbGciOiJIUzI1NiJ9.eyJ0b2tlbklkIjoiMDI4OTE3ZjktOTVkZC00MzAwLWIxMjYtOTg5N2VhMDhjZjQ3IiwidXNlcklkIjoidXNlci01N3BweDl2NjEiLCJpYXQiOjE3NzY2OTE3OTcsImV4cCI6MTc3OTI4Mzc5N30.2YOCDJpoZkTWmXvYu95BKBfEzN_BEilnvDJ2HBLMyss','2026-05-20T13:29:57.671Z','2026-04-20 13:29:57');
INSERT INTO "sessions" ("id","user_id","refresh_token","expires_at","created_at") VALUES('5658365c-0ed7-4f7e-b3a4-783e3f3ba113','user-57ppx9v61','eyJhbGciOiJIUzI1NiJ9.eyJ0b2tlbklkIjoiNTY1ODM2NWMtMGVkNy00ZjdlLWIzYTQtNzgzZTNmM2JhMTEzIiwidXNlcklkIjoidXNlci01N3BweDl2NjEiLCJpYXQiOjE3NzY2OTIzMzQsImV4cCI6MTc3OTI4NDMzNH0.XJXvkTUnEfjoGYL2qPUfIAY7DP52TkJ2b8MmmFeljgo','2026-05-20T13:38:54.653Z','2026-04-20 13:38:54');
INSERT INTO "sessions" ("id","user_id","refresh_token","expires_at","created_at") VALUES('982c7275-df65-4def-81db-1bef4a53a738','user-57ppx9v61','eyJhbGciOiJIUzI1NiJ9.eyJ0b2tlbklkIjoiOTgyYzcyNzUtZGY2NS00ZGVmLTgxZGItMWJlZjRhNTNhNzM4IiwidXNlcklkIjoidXNlci01N3BweDl2NjEiLCJpYXQiOjE3NzY2OTI5MzYsImV4cCI6MTc3OTI4NDkzNn0.fOdAKVvfmZBqszLsHwmT-qA4vs3LNvc6k-jrTaPRDDI','2026-05-20T13:48:56.201Z','2026-04-20 13:48:56');
INSERT INTO "sessions" ("id","user_id","refresh_token","expires_at","created_at") VALUES('1b5a25a4-99db-46d0-b4e7-563a6e430229','user-57ppx9v61','eyJhbGciOiJIUzI1NiJ9.eyJ0b2tlbklkIjoiMWI1YTI1YTQtOTlkYi00NmQwLWI0ZTctNTYzYTZlNDMwMjI5IiwidXNlcklkIjoidXNlci01N3BweDl2NjEiLCJpYXQiOjE3NzY3Mzg1NDMsImV4cCI6MTc3OTMzMDU0M30.beEZfZN87xZRy_Hs_vcTMl0l8K0X7DuF5OmJmE66EQE','2026-05-21T02:29:03.092Z','2026-04-21 02:29:03');
INSERT INTO "sessions" ("id","user_id","refresh_token","expires_at","created_at") VALUES('c688a5f4-153f-4826-9c28-8206a8183a17','user-i170bjn6w','eyJhbGciOiJIUzI1NiJ9.eyJ0b2tlbklkIjoiYzY4OGE1ZjQtMTUzZi00ODI2LTljMjgtODIwNmE4MTgzYTE3IiwidXNlcklkIjoidXNlci1pMTcwYmpuNnciLCJpYXQiOjE3NzY3NDgyNTIsImV4cCI6MTc3OTM0MDI1Mn0.332tA4Absz7MJihN-ukCC3KUR-cfHNfpBcYFy17O96Y','2026-05-21T05:10:52.702Z','2026-04-21 05:10:52');
INSERT INTO "sessions" ("id","user_id","refresh_token","expires_at","created_at") VALUES('d3ef9059-c1b0-4bc2-9f93-644ddd31588b','user-57ppx9v61','eyJhbGciOiJIUzI1NiJ9.eyJ0b2tlbklkIjoiZDNlZjkwNTktYzFiMC00YmMyLTlmOTMtNjQ0ZGRkMzE1ODhiIiwidXNlcklkIjoidXNlci01N3BweDl2NjEiLCJpYXQiOjE3NzY3NTE3MjksImV4cCI6MTc3OTM0MzcyOX0.iVRTuoTfAtcAyRMhsym1bDRyHbEMj7lPe8Ehk5IvUhY','2026-05-21T06:08:49.391Z','2026-04-21 06:08:49');
INSERT INTO "sessions" ("id","user_id","refresh_token","expires_at","created_at") VALUES('4aa56a96-5b7e-41ee-8bba-952e3173a195','user-57ppx9v61','eyJhbGciOiJIUzI1NiJ9.eyJ0b2tlbklkIjoiNGFhNTZhOTYtNWI3ZS00MWVlLThiYmEtOTUyZTMxNzNhMTk1IiwidXNlcklkIjoidXNlci01N3BweDl2NjEiLCJpYXQiOjE3NzY3NTE4MDcsImV4cCI6MTc3OTM0MzgwN30.kxJ71xLnU0bmjz8Y1nLbHizwEWQF1IcpYIh3dGiHdUY','2026-05-21T06:10:07.560Z','2026-04-21 06:10:07');
INSERT INTO "sessions" ("id","user_id","refresh_token","expires_at","created_at") VALUES('6af8649d-93a7-48c4-bb33-504cbabd4793','user-57ppx9v61','eyJhbGciOiJIUzI1NiJ9.eyJ0b2tlbklkIjoiNmFmODY0OWQtOTNhNy00OGM0LWJiMzMtNTA0Y2JhYmQ0NzkzIiwidXNlcklkIjoidXNlci01N3BweDl2NjEiLCJpYXQiOjE3NzY3NTE4MTYsImV4cCI6MTc3OTM0MzgxNn0.OU3J-kFGdi-eDx6khSY_-giaQhvUgaIwzEHLwh7M978','2026-05-21T06:10:16.026Z','2026-04-21 06:10:16');
INSERT INTO "sessions" ("id","user_id","refresh_token","expires_at","created_at") VALUES('0da7ed0e-2d46-4308-baf7-87dcf16ef86e','user-57ppx9v61','eyJhbGciOiJIUzI1NiJ9.eyJ0b2tlbklkIjoiMGRhN2VkMGUtMmQ0Ni00MzA4LWJhZjctODdkY2YxNmVmODZlIiwidXNlcklkIjoidXNlci01N3BweDl2NjEiLCJpYXQiOjE3NzY3NTE5OTAsImV4cCI6MTc3OTM0Mzk5MH0.gPRk-YU9jNIuQdhn7wy87OWnCsjQREdv8T6GVY2g538','2026-05-21T06:13:10.262Z','2026-04-21 06:13:10');
INSERT INTO "sessions" ("id","user_id","refresh_token","expires_at","created_at") VALUES('b4549321-5233-48ff-b927-e06aefe71fb9','user-57ppx9v61','eyJhbGciOiJIUzI1NiJ9.eyJ0b2tlbklkIjoiYjQ1NDkzMjEtNTIzMy00OGZmLWI5MjctZTA2YWVmZTcxZmI5IiwidXNlcklkIjoidXNlci01N3BweDl2NjEiLCJpYXQiOjE3NzY3NTIxNTUsImV4cCI6MTc3OTM0NDE1NX0.wM_6UWZUU4kDsxEpD8JUqKr3J9OL5PY8o7PuZ_cHnFY','2026-05-21T06:15:55.356Z','2026-04-21 06:15:55');
INSERT INTO "sessions" ("id","user_id","refresh_token","expires_at","created_at") VALUES('f9b8a1ea-011f-4071-a383-17383d39b919','user-57ppx9v61','eyJhbGciOiJIUzI1NiJ9.eyJ0b2tlbklkIjoiZjliOGExZWEtMDExZi00MDcxLWEzODMtMTczODNkMzliOTE5IiwidXNlcklkIjoidXNlci01N3BweDl2NjEiLCJpYXQiOjE3NzY3NTMxMzcsImV4cCI6MTc3OTM0NTEzN30.xfAY-DYi_YT4jBuSFCmWxEOkcFWMvW3-m31XVPhQI6Y','2026-05-21T06:32:17.720Z','2026-04-21 06:32:17');
INSERT INTO "sessions" ("id","user_id","refresh_token","expires_at","created_at") VALUES('34acee7d-23cf-4c97-9c53-286555c1dee9','user-57ppx9v61','eyJhbGciOiJIUzI1NiJ9.eyJ0b2tlbklkIjoiMzRhY2VlN2QtMjNjZi00Yzk3LTljNTMtMjg2NTU1YzFkZWU5IiwidXNlcklkIjoidXNlci01N3BweDl2NjEiLCJpYXQiOjE3NzY3NTMzOTIsImV4cCI6MTc3OTM0NTM5Mn0.czWhOl3EaCAyvpNtBfSN9yJ4qyaZKDgEVnJPC34pOv8','2026-05-21T06:36:32.881Z','2026-04-21 06:36:32');
INSERT INTO "sessions" ("id","user_id","refresh_token","expires_at","created_at") VALUES('808c85eb-fb8a-4a1c-9b94-76c56dbacf1a','user-57ppx9v61','eyJhbGciOiJIUzI1NiJ9.eyJ0b2tlbklkIjoiODA4Yzg1ZWItZmI4YS00YTFjLTliOTQtNzZjNTZkYmFjZjFhIiwidXNlcklkIjoidXNlci01N3BweDl2NjEiLCJpYXQiOjE3NzY3NTM2NTEsImV4cCI6MTc3OTM0NTY1MX0.nSPJ9lP74-cxzCHp81zdXbpfYvWnHn86S3SHTw_0MWM','2026-05-21T06:40:51.154Z','2026-04-21 06:40:51');
INSERT INTO "sessions" ("id","user_id","refresh_token","expires_at","created_at") VALUES('357aa7a7-bd81-4135-b393-b42510c29b6d','user-57ppx9v61','eyJhbGciOiJIUzI1NiJ9.eyJ0b2tlbklkIjoiMzU3YWE3YTctYmQ4MS00MTM1LWIzOTMtYjQyNTEwYzI5YjZkIiwidXNlcklkIjoidXNlci01N3BweDl2NjEiLCJpYXQiOjE3NzY3NTQzNjIsImV4cCI6MTc3OTM0NjM2Mn0.A12IaJXGZM_B4N6UFsLt7_RwEMyK2utCB7HptEafRko','2026-05-21T06:52:42.152Z','2026-04-21 06:52:42');
INSERT INTO "sessions" ("id","user_id","refresh_token","expires_at","created_at") VALUES('bb7668d0-e3e5-4695-96ac-fd9517dc975e','user-57ppx9v61','eyJhbGciOiJIUzI1NiJ9.eyJ0b2tlbklkIjoiYmI3NjY4ZDAtZTNlNS00Njk1LTk2YWMtZmQ5NTE3ZGM5NzVlIiwidXNlcklkIjoidXNlci01N3BweDl2NjEiLCJpYXQiOjE3NzY3NTUyOTMsImV4cCI6MTc3OTM0NzI5M30.Btg1KEfzZdwHP4uVDInMlFkKFwToW0WgGuVQcXdd17Q','2026-05-21T07:08:13.652Z','2026-04-21 07:08:13');
INSERT INTO "sessions" ("id","user_id","refresh_token","expires_at","created_at") VALUES('3e558b78-b590-468a-8387-4bf28a00f384','user-57ppx9v61','eyJhbGciOiJIUzI1NiJ9.eyJ0b2tlbklkIjoiM2U1NThiNzgtYjU5MC00NjhhLTgzODctNGJmMjhhMDBmMzg0IiwidXNlcklkIjoidXNlci01N3BweDl2NjEiLCJpYXQiOjE3NzY3NTU1MzUsImV4cCI6MTc3OTM0NzUzNX0.nYfZD0apRVwml5GwUwVi5agFmMV-GM5bSmPEzEovRdQ','2026-05-21T07:12:15.729Z','2026-04-21 07:12:15');
INSERT INTO "sessions" ("id","user_id","refresh_token","expires_at","created_at") VALUES('a6d33aab-42ae-43e4-88b2-9efb833d2954','user-57ppx9v61','eyJhbGciOiJIUzI1NiJ9.eyJ0b2tlbklkIjoiYTZkMzNhYWItNDJhZS00M2U0LTg4YjItOWVmYjgzM2QyOTU0IiwidXNlcklkIjoidXNlci01N3BweDl2NjEiLCJpYXQiOjE3NzY3NTk1MDksImV4cCI6MTc3OTM1MTUwOX0.qkbP5jAIZbfcTAOTd96C1Ai2gsAgjlHJB6tZIvtykk4','2026-05-21T08:18:29.099Z','2026-04-21 08:18:29');
INSERT INTO "sessions" ("id","user_id","refresh_token","expires_at","created_at") VALUES('32a566bc-eef4-4bc3-afc7-2f7df7cafb36','user-57ppx9v61','eyJhbGciOiJIUzI1NiJ9.eyJ0b2tlbklkIjoiMzJhNTY2YmMtZWVmNC00YmMzLWFmYzctMmY3ZGY3Y2FmYjM2IiwidXNlcklkIjoidXNlci01N3BweDl2NjEiLCJpYXQiOjE3NzY3NjMxNTIsImV4cCI6MTc3OTM1NTE1Mn0.-BaIafKjzuRAUnYEIs0Cr_oUt-D8s-7p2f25kth1FA4','2026-05-21T09:19:12.790Z','2026-04-21 09:19:12');
INSERT INTO "sessions" ("id","user_id","refresh_token","expires_at","created_at") VALUES('98fb31d2-70f0-468c-a1e6-bff091f586d4','user-57ppx9v61','eyJhbGciOiJIUzI1NiJ9.eyJ0b2tlbklkIjoiOThmYjMxZDItNzBmMC00NjhjLWExZTYtYmZmMDkxZjU4NmQ0IiwidXNlcklkIjoidXNlci01N3BweDl2NjEiLCJpYXQiOjE3NzY3NjUwMjgsImV4cCI6MTc3OTM1NzAyOH0.mn-uK1OcsDTw-lFLIwYqkwswoBLf072qavZA7KMTEuc','2026-05-21T09:50:28.891Z','2026-04-21 09:50:28');
INSERT INTO "sessions" ("id","user_id","refresh_token","expires_at","created_at") VALUES('ef45a292-4750-485e-8386-88a629e52f92','user-57ppx9v61','eyJhbGciOiJIUzI1NiJ9.eyJ0b2tlbklkIjoiZWY0NWEyOTItNDc1MC00ODVlLTgzODYtODhhNjI5ZTUyZjkyIiwidXNlcklkIjoidXNlci01N3BweDl2NjEiLCJpYXQiOjE3NzY3NjUyNTYsImV4cCI6MTc3OTM1NzI1Nn0.sbTtdiiE8WJpkIqwL28jNMvvyHdwoBQocvbNRUuxyeE','2026-05-21T09:54:16.430Z','2026-04-21 09:54:16');
INSERT INTO "sessions" ("id","user_id","refresh_token","expires_at","created_at") VALUES('c7129b43-df88-4cb9-957d-f6a0245e3cd9','user-57ppx9v61','eyJhbGciOiJIUzI1NiJ9.eyJ0b2tlbklkIjoiYzcxMjliNDMtZGY4OC00Y2I5LTk1N2QtZjZhMDI0NWUzY2Q5IiwidXNlcklkIjoidXNlci01N3BweDl2NjEiLCJpYXQiOjE3NzY3NjUzMDgsImV4cCI6MTc3OTM1NzMwOH0.MUy9sPXjkEGvxiGmY021zWY3nxKI_q2BlEeL8XyJMwU','2026-05-21T09:55:08.716Z','2026-04-21 09:55:08');
INSERT INTO "sessions" ("id","user_id","refresh_token","expires_at","created_at") VALUES('8724c7d0-5e36-4971-81e0-7e002a4c80f3','user-57ppx9v61','eyJhbGciOiJIUzI1NiJ9.eyJ0b2tlbklkIjoiODcyNGM3ZDAtNWUzNi00OTcxLTgxZTAtN2UwMDJhNGM4MGYzIiwidXNlcklkIjoidXNlci01N3BweDl2NjEiLCJpYXQiOjE3NzY3NjYyNTQsImV4cCI6MTc3OTM1ODI1NH0.5dBrKcBiJp5aeZq_DEASQOFoHYWiElei5jbvi5H5TK4','2026-05-21T10:10:54.949Z','2026-04-21 10:10:55');
INSERT INTO "sessions" ("id","user_id","refresh_token","expires_at","created_at") VALUES('af55b1cb-01fb-4f3e-a101-ecd8bf124018','user-57ppx9v61','eyJhbGciOiJIUzI1NiJ9.eyJ0b2tlbklkIjoiYWY1NWIxY2ItMDFmYi00ZjNlLWExMDEtZWNkOGJmMTI0MDE4IiwidXNlcklkIjoidXNlci01N3BweDl2NjEiLCJpYXQiOjE3NzY3NzAzNTEsImV4cCI6MTc3OTM2MjM1MX0.aOZsNCFUsxANYnb_VWL8ef4bhg5O93RQPIYq4EZ3IOs','2026-05-21T11:19:11.675Z','2026-04-21 11:19:11');
INSERT INTO "sessions" ("id","user_id","refresh_token","expires_at","created_at") VALUES('7c7e5585-7c3d-4ced-987c-b4764858b5e5','user-57ppx9v61','eyJhbGciOiJIUzI1NiJ9.eyJ0b2tlbklkIjoiN2M3ZTU1ODUtN2MzZC00Y2VkLTk4N2MtYjQ3NjQ4NThiNWU1IiwidXNlcklkIjoidXNlci01N3BweDl2NjEiLCJpYXQiOjE3NzY3NzU1NzgsImV4cCI6MTc3OTM2NzU3OH0.U_BOrilgEMAcd0q8eflmNdVXp3SfH7iUGMnGhYvylyc','2026-05-21T12:46:18.710Z','2026-04-21 12:46:18');
INSERT INTO "sessions" ("id","user_id","refresh_token","expires_at","created_at") VALUES('aa91f7cd-7211-4e91-8d42-617b15fadc83','user-57ppx9v61','eyJhbGciOiJIUzI1NiJ9.eyJ0b2tlbklkIjoiYWE5MWY3Y2QtNzIxMS00ZTkxLThkNDItNjE3YjE1ZmFkYzgzIiwidXNlcklkIjoidXNlci01N3BweDl2NjEiLCJpYXQiOjE3NzY3NzU1OTEsImV4cCI6MTc3OTM2NzU5MX0.jPkbF-Cb_fM4KKiKRNKySsPGKScRKsEBoeX2AGf1R2M','2026-05-21T12:46:31.229Z','2026-04-21 12:46:31');
INSERT INTO "sessions" ("id","user_id","refresh_token","expires_at","created_at") VALUES('a1a48759-ff6f-4061-a45b-ffbafa1d8cc6','user-57ppx9v61','eyJhbGciOiJIUzI1NiJ9.eyJ0b2tlbklkIjoiYTFhNDg3NTktZmY2Zi00MDYxLWE0NWItZmZiYWZhMWQ4Y2M2IiwidXNlcklkIjoidXNlci01N3BweDl2NjEiLCJpYXQiOjE3NzY3NzU2MDIsImV4cCI6MTc3OTM2NzYwMn0.gG3J9NeOPxi9fVwEiVdB4GmtUiolm2rcnmc0_UHhG8Y','2026-05-21T12:46:42.017Z','2026-04-21 12:46:42');
INSERT INTO "sessions" ("id","user_id","refresh_token","expires_at","created_at") VALUES('2c6f8cc2-b3ce-47e3-9ec6-0586f6a90bf0','user-57ppx9v61','eyJhbGciOiJIUzI1NiJ9.eyJ0b2tlbklkIjoiMmM2ZjhjYzItYjNjZS00N2UzLTllYzYtMDU4NmY2YTkwYmYwIiwidXNlcklkIjoidXNlci01N3BweDl2NjEiLCJpYXQiOjE3NzY3NzU4MTAsImV4cCI6MTc3OTM2NzgxMH0.39BKaPINpfRVpAuzUA3PNhV-xJLzhPhEzbBKbiXE-X0','2026-05-21T12:50:10.402Z','2026-04-21 12:50:10');
INSERT INTO "sessions" ("id","user_id","refresh_token","expires_at","created_at") VALUES('08f7a721-cab3-4f99-b250-1acfb3fac2ee','user-57ppx9v61','eyJhbGciOiJIUzI1NiJ9.eyJ0b2tlbklkIjoiMDhmN2E3MjEtY2FiMy00Zjk5LWIyNTAtMWFjZmIzZmFjMmVlIiwidXNlcklkIjoidXNlci01N3BweDl2NjEiLCJpYXQiOjE3NzY3NzY0NDYsImV4cCI6MTc3OTM2ODQ0Nn0.Y0eD5STUw1lURXLEI4gOsCEt0xqCw_69vXBFstfH-28','2026-05-21T13:00:46.401Z','2026-04-21 13:00:46');
INSERT INTO "sessions" ("id","user_id","refresh_token","expires_at","created_at") VALUES('41a6168d-1576-44ac-9a9a-7b331dfe4f6e','user-57ppx9v61','eyJhbGciOiJIUzI1NiJ9.eyJ0b2tlbklkIjoiNDFhNjE2OGQtMTU3Ni00NGFjLTlhOWEtN2IzMzFkZmU0ZjZlIiwidXNlcklkIjoidXNlci01N3BweDl2NjEiLCJpYXQiOjE3NzY3NzcwNjksImV4cCI6MTc3OTM2OTA2OX0.UYKuD6iyfDD_bDLzaziz31S9VZCjQsoBo8pUvTMCp_o','2026-05-21T13:11:09.729Z','2026-04-21 13:11:09');
INSERT INTO "sessions" ("id","user_id","refresh_token","expires_at","created_at") VALUES('6658d86f-3069-41a1-a8c0-acc200039a76','user-57ppx9v61','eyJhbGciOiJIUzI1NiJ9.eyJ0b2tlbklkIjoiNjY1OGQ4NmYtMzA2OS00MWExLWE4YzAtYWNjMjAwMDM5YTc2IiwidXNlcklkIjoidXNlci01N3BweDl2NjEiLCJpYXQiOjE3NzY3NzcwODMsImV4cCI6MTc3OTM2OTA4M30.hEI1YjnP4Mh-GuOVJDoy4x39Nrsn_ajuWa_beiJNk-s','2026-05-21T13:11:23.621Z','2026-04-21 13:11:23');
INSERT INTO "sessions" ("id","user_id","refresh_token","expires_at","created_at") VALUES('7a2429b2-1a67-4ab2-8d87-1f048c704f1c','user-57ppx9v61','eyJhbGciOiJIUzI1NiJ9.eyJ0b2tlbklkIjoiN2EyNDI5YjItMWE2Ny00YWIyLThkODctMWYwNDhjNzA0ZjFjIiwidXNlcklkIjoidXNlci01N3BweDl2NjEiLCJpYXQiOjE3NzY3NzcyOTIsImV4cCI6MTc3OTM2OTI5Mn0.p5zWLi23aSw4uiYlzDaRX0l8ZA2VJRIDMiKZYuV3X_4','2026-05-21T13:14:52.397Z','2026-04-21 13:14:52');
INSERT INTO "sessions" ("id","user_id","refresh_token","expires_at","created_at") VALUES('25a4de61-f603-4968-ac9c-1688ae0712e8','user-57ppx9v61','eyJhbGciOiJIUzI1NiJ9.eyJ0b2tlbklkIjoiMjVhNGRlNjEtZjYwMy00OTY4LWFjOWMtMTY4OGFlMDcxMmU4IiwidXNlcklkIjoidXNlci01N3BweDl2NjEiLCJpYXQiOjE3NzY3NzczNDksImV4cCI6MTc3OTM2OTM0OX0.yUwg9FRxt_gMh4rhovb76pJqmUFPWd0Pm-_o79ttoS8','2026-05-21T13:15:49.092Z','2026-04-21 13:15:49');
INSERT INTO "sessions" ("id","user_id","refresh_token","expires_at","created_at") VALUES('b7aa8131-abcb-4f3c-ae70-06e0aeccf439','user-57ppx9v61','eyJhbGciOiJIUzI1NiJ9.eyJ0b2tlbklkIjoiYjdhYTgxMzEtYWJjYi00ZjNjLWFlNzAtMDZlMGFlY2NmNDM5IiwidXNlcklkIjoidXNlci01N3BweDl2NjEiLCJpYXQiOjE3NzY3NzczNzgsImV4cCI6MTc3OTM2OTM3OH0.XhC7ZXMLOZ1KejizETDyzmcEPj8PP1uo_PpTuXrvJ6o','2026-05-21T13:16:18.289Z','2026-04-21 13:16:18');
INSERT INTO "sessions" ("id","user_id","refresh_token","expires_at","created_at") VALUES('baecb9bc-a2ce-430a-996f-d166bc19c3ee','user-57ppx9v61','eyJhbGciOiJIUzI1NiJ9.eyJ0b2tlbklkIjoiYmFlY2I5YmMtYTJjZS00MzBhLTk5NmYtZDE2NmJjMTljM2VlIiwidXNlcklkIjoidXNlci01N3BweDl2NjEiLCJpYXQiOjE3NzY3Nzc2MTYsImV4cCI6MTc3OTM2OTYxNn0.yHND8sAHVvnb_8V8I1WWD1oBdcs1Iuh7IPunNlxV4ZQ','2026-05-21T13:20:16.640Z','2026-04-21 13:20:16');
INSERT INTO "sessions" ("id","user_id","refresh_token","expires_at","created_at") VALUES('b789ad54-ad67-4f76-b36c-931158bc073b','user-57ppx9v61','eyJhbGciOiJIUzI1NiJ9.eyJ0b2tlbklkIjoiYjc4OWFkNTQtYWQ2Ny00Zjc2LWIzNmMtOTMxMTU4YmMwNzNiIiwidXNlcklkIjoidXNlci01N3BweDl2NjEiLCJpYXQiOjE3NzY3Nzc4NDUsImV4cCI6MTc3OTM2OTg0NX0.4bedjWA595IEQPZu9rZAKswB8ebQMTZpfmCirN0R2rk','2026-05-21T13:24:05.411Z','2026-04-21 13:24:05');
INSERT INTO "sessions" ("id","user_id","refresh_token","expires_at","created_at") VALUES('249025b5-b59a-4f3d-9648-865a211ebdc0','user-57ppx9v61','eyJhbGciOiJIUzI1NiJ9.eyJ0b2tlbklkIjoiMjQ5MDI1YjUtYjU5YS00ZjNkLTk2NDgtODY1YTIxMWViZGMwIiwidXNlcklkIjoidXNlci01N3BweDl2NjEiLCJpYXQiOjE3NzY4MTMwMDAsImV4cCI6MTc3OTQwNTAwMH0.SkIjcx3V3WIgF5nSIHFNwC9cANe2Jm_8HRXetGHYWug','2026-05-21T23:10:00.251Z','2026-04-21 23:10:00');
INSERT INTO "sessions" ("id","user_id","refresh_token","expires_at","created_at") VALUES('b3913ef3-b488-4466-a05f-5a0fc0f19e17','user-57ppx9v61','eyJhbGciOiJIUzI1NiJ9.eyJ0b2tlbklkIjoiYjM5MTNlZjMtYjQ4OC00NDY2LWEwNWYtNWEwZmMwZjE5ZTE3IiwidXNlcklkIjoidXNlci01N3BweDl2NjEiLCJpYXQiOjE3NzY4MTczNTUsImV4cCI6MTc3OTQwOTM1NX0.ibwABt-d2nse5wcXadoscuEb2ibAofxYn9P7MvwuLHs','2026-05-22T00:22:35.119Z','2026-04-22 00:22:35');
INSERT INTO "sessions" ("id","user_id","refresh_token","expires_at","created_at") VALUES('ab751e69-ec7a-40de-953f-b0e89db0c730','user-57ppx9v61','eyJhbGciOiJIUzI1NiJ9.eyJ0b2tlbklkIjoiYWI3NTFlNjktZWM3YS00MGRlLTk1M2YtYjBlODlkYjBjNzMwIiwidXNlcklkIjoidXNlci01N3BweDl2NjEiLCJpYXQiOjE3NzY4MTg4ODIsImV4cCI6MTc3OTQxMDg4Mn0.mOTa4i_I1vM2KC7yZzRub5IfDTSaEI2_kaA2_Rjlvlg','2026-05-22T00:48:02.872Z','2026-04-22 00:48:02');
INSERT INTO "sessions" ("id","user_id","refresh_token","expires_at","created_at") VALUES('87612e60-5e96-4ade-b2ef-5d5d6863dc0f','user-57ppx9v61','eyJhbGciOiJIUzI1NiJ9.eyJ0b2tlbklkIjoiODc2MTJlNjAtNWU5Ni00YWRlLWIyZWYtNWQ1ZDY4NjNkYzBmIiwidXNlcklkIjoidXNlci01N3BweDl2NjEiLCJpYXQiOjE3NzY4MjMxMjQsImV4cCI6MTc3OTQxNTEyNH0.5fbN_yubLtKVSGrleYaj-KSkv3dcq0841Ks63wSTXSo','2026-05-22T01:58:44.718Z','2026-04-22 01:58:44');
INSERT INTO "sessions" ("id","user_id","refresh_token","expires_at","created_at") VALUES('f98883db-7734-4ffa-9497-63c58b576f2e','user-57ppx9v61','eyJhbGciOiJIUzI1NiJ9.eyJ0b2tlbklkIjoiZjk4ODgzZGItNzczNC00ZmZhLTk0OTctNjNjNThiNTc2ZjJlIiwidXNlcklkIjoidXNlci01N3BweDl2NjEiLCJpYXQiOjE3NzY4MzA0OTQsImV4cCI6MTc3OTQyMjQ5NH0.92rTNLODyHJbF7mDU1xT87Xrhk8oX1fDNhkei6Uqqjo','2026-05-22T04:01:34.812Z','2026-04-22 04:01:34');
INSERT INTO "sessions" ("id","user_id","refresh_token","expires_at","created_at") VALUES('e2fec2ac-2673-43f6-9584-170478d66907','user-57ppx9v61','eyJhbGciOiJIUzI1NiJ9.eyJ0b2tlbklkIjoiZTJmZWMyYWMtMjY3My00M2Y2LTk1ODQtMTcwNDc4ZDY2OTA3IiwidXNlcklkIjoidXNlci01N3BweDl2NjEiLCJpYXQiOjE3NzY4Mzc0MjksImV4cCI6MTc3OTQyOTQyOX0._eEzHKoqwlstF-7GHWRd3MdsRW66RyBc3l9Z4IeuXq0','2026-05-22T05:57:09.871Z','2026-04-22 05:57:09');
INSERT INTO "sessions" ("id","user_id","refresh_token","expires_at","created_at") VALUES('964211d5-0611-4b1d-82cc-745b90565d4e','user-57ppx9v61','eyJhbGciOiJIUzI1NiJ9.eyJ0b2tlbklkIjoiOTY0MjExZDUtMDYxMS00YjFkLTgyY2MtNzQ1YjkwNTY1ZDRlIiwidXNlcklkIjoidXNlci01N3BweDl2NjEiLCJpYXQiOjE3NzY4Mzg4MjMsImV4cCI6MTc3OTQzMDgyM30.m_NUWT7yhWV2rQFQBr6GihN3B8g2nuD7xs900Odk1as','2026-05-22T06:20:23.725Z','2026-04-22 06:20:23');
INSERT INTO "sessions" ("id","user_id","refresh_token","expires_at","created_at") VALUES('b0fd8616-ecbb-4549-8e69-3866c4c16ccb','user-57ppx9v61','eyJhbGciOiJIUzI1NiJ9.eyJ0b2tlbklkIjoiYjBmZDg2MTYtZWNiYi00NTQ5LThlNjktMzg2NmM0YzE2Y2NiIiwidXNlcklkIjoidXNlci01N3BweDl2NjEiLCJpYXQiOjE3NzY4NDMwNjAsImV4cCI6MTc3OTQzNTA2MH0.nBr8xA83zQQ15oAH0MYraai_TfhK4PLCHMch2cLt2CM','2026-05-22T07:31:00.206Z','2026-04-22 07:31:00');
INSERT INTO "sessions" ("id","user_id","refresh_token","expires_at","created_at") VALUES('a3818908-9148-4dd1-b756-531700872b16','user-57ppx9v61','eyJhbGciOiJIUzI1NiJ9.eyJ0b2tlbklkIjoiYTM4MTg5MDgtOTE0OC00ZGQxLWI3NTYtNTMxNzAwODcyYjE2IiwidXNlcklkIjoidXNlci01N3BweDl2NjEiLCJpYXQiOjE3NzY4NjQyMTcsImV4cCI6MTc3OTQ1NjIxN30.NSwP5d9EabxUF33Ol-l1WA5CwfyTdvxUTdz6sv6Jym4','2026-05-22T13:23:37.337Z','2026-04-22 13:23:37');
INSERT INTO "sessions" ("id","user_id","refresh_token","expires_at","created_at") VALUES('e272f752-2432-4e3f-b41a-0bbdcaacbf73','user-57ppx9v61','eyJhbGciOiJIUzI1NiJ9.eyJ0b2tlbklkIjoiZTI3MmY3NTItMjQzMi00ZTNmLWI0MWEtMGJiZGNhYWNiZjczIiwidXNlcklkIjoidXNlci01N3BweDl2NjEiLCJpYXQiOjE3NzY4NjQzNjYsImV4cCI6MTc3OTQ1NjM2Nn0.ZblB20hSLCbdtfCo4hMA6Rji22G0866OhpFwtvYhLkM','2026-05-22T13:26:06.327Z','2026-04-22 13:26:06');
INSERT INTO "sessions" ("id","user_id","refresh_token","expires_at","created_at") VALUES('690f3553-a157-495e-be17-05dcd2a2ac75','user-57ppx9v61','eyJhbGciOiJIUzI1NiJ9.eyJ0b2tlbklkIjoiNjkwZjM1NTMtYTE1Ny00OTVlLWJlMTctMDVkY2QyYTJhYzc1IiwidXNlcklkIjoidXNlci01N3BweDl2NjEiLCJpYXQiOjE3NzY4NjQ5NjIsImV4cCI6MTc3OTQ1Njk2Mn0.Ir2N67x9AOSym-Tta34wCDpjxNofG_UqZ6RDeLm6DJ4','2026-05-22T13:36:02.408Z','2026-04-22 13:36:02');
INSERT INTO "sessions" ("id","user_id","refresh_token","expires_at","created_at") VALUES('286f1805-e7ce-4cfb-a9f0-1f4d63471f99','user-57ppx9v61','eyJhbGciOiJIUzI1NiJ9.eyJ0b2tlbklkIjoiMjg2ZjE4MDUtZTdjZS00Y2ZiLWE5ZjAtMWY0ZDYzNDcxZjk5IiwidXNlcklkIjoidXNlci01N3BweDl2NjEiLCJpYXQiOjE3NzY4Njc5ODEsImV4cCI6MTc3OTQ1OTk4MX0.99D5ZJ_zCn6rPbYqecwh8pgFEuqKBjWe51tkoY4ZYZI','2026-05-22T14:26:21.070Z','2026-04-22 14:26:21');
CREATE TABLE academies (
  id TEXT PRIMARY KEY,
  name TEXT NOT NULL,
  phone TEXT,
  address TEXT,
  created_at DATETIME DEFAULT CURRENT_TIMESTAMP,
  updated_at DATETIME DEFAULT CURRENT_TIMESTAMP
, default_class_id TEXT, slug TEXT, owner_id TEXT, plan TEXT DEFAULT 'free', max_students INTEGER DEFAULT 30, max_teachers INTEGER DEFAULT 3, is_active INTEGER DEFAULT 1, logo_url TEXT, expires_at DATETIME);
INSERT INTO "academies" ("id","name","phone","address","created_at","updated_at","default_class_id","slug","owner_id","plan","max_students","max_teachers","is_active","logo_url","expires_at") VALUES('acad-1','알파시티점',NULL,NULL,'2026-04-08 10:34:20','2026-04-08 10:34:20','class-default-acad-1','alpha','user-aa4912bb','pro',9999,9999,1,NULL,NULL);
INSERT INTO "academies" ("id","name","phone","address","created_at","updated_at","default_class_id","slug","owner_id","plan","max_students","max_teachers","is_active","logo_url","expires_at") VALUES('acad-b363f301','(test)수성점',NULL,NULL,'2026-04-13T04:43:46.963Z','2026-04-13T04:43:46.963Z','class-default-acad-b363f301','test-suseong','user-7a3fc261','free',30,3,1,NULL,NULL);
INSERT INTO "academies" ("id","name","phone","address","created_at","updated_at","default_class_id","slug","owner_id","plan","max_students","max_teachers","is_active","logo_url","expires_at") VALUES('acad-db5f229a','(test)루멘점',NULL,NULL,'2026-04-13T04:43:55.930Z','2026-04-13T04:43:55.930Z','class-default-acad-db5f229a','test-lumen','user-e20f7b26','free',30,3,1,NULL,NULL);
INSERT INTO "academies" ("id","name","phone","address","created_at","updated_at","default_class_id","slug","owner_id","plan","max_students","max_teachers","is_active","logo_url","expires_at") VALUES('acad-5386360c','(test)협곡점',NULL,NULL,'2026-04-13T04:43:57.396Z','2026-04-13T04:43:57.396Z','class-default-acad-5386360c','test-canyon','user-aa73897d','pro',100,10,1,NULL,NULL);
INSERT INTO "academies" ("id","name","phone","address","created_at","updated_at","default_class_id","slug","owner_id","plan","max_students","max_teachers","is_active","logo_url","expires_at") VALUES('acad-357dc181','E2E테스트학원',NULL,NULL,'2026-04-14T02:35:19.940Z','2026-04-14T02:35:19.940Z','class-default-acad-357dc181','e2e-test','user-2e560e4c','free',30,3,1,NULL,NULL);
CREATE TABLE classes (
  id TEXT PRIMARY KEY,
  academy_id TEXT NOT NULL,
  name TEXT NOT NULL,
  grade TEXT,
  day_of_week INTEGER,
  start_time TEXT,
  end_time TEXT,
  instructor_id TEXT,
  capacity INTEGER,
  created_at DATETIME DEFAULT CURRENT_TIMESTAMP,
  updated_at DATETIME DEFAULT CURRENT_TIMESTAMP,
  FOREIGN KEY (academy_id) REFERENCES academies(id),
  FOREIGN KEY (instructor_id) REFERENCES users(id)
);
INSERT INTO "classes" ("id","academy_id","name","grade","day_of_week","start_time","end_time","instructor_id","capacity","created_at","updated_at") VALUES('class-eixv4zizk','acad-1','고2 반','고2',NULL,NULL,NULL,NULL,NULL,'2026-04-08','2026-04-08 10:34:26');
INSERT INTO "classes" ("id","academy_id","name","grade","day_of_week","start_time","end_time","instructor_id","capacity","created_at","updated_at") VALUES('class-bxbvgxolu','acad-1','중3 반','중3',NULL,NULL,NULL,NULL,NULL,'2026-04-08','2026-04-08 10:34:26');
INSERT INTO "classes" ("id","academy_id","name","grade","day_of_week","start_time","end_time","instructor_id","capacity","created_at","updated_at") VALUES('class-zpt42bgng','acad-1','초등학생 반','초등학생',NULL,NULL,NULL,NULL,NULL,'2026-04-08','2026-04-08 10:34:26');
INSERT INTO "classes" ("id","academy_id","name","grade","day_of_week","start_time","end_time","instructor_id","capacity","created_at","updated_at") VALUES('class-pcukk6gzy','acad-1','중2 반','중2',NULL,NULL,NULL,NULL,NULL,'2026-04-08','2026-04-08 10:34:26');
INSERT INTO "classes" ("id","academy_id","name","grade","day_of_week","start_time","end_time","instructor_id","capacity","created_at","updated_at") VALUES('class-pdnopundv','acad-1','중1 반','중1',NULL,NULL,NULL,NULL,NULL,'2026-04-08','2026-04-08 10:34:26');
INSERT INTO "classes" ("id","academy_id","name","grade","day_of_week","start_time","end_time","instructor_id","capacity","created_at","updated_at") VALUES('class-j3vi6xrku','acad-1','고3 반','고3',NULL,NULL,NULL,NULL,NULL,'2026-04-08','2026-04-08 10:34:26');
INSERT INTO "classes" ("id","academy_id","name","grade","day_of_week","start_time","end_time","instructor_id","capacity","created_at","updated_at") VALUES('class-rossfz6wm','acad-1','고1 반','고1',NULL,NULL,NULL,NULL,NULL,'2026-04-08','2026-04-08 10:34:26');
INSERT INTO "classes" ("id","academy_id","name","grade","day_of_week","start_time","end_time","instructor_id","capacity","created_at","updated_at") VALUES('class-lx4n27t7g','acad-1','1 반','1',NULL,NULL,NULL,NULL,NULL,'2026-04-08','2026-04-08 10:34:26');
INSERT INTO "classes" ("id","academy_id","name","grade","day_of_week","start_time","end_time","instructor_id","capacity","created_at","updated_at") VALUES('class-1','acad-1','기본반',NULL,NULL,NULL,NULL,NULL,NULL,'2026-04-09 06:46:47','2026-04-09 06:46:47');
INSERT INTO "classes" ("id","academy_id","name","grade","day_of_week","start_time","end_time","instructor_id","capacity","created_at","updated_at") VALUES('class-default-acad-1','acad-1','전체',NULL,NULL,NULL,NULL,NULL,NULL,'2026-04-11 14:11:33','2026-04-11 14:11:33');
INSERT INTO "classes" ("id","academy_id","name","grade","day_of_week","start_time","end_time","instructor_id","capacity","created_at","updated_at") VALUES('class-default-acad-b363f301','acad-b363f301','전체',NULL,NULL,NULL,NULL,NULL,NULL,'2026-04-13T04:43:46.963Z','2026-04-13T04:43:46.963Z');
INSERT INTO "classes" ("id","academy_id","name","grade","day_of_week","start_time","end_time","instructor_id","capacity","created_at","updated_at") VALUES('class-default-acad-db5f229a','acad-db5f229a','전체',NULL,NULL,NULL,NULL,NULL,NULL,'2026-04-13T04:43:55.930Z','2026-04-13T04:43:55.930Z');
INSERT INTO "classes" ("id","academy_id","name","grade","day_of_week","start_time","end_time","instructor_id","capacity","created_at","updated_at") VALUES('class-default-acad-5386360c','acad-5386360c','전체',NULL,NULL,NULL,NULL,NULL,NULL,'2026-04-13T04:43:57.396Z','2026-04-13T04:43:57.396Z');
INSERT INTO "classes" ("id","academy_id","name","grade","day_of_week","start_time","end_time","instructor_id","capacity","created_at","updated_at") VALUES('class-default-acad-357dc181','acad-357dc181','전체',NULL,NULL,NULL,NULL,NULL,NULL,'2026-04-14T02:35:19.940Z','2026-04-14T02:35:19.940Z');
CREATE TABLE students (
  id TEXT PRIMARY KEY,
  academy_id TEXT NOT NULL,
  name TEXT NOT NULL,
  class_id TEXT,
  contact TEXT,
  guardian_contact TEXT,
  enrollment_date DATE,
  status TEXT DEFAULT 'active',
  created_at DATETIME DEFAULT CURRENT_TIMESTAMP,
  updated_at DATETIME DEFAULT CURRENT_TIMESTAMP, grade TEXT, subjects TEXT DEFAULT '[]', school TEXT,
  FOREIGN KEY (academy_id) REFERENCES academies(id),
  FOREIGN KEY (class_id) REFERENCES classes(id)
);
INSERT INTO "students" ("id","academy_id","name","class_id","contact","guardian_contact","enrollment_date","status","created_at","updated_at","grade","subjects","school") VALUES('student-rt93tdi3t','acad-1','이주헌','class-hqg7b0bou','','','2026-02-04','active','2026-02-04T09:05:00.000Z','2026-02-04T09:05:00.000Z',NULL,'["과학"]',NULL);
INSERT INTO "students" ("id","academy_id","name","class_id","contact","guardian_contact","enrollment_date","status","created_at","updated_at","grade","subjects","school") VALUES('student-1sdmubmes','acad-1','예원','class-y2t8au87h','','','2026-02-04','active','2026-02-04T09:05:00.000Z','2026-02-04T09:05:00.000Z',NULL,'["수학"]',NULL);
INSERT INTO "students" ("id","academy_id","name","class_id","contact","guardian_contact","enrollment_date","status","created_at","updated_at","grade","subjects","school") VALUES('student-7hpm0v6zp','acad-1','라우림','class-y2t8au87h','','','2026-03-05','active','2026-03-05T04:32:00.000Z','2026-03-05T04:37:00.000Z',NULL,'["영어"]',NULL);
INSERT INTO "students" ("id","academy_id","name","class_id","contact","guardian_contact","enrollment_date","status","created_at","updated_at","grade","subjects","school") VALUES('student-ggf2bon55','acad-1','김시우','class-6bgniqzo7','','','2026-03-30','active','2026-03-30T04:52:00.000Z','2026-04-16T06:57:57.149Z','중2','["과학","국어","수학"]','노변중');
INSERT INTO "students" ("id","academy_id","name","class_id","contact","guardian_contact","enrollment_date","status","created_at","updated_at","grade","subjects","school") VALUES('student-ni7f87smv','acad-1','김은지','class-y2t8au87h','','','2026-04-04','active','2026-04-04T03:44:00.000Z','2026-04-15T03:16:54.238Z','고2','["수학","과학"]','시지고');
INSERT INTO "students" ("id","academy_id","name","class_id","contact","guardian_contact","enrollment_date","status","created_at","updated_at","grade","subjects","school") VALUES('student-wocsa6b9g','acad-1','김도윤','class-gpb8de30d','','','2026-04-07','active','2026-04-07T04:31:00.000Z','2026-04-07T04:31:00.000Z',NULL,'["영어","국어"]',NULL);
INSERT INTO "students" ("id","academy_id","name","class_id","contact","guardian_contact","enrollment_date","status","created_at","updated_at","grade","subjects","school") VALUES('student-wfade2mly','acad-1','test','class-07m6if40w','','','2026-04-08','active','2026-04-08T05:34:00.000Z','2026-04-08T05:54:00.000Z',NULL,'["국어","영어","수학","사회"]',NULL);
INSERT INTO "students" ("id","academy_id","name","class_id","contact","guardian_contact","enrollment_date","status","created_at","updated_at","grade","subjects","school") VALUES('student-ryf96197t','acad-1','임지안','class-eixv4zizk','','','2026-02-04','active','2026-02-04T09:05:00.000Z','2026-02-04T09:05:00.000Z',NULL,'["영어"]',NULL);
INSERT INTO "students" ("id","academy_id","name","class_id","contact","guardian_contact","enrollment_date","status","created_at","updated_at","grade","subjects","school") VALUES('student-tme649c7a','acad-1','장민재','class-bxbvgxolu','','','2026-02-04','active','2026-02-04T09:05:00.000Z','2026-02-04T09:05:00.000Z',NULL,'["수학"]',NULL);
INSERT INTO "students" ("id","academy_id","name","class_id","contact","guardian_contact","enrollment_date","status","created_at","updated_at","grade","subjects","school") VALUES('student-tdx0c9nmo','acad-1','이승윤','class-zpt42bgng','','','2026-02-04','active','2026-02-04T09:05:00.000Z','2026-02-04T09:05:00.000Z',NULL,'["국어","사회","과학"]',NULL);
INSERT INTO "students" ("id","academy_id","name","class_id","contact","guardian_contact","enrollment_date","status","created_at","updated_at","grade","subjects","school") VALUES('student-2vqo23cgs','acad-1','공민준','class-pcukk6gzy','','','2026-02-04','active','2026-02-04T09:05:00.000Z','2026-02-04T09:05:00.000Z',NULL,'["영어"]',NULL);
INSERT INTO "students" ("id","academy_id","name","class_id","contact","guardian_contact","enrollment_date","status","created_at","updated_at","grade","subjects","school") VALUES('student-k8kamd4y8','acad-1','박도은','class-pdnopundv','','','2026-02-04','active','2026-02-04T09:05:00.000Z','2026-03-05T02:25:00.000Z',NULL,'["영어","수학","국어"]',NULL);
INSERT INTO "students" ("id","academy_id","name","class_id","contact","guardian_contact","enrollment_date","status","created_at","updated_at","grade","subjects","school") VALUES('student-0spi35f7j','acad-1','이서윤','class-eixv4zizk','','','2026-02-04','active','2026-02-04T09:05:00.000Z','2026-03-12T06:40:00.000Z',NULL,'["화학","생물"]',NULL);
INSERT INTO "students" ("id","academy_id","name","class_id","contact","guardian_contact","enrollment_date","status","created_at","updated_at","grade","subjects","school") VALUES('student-j5ohbrke6','acad-1','박도윤','class-eixv4zizk','','','2026-02-04','active','2026-02-04T09:05:00.000Z','2026-04-18T14:58:07.926Z','고1','["영어","수학"]',NULL);
INSERT INTO "students" ("id","academy_id","name","class_id","contact","guardian_contact","enrollment_date","status","created_at","updated_at","grade","subjects","school") VALUES('student-i7k4uy8ml','acad-1','김덕연','class-bxbvgxolu','','','2026-02-04','active','2026-02-04T09:05:00.000Z','2026-04-07T05:55:00.000Z',NULL,'["역사","과학","국어"]',NULL);
INSERT INTO "students" ("id","academy_id","name","class_id","contact","guardian_contact","enrollment_date","status","created_at","updated_at","grade","subjects","school") VALUES('student-7gioy6c0x','acad-1','송하선','class-j3vi6xrku','','','2026-02-04','active','2026-02-04T09:05:00.000Z','2026-04-15T03:11:35.818Z','고3','["국어","수학","과학"]','사대부고');
INSERT INTO "students" ("id","academy_id","name","class_id","contact","guardian_contact","enrollment_date","status","created_at","updated_at","grade","subjects","school") VALUES('student-j59157jnh','acad-1','김태현','class-zpt42bgng','','','2026-02-04','active','2026-02-04T09:05:00.000Z','2026-02-04T09:05:00.000Z',NULL,'["국어","영어","수학","과학"]',NULL);
INSERT INTO "students" ("id","academy_id","name","class_id","contact","guardian_contact","enrollment_date","status","created_at","updated_at","grade","subjects","school") VALUES('student-qv5fihk50','acad-1','김도현','class-bxbvgxolu','','','2026-02-04','active','2026-02-04T09:05:00.000Z','2026-02-04T09:05:00.000Z',NULL,'["국어"]',NULL);
INSERT INTO "students" ("id","academy_id","name","class_id","contact","guardian_contact","enrollment_date","status","created_at","updated_at","grade","subjects","school") VALUES('student-odmyl712f','acad-1','권도훈','class-eixv4zizk','','','2026-02-04','active','2026-02-04T09:05:00.000Z','2026-04-07T04:34:00.000Z',NULL,'["국어","영어"]',NULL);
INSERT INTO "students" ("id","academy_id","name","class_id","contact","guardian_contact","enrollment_date","status","created_at","updated_at","grade","subjects","school") VALUES('student-xi4i833h1','acad-1','신채원','class-bxbvgxolu','','','2026-02-04','active','2026-02-04T09:05:00.000Z','2026-02-04T09:05:00.000Z',NULL,'["영어","수학"]',NULL);
INSERT INTO "students" ("id","academy_id","name","class_id","contact","guardian_contact","enrollment_date","status","created_at","updated_at","grade","subjects","school") VALUES('student-r558f899h','acad-1','김태영','class-zpt42bgng','','','2026-02-04','active','2026-02-04T09:05:00.000Z','2026-04-15T03:11:09.637Z','초4','["수학"]',NULL);
INSERT INTO "students" ("id","academy_id","name","class_id","contact","guardian_contact","enrollment_date","status","created_at","updated_at","grade","subjects","school") VALUES('student-enwewi2vj','acad-1','김은서','class-pcukk6gzy','','','2026-02-04','active','2026-02-04T09:06:00.000Z','2026-02-04T09:06:00.000Z',NULL,'["국어","과학"]',NULL);
INSERT INTO "students" ("id","academy_id","name","class_id","contact","guardian_contact","enrollment_date","status","created_at","updated_at","grade","subjects","school") VALUES('student-ue92sdab0','acad-1','류하진','class-bxbvgxolu','','','2026-02-04','active','2026-02-04T09:05:00.000Z','2026-04-16T06:45:04.123Z','고2','["국어","영어","수학"]','영남공고');
INSERT INTO "students" ("id","academy_id","name","class_id","contact","guardian_contact","enrollment_date","status","created_at","updated_at","grade","subjects","school") VALUES('student-9bsetl4ct','acad-1','최고은','class-pdnopundv','','','2026-02-04','active','2026-02-04T09:05:00.000Z','2026-04-18T04:18:05.508Z','중1','["수학"]','노변중');
INSERT INTO "students" ("id","academy_id","name","class_id","contact","guardian_contact","enrollment_date","status","created_at","updated_at","grade","subjects","school") VALUES('student-8p9l1h85l','acad-1','윤슬아','class-pcukk6gzy','','','2026-02-04','active','2026-02-04T09:05:00.000Z','2026-02-04T09:05:00.000Z',NULL,'["국어","영어","역사"]',NULL);
INSERT INTO "students" ("id","academy_id","name","class_id","contact","guardian_contact","enrollment_date","status","created_at","updated_at","grade","subjects","school") VALUES('student-s54ihowlx','acad-1','박동진','class-j3vi6xrku','','','2026-02-04','active','2026-02-04T09:05:00.000Z','2026-04-15T03:11:22.374Z','고3','["국어","수학"]',NULL);
INSERT INTO "students" ("id","academy_id","name","class_id","contact","guardian_contact","enrollment_date","status","created_at","updated_at","grade","subjects","school") VALUES('student-a7wi0zma6','acad-1','정지효','class-bxbvgxolu','','','2026-02-04','active','2026-02-04T09:05:00.000Z','2026-04-15T03:12:10.718Z','중3','["국어","수학","과학","영어"]','고산중');
INSERT INTO "students" ("id","academy_id","name","class_id","contact","guardian_contact","enrollment_date","status","created_at","updated_at","grade","subjects","school") VALUES('student-egoh2pw9x','acad-1','이승민','class-bxbvgxolu','','','2026-02-04','active','2026-02-04T09:05:00.000Z','2026-02-04T09:05:00.000Z',NULL,'["국어","영어"]',NULL);
INSERT INTO "students" ("id","academy_id","name","class_id","contact","guardian_contact","enrollment_date","status","created_at","updated_at","grade","subjects","school") VALUES('student-0mc8orloi','acad-1','김성준','class-pcukk6gzy','','','2026-02-04','active','2026-02-04T09:05:00.000Z','2026-04-16T06:58:09.781Z','중2','["수학","영어"]','노변중');
INSERT INTO "students" ("id","academy_id","name","class_id","contact","guardian_contact","enrollment_date","status","created_at","updated_at","grade","subjects","school") VALUES('student-p3kgxnsyw','acad-1','최예지','class-pcukk6gzy','','','2026-02-04','active','2026-02-04T09:05:00.000Z','2026-04-15T03:12:42.404Z','중2','["국어","수학","과학","역사"]','정화중');
INSERT INTO "students" ("id","academy_id","name","class_id","contact","guardian_contact","enrollment_date","status","created_at","updated_at","grade","subjects","school") VALUES('student-fbcy3xfzp','acad-1','윤지후','class-rossfz6wm','','','2026-02-04','active','2026-02-04T09:05:00.000Z','2026-04-15T03:11:43.244Z','고1','["국어","영어","과학","수학"]','덕원고');
INSERT INTO "students" ("id","academy_id","name","class_id","contact","guardian_contact","enrollment_date","status","created_at","updated_at","grade","subjects","school") VALUES('student-6cxbm886s','acad-1','정윤재','class-rossfz6wm','','','2026-02-04','active','2026-02-04T09:05:00.000Z','2026-04-15T03:11:52.352Z','고1','["국어","영어","수학","과학","역사"]','삼육고');
INSERT INTO "students" ("id","academy_id","name","class_id","contact","guardian_contact","enrollment_date","status","created_at","updated_at","grade","subjects","school") VALUES('student-b8tu5sggp','acad-1','김광민','class-j3vi6xrku','','','2026-02-04','active','2026-02-04T09:05:00.000Z','2026-04-18T04:17:29.739Z','고3','["사탐","수학","사회"]','대성고');
INSERT INTO "students" ("id","academy_id","name","class_id","contact","guardian_contact","enrollment_date","status","created_at","updated_at","grade","subjects","school") VALUES('student-ap2p40lx7','acad-1','최보은','class-rossfz6wm','','','2026-02-04','active','2026-02-04T09:05:00.000Z','2026-03-05T02:24:00.000Z',NULL,'["국어","과학","역사","통합사회"]',NULL);
INSERT INTO "students" ("id","academy_id","name","class_id","contact","guardian_contact","enrollment_date","status","created_at","updated_at","grade","subjects","school") VALUES('student-5645a3fs4','acad-1','강은서','class-pdnopundv','','','2026-02-04','active','2026-02-04T09:05:00.000Z','2026-04-18T04:17:44.619Z','중1','["수학"]','노변중');
INSERT INTO "students" ("id","academy_id","name","class_id","contact","guardian_contact","enrollment_date","status","created_at","updated_at","grade","subjects","school") VALUES('student-vosetxjdm','acad-1','윤승환','class-j3vi6xrku',NULL,NULL,'2026-02-04','active','2026-02-04T09:05:00.000Z','2026-04-18T11:13:36.861Z','고3','["국어","사탐","수학"]','광항고');
INSERT INTO "students" ("id","academy_id","name","class_id","contact","guardian_contact","enrollment_date","status","created_at","updated_at","grade","subjects","school") VALUES('student-mtoq5wqb6','acad-1','하진서','class-rossfz6wm',NULL,NULL,'2026-02-04','active','2026-02-04T09:05:00.000Z','2026-04-16T15:26:41.504Z','고1','["과학","영어","수학","국어","통합사회"]','삼육고');
INSERT INTO "students" ("id","academy_id","name","class_id","contact","guardian_contact","enrollment_date","status","created_at","updated_at","grade","subjects","school") VALUES('student-t1xikskhy','acad-1','손동민','class-eixv4zizk','','','2026-02-04','active','2026-02-04T09:05:00.000Z','2026-04-15T03:11:30.858Z','고1','["국어","영어","수학","역사"]','영남공고');
INSERT INTO "students" ("id","academy_id","name","class_id","contact","guardian_contact","enrollment_date","status","created_at","updated_at","grade","subjects","school") VALUES('student-m154cgywx','acad-1','박시현','class-eixv4zizk','','','2026-02-04','active','2026-02-04T09:05:00.000Z','2026-02-04T09:05:00.000Z',NULL,'["국어","사탐","과학"]',NULL);
INSERT INTO "students" ("id","academy_id","name","class_id","contact","guardian_contact","enrollment_date","status","created_at","updated_at","grade","subjects","school") VALUES('student-4s1rdnhpb','acad-1','권순우','class-pcukk6gzy','','','2026-02-04','active','2026-02-04T09:05:00.000Z','2026-03-10T06:35:00.000Z',NULL,'["영어","수학"]',NULL);
INSERT INTO "students" ("id","academy_id","name","class_id","contact","guardian_contact","enrollment_date","status","created_at","updated_at","grade","subjects","school") VALUES('student-y1ov7jvh5','acad-1','박예원','class-bxbvgxolu','','','2026-02-09','active','2026-02-09T07:17:00.000Z','2026-02-09T08:07:00.000Z',NULL,'["영어","과학"]',NULL);
INSERT INTO "students" ("id","academy_id","name","class_id","contact","guardian_contact","enrollment_date","status","created_at","updated_at","grade","subjects","school") VALUES('student-nb8y8m656','acad-1','이루다','class-eixv4zizk','','','2026-03-03','active','2026-03-03T05:57:00.000Z','2026-04-15T03:11:46.416Z','고2','["수학","국어","영어","과학"]','시지고');
INSERT INTO "students" ("id","academy_id","name","class_id","contact","guardian_contact","enrollment_date","status","created_at","updated_at","grade","subjects","school") VALUES('student-yxu4r4ae9','acad-1','박예지','class-pcukk6gzy','','','2026-03-05','active','2026-03-05T04:39:00.000Z','2026-04-07T04:32:00.000Z',NULL,'["영어","과학","국어"]',NULL);
INSERT INTO "students" ("id","academy_id","name","class_id","contact","guardian_contact","enrollment_date","status","created_at","updated_at","grade","subjects","school") VALUES('student-rks9au7mm','acad-1','김하진','class-rossfz6wm','','','2026-03-05','active','2026-03-05T04:44:00.000Z','2026-04-15T03:11:16.529Z','고1','["영어","수학","과학"]','삼육고');
INSERT INTO "students" ("id","academy_id","name","class_id","contact","guardian_contact","enrollment_date","status","created_at","updated_at","grade","subjects","school") VALUES('student-q5ecu8748','acad-1','김지후','class-pcukk6gzy','','','2026-03-10','active','2026-03-10T08:25:00.000Z','2026-04-16T06:58:13.855Z','중2','["수학","영어"]','노변중');
INSERT INTO "students" ("id","academy_id","name","class_id","contact","guardian_contact","enrollment_date","status","created_at","updated_at","grade","subjects","school") VALUES('student-tx3blu2og','acad-1','장혜연','class-rossfz6wm','','','2026-04-03','active','2026-04-03T12:57:00.000Z','2026-04-03T12:58:00.000Z',NULL,'["영어","국어"]',NULL);
INSERT INTO "students" ("id","academy_id","name","class_id","contact","guardian_contact","enrollment_date","status","created_at","updated_at","grade","subjects","school") VALUES('student-3mzmc3kin','acad-1','장혜정','class-rossfz6wm','','','2026-04-03','active','2026-04-03T12:58:00.000Z','2026-04-03T12:58:00.000Z',NULL,'["영어","국어"]',NULL);
INSERT INTO "students" ("id","academy_id","name","class_id","contact","guardian_contact","enrollment_date","status","created_at","updated_at","grade","subjects","school") VALUES('stu-cy-01','acad-5386360c','이즈리얼','class-default-acad-5386360c','010-1111-0001','010-2222-0001','2026-03-02','active','2026-03-02T09:00:00Z','2026-03-02T09:00:00Z','중1','["수학"]',NULL);
INSERT INTO "students" ("id","academy_id","name","class_id","contact","guardian_contact","enrollment_date","status","created_at","updated_at","grade","subjects","school") VALUES('stu-cy-02','acad-5386360c','럭스','class-default-acad-5386360c','010-1111-0002','010-2222-0002','2026-03-02','active','2026-03-02T09:00:00Z','2026-04-17T05:10:42.166Z','중1','["수학","영어"]',NULL);
INSERT INTO "students" ("id","academy_id","name","class_id","contact","guardian_contact","enrollment_date","status","created_at","updated_at","grade","subjects","school") VALUES('stu-cy-03','acad-5386360c','야스오','class-default-acad-5386360c','010-1111-0003','010-2222-0003','2026-03-03','active','2026-03-03T09:00:00Z','2026-03-03T09:00:00Z','중2','["수학"]',NULL);
INSERT INTO "students" ("id","academy_id","name","class_id","contact","guardian_contact","enrollment_date","status","created_at","updated_at","grade","subjects","school") VALUES('stu-cy-04','acad-5386360c','아리','class-default-acad-5386360c','010-1111-0004','010-2222-0004','2026-03-03','active','2026-03-03T09:00:00Z','2026-03-03T09:00:00Z','중2','["수학","영어"]',NULL);
INSERT INTO "students" ("id","academy_id","name","class_id","contact","guardian_contact","enrollment_date","status","created_at","updated_at","grade","subjects","school") VALUES('stu-cy-05','acad-5386360c','징크스','class-default-acad-5386360c','010-1111-0005','010-2222-0005','2026-03-04','active','2026-03-04T09:00:00Z','2026-03-04T09:00:00Z','중3','["수학"]',NULL);
INSERT INTO "students" ("id","academy_id","name","class_id","contact","guardian_contact","enrollment_date","status","created_at","updated_at","grade","subjects","school") VALUES('stu-cy-06','acad-5386360c','카타리나','class-default-acad-5386360c','010-1111-0006','010-2222-0006','2026-03-04','active','2026-03-04T09:00:00Z','2026-03-04T09:00:00Z','중3','["영어"]',NULL);
INSERT INTO "students" ("id","academy_id","name","class_id","contact","guardian_contact","enrollment_date","status","created_at","updated_at","grade","subjects","school") VALUES('stu-cy-07','acad-5386360c','이렐리아','class-default-acad-5386360c','010-1111-0007','010-2222-0007','2026-03-05','active','2026-03-05T09:00:00Z','2026-03-05T09:00:00Z','고1','["수학","영어"]',NULL);
INSERT INTO "students" ("id","academy_id","name","class_id","contact","guardian_contact","enrollment_date","status","created_at","updated_at","grade","subjects","school") VALUES('stu-cy-08','acad-5386360c','에코','class-default-acad-5386360c','010-1111-0008','010-2222-0008','2026-03-05','active','2026-03-05T09:00:00Z','2026-03-05T09:00:00Z','고1','["수학"]',NULL);
INSERT INTO "students" ("id","academy_id","name","class_id","contact","guardian_contact","enrollment_date","status","created_at","updated_at","grade","subjects","school") VALUES('student-irubin80104','acad-1','이루빈',NULL,NULL,NULL,NULL,'active','2026-04-14 15:21:50','2026-04-14 15:21:50',NULL,'["수학","영어"]',NULL);
CREATE TABLE attendance (
  id TEXT PRIMARY KEY,
  student_id TEXT NOT NULL,
  class_id TEXT NOT NULL,
  date DATE NOT NULL,
  status TEXT DEFAULT 'present',
  notes TEXT,
  created_at DATETIME DEFAULT CURRENT_TIMESTAMP,
  FOREIGN KEY (student_id) REFERENCES students(id),
  FOREIGN KEY (class_id) REFERENCES classes(id),
  UNIQUE(student_id, class_id, date)
);
CREATE TABLE reports (
  id TEXT PRIMARY KEY,
  student_id TEXT NOT NULL,
  month TEXT NOT NULL,
  content TEXT,
  pdf_url TEXT,
  generated_at DATETIME DEFAULT CURRENT_TIMESTAMP,
  sent_at DATETIME,
  created_at DATETIME DEFAULT CURRENT_TIMESTAMP,
  FOREIGN KEY (student_id) REFERENCES students(id)
);
INSERT INTO "reports" ("id","student_id","month","content","pdf_url","generated_at","sent_at","created_at") VALUES('rpt-cy-01','stu-cy-01','2026-03','수학 72점. 이즈리얼은 호기심이 넘치고 새로운 유형의 문제에 도전하는 것을 좋아합니다. 다만 기본 연산에서 실수가 잦아 탐험(응용) 전에 기초 체력(계산력)을 더 다져야 합니다. 4월에는 연산 집중 훈련을 병행할 예정입니다.',NULL,'2026-03-28','2026-03-28','2026-03-28');
INSERT INTO "reports" ("id","student_id","month","content","pdf_url","generated_at","sent_at","created_at") VALUES('rpt-cy-02','stu-cy-02','2026-03','수학 94점, 영어 97점. 럭스는 이름처럼 빛나는 학생입니다. 두 과목 모두 최상위권이며 특히 영어 문법 이해도가 뛰어납니다. 가렌 보호자님께서 학습 환경을 잘 잡아주신 덕분입니다. 4월에는 수학 심화 과정에 도전시킬 예정입니다.',NULL,'2026-03-28','2026-03-28','2026-03-28');
INSERT INTO "reports" ("id","student_id","month","content","pdf_url","generated_at","sent_at","created_at") VALUES('rpt-cy-03','stu-cy-03','2026-03','수학 58점. 야스오는 분명히 재능이 있는 학생이지만 출결이 불안정합니다. 3월 한 달간 지각 4회, 결석 2회로 진도가 많이 밀렸습니다. 요네 보호자님과의 상담이 시급합니다. 방정식 기초부터 다시 잡아가고 있으며, 보충 프린트를 진행 중입니다.',NULL,'2026-03-28','2026-03-28','2026-03-28');
INSERT INTO "reports" ("id","student_id","month","content","pdf_url","generated_at","sent_at","created_at") VALUES('rpt-cy-04','stu-cy-04','2026-03','수학 89점, 영어 91점. 아리는 이해력과 응용력이 모두 뛰어난 학생입니다. 수업 시간에 집중도가 높고 질문도 적극적입니다. 두 과목 모두 안정적인 상위권을 유지하고 있어 현재 페이스를 유지하면 됩니다.',NULL,'2026-03-28','2026-03-28','2026-03-28');
INSERT INTO "reports" ("id","student_id","month","content","pdf_url","generated_at","sent_at","created_at") VALUES('rpt-cy-05','stu-cy-05','2026-03','수학 81점. 징크스는 문제 풀이 속도가 매우 빠르고 독창적인 풀이법을 찾아내는 능력이 있습니다. 하지만 서술형에서 풀이 과정을 생략하는 습관 때문에 감점이 많습니다. 바이 보호자님께 가정에서도 차분하게 글쓰기 연습을 권합니다.',NULL,'2026-03-28','2026-03-28','2026-03-28');
INSERT INTO "reports" ("id","student_id","month","content","pdf_url","generated_at","sent_at","created_at") VALUES('rpt-cy-06','stu-cy-06','2026-03','영어 88점. 카타리나는 문법 정확도가 매우 높고 답안이 깔끔합니다. 독해 속도를 더 올리면 90점대 진입이 가능합니다. 타론 보호자님께서 영어 원서 읽기를 지도해주시면 큰 도움이 될 것입니다.',NULL,'2026-03-28',NULL,'2026-03-28');
INSERT INTO "reports" ("id","student_id","month","content","pdf_url","generated_at","sent_at","created_at") VALUES('rpt-cy-07','stu-cy-07','2026-03','수학 96점, 영어 93점. 이렐리아는 협곡점 전체 1등입니다. 수학과 영어 모두 흠잡을 데가 없으며 특히 수학은 거의 만점에 가깝습니다. 자기주도 학습 능력이 뛰어나 선행 진도를 나가고 있습니다.',NULL,'2026-03-28','2026-03-28','2026-03-28');
INSERT INTO "reports" ("id","student_id","month","content","pdf_url","generated_at","sent_at","created_at") VALUES('rpt-cy-08','stu-cy-08','2026-03','수학 85점. 에코는 똑똑하지만 시간 관리에 어려움을 겪고 있습니다. 아는 문제도 시간 내에 못 푸는 경우가 있어 제한시간 훈련을 시작했습니다. 잠재력이 높은 학생이므로 꾸준히 관리하면 90점대 안착이 가능합니다.',NULL,'2026-03-28','2026-03-28','2026-03-28');
CREATE TABLE messages (
  id TEXT PRIMARY KEY,
  sender_id TEXT NOT NULL,
  recipient_id TEXT NOT NULL,
  content TEXT NOT NULL,
  is_read BOOLEAN DEFAULT FALSE,
  created_at DATETIME DEFAULT CURRENT_TIMESTAMP,
  updated_at DATETIME DEFAULT CURRENT_TIMESTAMP,
  FOREIGN KEY (sender_id) REFERENCES users(id),
  FOREIGN KEY (recipient_id) REFERENCES users(id)
);
CREATE TABLE audit_logs (
  id TEXT PRIMARY KEY,
  user_id TEXT NOT NULL,
  action TEXT NOT NULL,
  resource_type TEXT,
  resource_id TEXT,
  changes TEXT,
  ip_address TEXT,
  user_agent TEXT,
  created_at DATETIME DEFAULT CURRENT_TIMESTAMP,
  FOREIGN KEY (user_id) REFERENCES users(id)
);
CREATE TABLE report_send_configs (
  id TEXT PRIMARY KEY,
  academy_id TEXT NOT NULL,
  start_date DATE NOT NULL,
  end_date DATE NOT NULL,
  created_at DATETIME DEFAULT CURRENT_TIMESTAMP,
  updated_at DATETIME DEFAULT CURRENT_TIMESTAMP,
  FOREIGN KEY (academy_id) REFERENCES academies(id),
  UNIQUE(academy_id)
);
CREATE TABLE IF NOT EXISTS "exams" (
  id TEXT PRIMARY KEY,
  academy_id TEXT NOT NULL,
  class_id TEXT,
  name TEXT NOT NULL,
  exam_month TEXT,
  date DATE NOT NULL,
  total_score REAL,
  is_active BOOLEAN DEFAULT 0,
  created_at DATETIME DEFAULT CURRENT_TIMESTAMP,
  updated_at DATETIME, exam_type TEXT NOT NULL DEFAULT 'monthly', term TEXT,
  FOREIGN KEY (academy_id) REFERENCES academies(id),
  FOREIGN KEY (class_id) REFERENCES classes(id)
);
INSERT INTO "exams" ("id","academy_id","class_id","name","exam_month","date","total_score","is_active","created_at","updated_at","exam_type","term") VALUES('exam-3월-test','acad-1','class-bxbvgxolu','3월 월말고사','2026-03','2026-03-15',100,0,'2026-04-09 02:49:44',NULL,'monthly',NULL);
INSERT INTO "exams" ("id","academy_id","class_id","name","exam_month","date","total_score","is_active","created_at","updated_at","exam_type","term") VALUES('exam-april-korean','acad-1',NULL,'2026년 4월 월말평가 - 국어','2026-04','2026-04-20',NULL,0,'2026-04-09 12:53:14',NULL,'monthly',NULL);
INSERT INTO "exams" ("id","academy_id","class_id","name","exam_month","date","total_score","is_active","created_at","updated_at","exam_type","term") VALUES('exam-april-math','acad-1',NULL,'2026년 4월 월말평가 - 수학','2026-04','2026-04-20',NULL,0,'2026-04-09 12:53:14',NULL,'monthly',NULL);
INSERT INTO "exams" ("id","academy_id","class_id","name","exam_month","date","total_score","is_active","created_at","updated_at","exam_type","term") VALUES('exam-april-english','acad-1',NULL,'2026년 4월 월말평가 - 영어','2026-04','2026-04-20',NULL,0,'2026-04-09 12:53:14',NULL,'monthly',NULL);
INSERT INTO "exams" ("id","academy_id","class_id","name","exam_month","date","total_score","is_active","created_at","updated_at","exam_type","term") VALUES('exam-qvkth4hjd','acad-1','class-y2t8au87h','2f973635-f415-809f-950a-e2481b0bb0ba_2026-02','null','2026-02-20',100,0,'2026-02-02T13:37:00.000Z','null','monthly',NULL);
INSERT INTO "exams" ("id","academy_id","class_id","name","exam_month","date","total_score","is_active","created_at","updated_at","exam_type","term") VALUES('exam-v2mxnbekh','acad-1','class-y2t8au87h','2f973635-f415-80cd-87a6-e508635b3576_2026-02','null','2026-02-20',100,0,'2026-02-02T13:37:00.000Z','null','monthly',NULL);
INSERT INTO "exams" ("id","academy_id","class_id","name","exam_month","date","total_score","is_active","created_at","updated_at","exam_type","term") VALUES('exam-lei49ha0j','acad-1','class-y2t8au87h','2f973635-f415-80f7-a5db-d678b77c9468_2026-02','null','2026-02-20',100,0,'2026-02-02T13:37:00.000Z','null','monthly',NULL);
INSERT INTO "exams" ("id","academy_id","class_id","name","exam_month","date","total_score","is_active","created_at","updated_at","exam_type","term") VALUES('exam-y972qm8c4','acad-1','class-y2t8au87h','2f973635-f415-80f7-a215-fd201bf39ce9_2026-02','null','2026-02-20',100,0,'2026-02-02T13:37:00.000Z','null','monthly',NULL);
INSERT INTO "exams" ("id","academy_id","class_id","name","exam_month","date","total_score","is_active","created_at","updated_at","exam_type","term") VALUES('exam-txuqfieg6','acad-1','class-eixv4zizk','2f973635-f415-809f-950a-e2481b0bb0ba_2026-02','null','2026-02-20',100,0,'2026-02-02T13:37:00.000Z','null','monthly',NULL);
INSERT INTO "exams" ("id","academy_id","class_id","name","exam_month","date","total_score","is_active","created_at","updated_at","exam_type","term") VALUES('exam-ezf5woxu8','acad-1','class-eixv4zizk','2f973635-f415-80cd-87a6-e508635b3576_2026-02','null','2026-02-20',100,0,'2026-02-02T13:37:00.000Z','null','monthly',NULL);
INSERT INTO "exams" ("id","academy_id","class_id","name","exam_month","date","total_score","is_active","created_at","updated_at","exam_type","term") VALUES('exam-jivr2also','acad-1','class-eixv4zizk','2f973635-f415-80f7-a5db-d678b77c9468_2026-02','null','2026-02-20',100,0,'2026-02-02T13:37:00.000Z','null','monthly',NULL);
INSERT INTO "exams" ("id","academy_id","class_id","name","exam_month","date","total_score","is_active","created_at","updated_at","exam_type","term") VALUES('exam-witv8cxt9','acad-1','class-eixv4zizk','2f973635-f415-80f7-a215-fd201bf39ce9_2026-02','null','2026-02-20',100,0,'2026-02-02T13:37:00.000Z','null','monthly',NULL);
INSERT INTO "exams" ("id","academy_id","class_id","name","exam_month","date","total_score","is_active","created_at","updated_at","exam_type","term") VALUES('exam-b4b4cd4e','acad-1','null','2026년 4월 월말평가','2026-04','2026-04-15',100,0,'2026-04-09T09:35:01.663Z','2026-04-09T09:35:01.663Z','monthly',NULL);
INSERT INTO "exams" ("id","academy_id","class_id","name","exam_month","date","total_score","is_active","created_at","updated_at","exam_type","term") VALUES('exam-march-3fb325cc','acad-1','class-07m6if40w','2026년 3월 월말평가 - 과학','2026-03','2026-03-20',100,0,'2026-04-09 09:59:10','2026-04-09 09:59:10','monthly',NULL);
INSERT INTO "exams" ("id","academy_id","class_id","name","exam_month","date","total_score","is_active","created_at","updated_at","exam_type","term") VALUES('exam-march-2f177042','acad-1','class-07m6if40w','2026년 3월 월말평가 - 국어','2026-03','2026-03-20',100,0,'2026-04-09 09:59:10','2026-04-09 09:59:10','monthly',NULL);
INSERT INTO "exams" ("id","academy_id","class_id","name","exam_month","date","total_score","is_active","created_at","updated_at","exam_type","term") VALUES('exam-march-6794c68f','acad-1','class-07m6if40w','2026년 3월 월말평가 - 생물','2026-03','2026-03-20',100,0,'2026-04-09 09:59:10','2026-04-09 09:59:10','monthly',NULL);
INSERT INTO "exams" ("id","academy_id","class_id","name","exam_month","date","total_score","is_active","created_at","updated_at","exam_type","term") VALUES('exam-march-25767a87','acad-1','class-07m6if40w','2026년 3월 월말평가 - 수학','2026-03','2026-03-20',100,0,'2026-04-09 09:59:10','2026-04-09 09:59:10','monthly',NULL);
INSERT INTO "exams" ("id","academy_id","class_id","name","exam_month","date","total_score","is_active","created_at","updated_at","exam_type","term") VALUES('exam-march-ca534978','acad-1','class-07m6if40w','2026년 3월 월말평가 - 역사','2026-03','2026-03-20',100,0,'2026-04-09 09:59:10','2026-04-09 09:59:10','monthly',NULL);
INSERT INTO "exams" ("id","academy_id","class_id","name","exam_month","date","total_score","is_active","created_at","updated_at","exam_type","term") VALUES('exam-march-8fdb908d','acad-1','class-07m6if40w','2026년 3월 월말평가 - 영어','2026-03','2026-03-20',100,0,'2026-04-09 09:59:10','2026-04-09 09:59:10','monthly',NULL);
INSERT INTO "exams" ("id","academy_id","class_id","name","exam_month","date","total_score","is_active","created_at","updated_at","exam_type","term") VALUES('exam-march-7bd10c98','acad-1','class-07m6if40w','2026년 3월 월말평가 - 화학','2026-03','2026-03-20',100,0,'2026-04-09 09:59:10','2026-04-09 09:59:10','monthly',NULL);
INSERT INTO "exams" ("id","academy_id","class_id","name","exam_month","date","total_score","is_active","created_at","updated_at","exam_type","term") VALUES('exam-17c94e85','acad-1','null','2026년 4월 월말평가 - 수학','2026-04','2026-04-25',100,0,'2026-04-09T13:21:11.147Z','2026-04-09T13:21:11.147Z','monthly',NULL);
INSERT INTO "exams" ("id","academy_id","class_id","name","exam_month","date","total_score","is_active","created_at","updated_at","exam_type","term") VALUES('exam-b8473539','acad-1','null','2026년 4월 월말평가 - 국어','2026-04','2026-04-25',100,0,'2026-04-09T13:21:11.751Z','2026-04-09T13:21:11.751Z','monthly',NULL);
INSERT INTO "exams" ("id","academy_id","class_id","name","exam_month","date","total_score","is_active","created_at","updated_at","exam_type","term") VALUES('exam-77a5ccae','acad-1','null','2026년 3월 월말평가 - 수학','2026-03','2026-03-25',100,0,'2026-04-09T13:21:11.896Z','2026-04-09T13:21:11.896Z','monthly',NULL);
INSERT INTO "exams" ("id","academy_id","class_id","name","exam_month","date","total_score","is_active","created_at","updated_at","exam_type","term") VALUES('exam-march-social01','acad-1',NULL,'2026년 3월 월말평가 - 통합사회','2026-03','2026-03-31',100,0,'2026-04-10 06:37:35',NULL,'monthly',NULL);
INSERT INTO "exams" ("id","academy_id","class_id","name","exam_month","date","total_score","is_active","created_at","updated_at","exam_type","term") VALUES('exam-e964ba0f','acad-1',NULL,'E2E중간고사_1775914038062 - 수학','2025-10','2025-10-15',100,0,'2026-04-11T13:27:21.555Z','2026-04-11T13:27:21.555Z','midterm','2025-2');
INSERT INTO "exams" ("id","academy_id","class_id","name","exam_month","date","total_score","is_active","created_at","updated_at","exam_type","term") VALUES('exam-49a229b2','acad-1',NULL,'E2E중간고사_1775914074843 - 수학','2025-10','2025-10-15',100,0,'2026-04-11T13:27:58.450Z','2026-04-11T13:27:58.450Z','midterm','2025-2');
INSERT INTO "exams" ("id","academy_id","class_id","name","exam_month","date","total_score","is_active","created_at","updated_at","exam_type","term") VALUES('exam-04549c4b','acad-1',NULL,'E2E중간고사_1775914100864 - 수학','2025-10','2025-10-15',100,1,'2026-04-11T13:28:23.996Z','2026-04-11T13:28:23.996Z','midterm','2025-2');
INSERT INTO "exams" ("id","academy_id","class_id","name","exam_month","date","total_score","is_active","created_at","updated_at","exam_type","term") VALUES('exam-cy-0326','acad-5386360c',NULL,'3월 월말평가 (수학)','2026-03','2026-03-26',100,0,'2026-03-20','2026-03-20','monthly',NULL);
INSERT INTO "exams" ("id","academy_id","class_id","name","exam_month","date","total_score","is_active","created_at","updated_at","exam_type","term") VALUES('exam-cy-0327','acad-5386360c',NULL,'3월 월말평가 (영어)','2026-03','2026-03-27',100,0,'2026-03-20','2026-03-20','monthly',NULL);
INSERT INTO "exams" ("id","academy_id","class_id","name","exam_month","date","total_score","is_active","created_at","updated_at","exam_type","term") VALUES('exam-cy-0410','acad-5386360c',NULL,'4월 월말평가 (수학)','2026-04','2026-04-25',100,1,'2026-04-01','2026-04-01','monthly',NULL);
INSERT INTO "exams" ("id","academy_id","class_id","name","exam_month","date","total_score","is_active","created_at","updated_at","exam_type","term") VALUES('exam-cy-0411','acad-5386360c',NULL,'4월 월말평가 (영어)','2026-04','2026-04-25',100,1,'2026-04-01','2026-04-01','monthly',NULL);
INSERT INTO "exams" ("id","academy_id","class_id","name","exam_month","date","total_score","is_active","created_at","updated_at","exam_type","term") VALUES('exam-e4eef658','acad-1',NULL,'2025-2 중간고사 - 과학','2025-10','2025-10-15',100,0,'2026-04-14T16:21:37.732Z','2026-04-14T16:21:37.732Z','midterm','2025-2');
INSERT INTO "exams" ("id","academy_id","class_id","name","exam_month","date","total_score","is_active","created_at","updated_at","exam_type","term") VALUES('exam-426acc14','acad-1',NULL,'2025-2 중간고사 - 영어','2025-10','2025-10-15',100,0,'2026-04-14T16:21:37.732Z','2026-04-14T16:21:37.732Z','midterm','2025-2');
INSERT INTO "exams" ("id","academy_id","class_id","name","exam_month","date","total_score","is_active","created_at","updated_at","exam_type","term") VALUES('exam-820b9c15','acad-1',NULL,'2025-2 중간고사 - 국어','2025-10','2025-10-15',100,0,'2026-04-14T16:21:37.732Z','2026-04-14T16:21:37.732Z','midterm','2025-2');
INSERT INTO "exams" ("id","academy_id","class_id","name","exam_month","date","total_score","is_active","created_at","updated_at","exam_type","term") VALUES('exam-3d244684','acad-1',NULL,'2025-2 중간고사 - 사회','2025-10','2025-10-15',100,0,'2026-04-14T16:21:37.732Z','2026-04-14T16:21:37.732Z','midterm','2025-2');
INSERT INTO "exams" ("id","academy_id","class_id","name","exam_month","date","total_score","is_active","created_at","updated_at","exam_type","term") VALUES('exam-bbf3f5f4','acad-1',NULL,'2025-2 중간고사 - 화학','2025-10','2025-10-15',100,0,'2026-04-14T16:21:37.732Z','2026-04-14T16:21:37.732Z','midterm','2025-2');
INSERT INTO "exams" ("id","academy_id","class_id","name","exam_month","date","total_score","is_active","created_at","updated_at","exam_type","term") VALUES('exam-3b883373','acad-1',NULL,'2025-2 중간고사 - 생물','2025-10','2025-10-15',100,0,'2026-04-14T16:21:37.732Z','2026-04-14T16:21:37.732Z','midterm','2025-2');
INSERT INTO "exams" ("id","academy_id","class_id","name","exam_month","date","total_score","is_active","created_at","updated_at","exam_type","term") VALUES('exam-9a25e212','acad-1',NULL,'2025-2 중간고사 - 역사','2025-10','2025-10-15',100,0,'2026-04-14T16:21:37.732Z','2026-04-14T16:21:37.732Z','midterm','2025-2');
INSERT INTO "exams" ("id","academy_id","class_id","name","exam_month","date","total_score","is_active","created_at","updated_at","exam_type","term") VALUES('exam-59c2d0a3','acad-1',NULL,'2025-2 중간고사 - 사탐','2025-10','2025-10-15',100,0,'2026-04-14T16:21:37.732Z','2026-04-14T16:21:37.732Z','midterm','2025-2');
INSERT INTO "exams" ("id","academy_id","class_id","name","exam_month","date","total_score","is_active","created_at","updated_at","exam_type","term") VALUES('exam-c0d9ce94','acad-1',NULL,'2025-2 중간고사 - 통합사회','2025-10','2025-10-15',100,0,'2026-04-14T16:21:37.732Z','2026-04-14T16:21:37.732Z','midterm','2025-2');
INSERT INTO "exams" ("id","academy_id","class_id","name","exam_month","date","total_score","is_active","created_at","updated_at","exam_type","term") VALUES('exam-5e060c17','acad-1',NULL,'2026년 3월 월말평가 - 사회','2026-03','2026-03-15',100,0,'2026-04-18T06:13:44.020Z','2026-04-18T06:13:44.020Z','monthly',NULL);
INSERT INTO "exams" ("id","academy_id","class_id","name","exam_month","date","total_score","is_active","created_at","updated_at","exam_type","term") VALUES('exam-e359b235','acad-1',NULL,'2026년 3월 월말평가 - 사탐','2026-03','2026-03-15',100,0,'2026-04-18T06:13:44.020Z','2026-04-18T06:13:44.020Z','monthly',NULL);
INSERT INTO "exams" ("id","academy_id","class_id","name","exam_month","date","total_score","is_active","created_at","updated_at","exam_type","term") VALUES('exam-5a571ba8','acad-1',NULL,'2026년 4월 월말평가 - 과학','2026-04','2026-04-15',100,0,'2026-04-21T06:10:33.637Z','2026-04-21T06:10:33.637Z','monthly',NULL);
INSERT INTO "exams" ("id","academy_id","class_id","name","exam_month","date","total_score","is_active","created_at","updated_at","exam_type","term") VALUES('exam-d1c32f59','acad-1',NULL,'2026년 4월 월말평가 - 사회','2026-04','2026-04-15',100,0,'2026-04-21T06:10:33.637Z','2026-04-21T06:10:33.637Z','monthly',NULL);
INSERT INTO "exams" ("id","academy_id","class_id","name","exam_month","date","total_score","is_active","created_at","updated_at","exam_type","term") VALUES('exam-c70943ab','acad-1',NULL,'2026년 4월 월말평가 - 화학','2026-04','2026-04-15',100,0,'2026-04-21T06:10:33.637Z','2026-04-21T06:10:33.637Z','monthly',NULL);
INSERT INTO "exams" ("id","academy_id","class_id","name","exam_month","date","total_score","is_active","created_at","updated_at","exam_type","term") VALUES('exam-84c581a8','acad-1',NULL,'2026년 4월 월말평가 - 생물','2026-04','2026-04-15',100,0,'2026-04-21T06:10:33.637Z','2026-04-21T06:10:33.637Z','monthly',NULL);
INSERT INTO "exams" ("id","academy_id","class_id","name","exam_month","date","total_score","is_active","created_at","updated_at","exam_type","term") VALUES('exam-74f85bdf','acad-1',NULL,'2026년 4월 월말평가 - 역사','2026-04','2026-04-15',100,0,'2026-04-21T06:10:33.637Z','2026-04-21T06:10:33.637Z','monthly',NULL);
INSERT INTO "exams" ("id","academy_id","class_id","name","exam_month","date","total_score","is_active","created_at","updated_at","exam_type","term") VALUES('exam-f466121c','acad-1',NULL,'2026년 4월 월말평가 - 사탐','2026-04','2026-04-15',100,0,'2026-04-21T06:10:33.637Z','2026-04-21T06:10:33.637Z','monthly',NULL);
INSERT INTO "exams" ("id","academy_id","class_id","name","exam_month","date","total_score","is_active","created_at","updated_at","exam_type","term") VALUES('exam-ce2ebce4','acad-1',NULL,'2026년 4월 월말평가 - 통합사회','2026-04','2026-04-15',100,0,'2026-04-21T06:10:33.637Z','2026-04-21T06:10:33.637Z','monthly',NULL);
CREATE TABLE exam_settings (
  id TEXT PRIMARY KEY,
  academy_id TEXT NOT NULL,
  active_exam_month TEXT NOT NULL,
  updated_by TEXT,
  created_at DATETIME DEFAULT CURRENT_TIMESTAMP,
  updated_at DATETIME DEFAULT CURRENT_TIMESTAMP,
  FOREIGN KEY (academy_id) REFERENCES academies(id),
  UNIQUE(academy_id)
);
INSERT INTO "exam_settings" ("id","academy_id","active_exam_month","updated_by","created_at","updated_at") VALUES('setting-8d745f37','acad-1','2026-04','user-57ppx9v61','2026-04-09T06:02:17.591Z','2026-04-21T06:10:33.041Z');
INSERT INTO "exam_settings" ("id","academy_id","active_exam_month","updated_by","created_at","updated_at") VALUES('es-canyon','acad-5386360c','2026-04','user-aa73897d','2026-04-01','2026-04-01');
CREATE TABLE student_teachers (student_id TEXT NOT NULL, teacher_id TEXT NOT NULL, created_at TEXT DEFAULT (datetime('now')), is_homeroom INTEGER NOT NULL DEFAULT 0, PRIMARY KEY (student_id, teacher_id), FOREIGN KEY (student_id) REFERENCES students(id) ON DELETE CASCADE, FOREIGN KEY (teacher_id) REFERENCES users(id) ON DELETE CASCADE);
INSERT INTO "student_teachers" ("student_id","teacher_id","created_at","is_homeroom") VALUES('student-b8tu5sggp','user-57ppx9v61','2026-04-09 17:32:38',0);
INSERT INTO "student_teachers" ("student_id","teacher_id","created_at","is_homeroom") VALUES('student-ue92sdab0','user-57ppx9v61','2026-04-09 17:32:38',0);
INSERT INTO "student_teachers" ("student_id","teacher_id","created_at","is_homeroom") VALUES('student-7gioy6c0x','user-57ppx9v61','2026-04-09 17:32:38',0);
INSERT INTO "student_teachers" ("student_id","teacher_id","created_at","is_homeroom") VALUES('student-s54ihowlx','user-57ppx9v61','2026-04-09 17:32:38',0);
INSERT INTO "student_teachers" ("student_id","teacher_id","created_at","is_homeroom") VALUES('student-9bsetl4ct','user-57ppx9v61','2026-04-09 17:32:38',0);
INSERT INTO "student_teachers" ("student_id","teacher_id","created_at","is_homeroom") VALUES('student-6cxbm886s','user-57ppx9v61','2026-04-09 17:32:38',0);
INSERT INTO "student_teachers" ("student_id","teacher_id","created_at","is_homeroom") VALUES('student-t1xikskhy','user-57ppx9v61','2026-04-09 17:32:38',0);
INSERT INTO "student_teachers" ("student_id","teacher_id","created_at","is_homeroom") VALUES('student-0mc8orloi','user-57ppx9v61','2026-04-09 17:32:38',0);
INSERT INTO "student_teachers" ("student_id","teacher_id","created_at","is_homeroom") VALUES('student-5645a3fs4','user-57ppx9v61','2026-04-09 17:32:38',1);
INSERT INTO "student_teachers" ("student_id","teacher_id","created_at","is_homeroom") VALUES('student-p3kgxnsyw','user-57ppx9v61','2026-04-09 17:32:38',0);
INSERT INTO "student_teachers" ("student_id","teacher_id","created_at","is_homeroom") VALUES('student-r558f899h','user-57ppx9v61','2026-04-09 17:32:38',0);
INSERT INTO "student_teachers" ("student_id","teacher_id","created_at","is_homeroom") VALUES('student-q5ecu8748','user-57ppx9v61','2026-04-09 17:32:38',0);
INSERT INTO "student_teachers" ("student_id","teacher_id","created_at","is_homeroom") VALUES('student-ggf2bon55','user-57ppx9v61','2026-04-09 17:32:38',0);
INSERT INTO "student_teachers" ("student_id","teacher_id","created_at","is_homeroom") VALUES('student-ni7f87smv','user-57ppx9v61','2026-04-09 17:32:38',0);
INSERT INTO "student_teachers" ("student_id","teacher_id","created_at","is_homeroom") VALUES('student-0spi35f7j','user-d8nru3xco','2026-04-09 17:32:38',0);
INSERT INTO "student_teachers" ("student_id","teacher_id","created_at","is_homeroom") VALUES('student-fbcy3xfzp','user-1fk6dqck6','2026-04-09 17:32:38',0);
INSERT INTO "student_teachers" ("student_id","teacher_id","created_at","is_homeroom") VALUES('student-fbcy3xfzp','user-i170bjn6w','2026-04-09 17:32:38',0);
INSERT INTO "student_teachers" ("student_id","teacher_id","created_at","is_homeroom") VALUES('student-fbcy3xfzp','user-57ppx9v61','2026-04-09 17:32:38',0);
INSERT INTO "student_teachers" ("student_id","teacher_id","created_at","is_homeroom") VALUES('student-a7wi0zma6','user-1fk6dqck6','2026-04-09 17:32:38',0);
INSERT INTO "student_teachers" ("student_id","teacher_id","created_at","is_homeroom") VALUES('student-a7wi0zma6','user-57ppx9v61','2026-04-09 17:32:38',0);
INSERT INTO "student_teachers" ("student_id","teacher_id","created_at","is_homeroom") VALUES('student-y1ov7jvh5','user-i170bjn6w','2026-04-09 17:32:38',0);
INSERT INTO "student_teachers" ("student_id","teacher_id","created_at","is_homeroom") VALUES('student-y1ov7jvh5','user-d8nru3xco','2026-04-09 17:32:38',0);
INSERT INTO "student_teachers" ("student_id","teacher_id","created_at","is_homeroom") VALUES('student-nb8y8m656','user-57ppx9v61','2026-04-09 17:32:38',0);
INSERT INTO "student_teachers" ("student_id","teacher_id","created_at","is_homeroom") VALUES('student-nb8y8m656','user-1fk6dqck6','2026-04-09 17:32:38',0);
INSERT INTO "student_teachers" ("student_id","teacher_id","created_at","is_homeroom") VALUES('student-nb8y8m656','user-i170bjn6w','2026-04-09 17:32:38',0);
INSERT INTO "student_teachers" ("student_id","teacher_id","created_at","is_homeroom") VALUES('student-7hpm0v6zp','user-i170bjn6w','2026-04-09 17:32:38',0);
INSERT INTO "student_teachers" ("student_id","teacher_id","created_at","is_homeroom") VALUES('student-yxu4r4ae9','user-i170bjn6w','2026-04-09 17:32:38',0);
INSERT INTO "student_teachers" ("student_id","teacher_id","created_at","is_homeroom") VALUES('student-yxu4r4ae9','user-d8nru3xco','2026-04-09 17:32:38',0);
INSERT INTO "student_teachers" ("student_id","teacher_id","created_at","is_homeroom") VALUES('student-rks9au7mm','user-i170bjn6w','2026-04-09 17:32:38',0);
INSERT INTO "student_teachers" ("student_id","teacher_id","created_at","is_homeroom") VALUES('student-rks9au7mm','user-57ppx9v61','2026-04-09 17:32:38',0);
INSERT INTO "student_teachers" ("student_id","teacher_id","created_at","is_homeroom") VALUES('student-tx3blu2og','user-i170bjn6w','2026-04-09 17:32:38',0);
INSERT INTO "student_teachers" ("student_id","teacher_id","created_at","is_homeroom") VALUES('student-tx3blu2og','user-1fk6dqck6','2026-04-09 17:32:38',0);
INSERT INTO "student_teachers" ("student_id","teacher_id","created_at","is_homeroom") VALUES('student-3mzmc3kin','user-i170bjn6w','2026-04-09 17:32:38',0);
INSERT INTO "student_teachers" ("student_id","teacher_id","created_at","is_homeroom") VALUES('student-3mzmc3kin','user-1fk6dqck6','2026-04-09 17:32:38',0);
INSERT INTO "student_teachers" ("student_id","teacher_id","created_at","is_homeroom") VALUES('stu-cy-01','user-canyon-t1','2026-03-02',0);
INSERT INTO "student_teachers" ("student_id","teacher_id","created_at","is_homeroom") VALUES('stu-cy-02','user-canyon-t1','2026-03-02',0);
INSERT INTO "student_teachers" ("student_id","teacher_id","created_at","is_homeroom") VALUES('stu-cy-02','user-canyon-t2','2026-03-02',0);
INSERT INTO "student_teachers" ("student_id","teacher_id","created_at","is_homeroom") VALUES('stu-cy-03','user-canyon-t1','2026-03-03',0);
INSERT INTO "student_teachers" ("student_id","teacher_id","created_at","is_homeroom") VALUES('stu-cy-04','user-canyon-t1','2026-03-03',0);
INSERT INTO "student_teachers" ("student_id","teacher_id","created_at","is_homeroom") VALUES('stu-cy-04','user-canyon-t2','2026-03-03',0);
INSERT INTO "student_teachers" ("student_id","teacher_id","created_at","is_homeroom") VALUES('stu-cy-05','user-canyon-t1','2026-03-04',0);
INSERT INTO "student_teachers" ("student_id","teacher_id","created_at","is_homeroom") VALUES('stu-cy-06','user-canyon-t2','2026-03-04',0);
INSERT INTO "student_teachers" ("student_id","teacher_id","created_at","is_homeroom") VALUES('stu-cy-07','user-canyon-t1','2026-03-05',0);
INSERT INTO "student_teachers" ("student_id","teacher_id","created_at","is_homeroom") VALUES('stu-cy-07','user-canyon-t2','2026-03-05',0);
INSERT INTO "student_teachers" ("student_id","teacher_id","created_at","is_homeroom") VALUES('stu-cy-08','user-canyon-t1','2026-03-05',0);
INSERT INTO "student_teachers" ("student_id","teacher_id","created_at","is_homeroom") VALUES('student-tme649c7a','user-d8nru3xco','2026-04-14 15:14:34',0);
INSERT INTO "student_teachers" ("student_id","teacher_id","created_at","is_homeroom") VALUES('student-1sdmubmes','user-d8nru3xco','2026-04-14 15:14:34',0);
INSERT INTO "student_teachers" ("student_id","teacher_id","created_at","is_homeroom") VALUES('student-xi4i833h1','user-d8nru3xco','2026-04-14 15:14:34',0);
INSERT INTO "student_teachers" ("student_id","teacher_id","created_at","is_homeroom") VALUES('student-j59157jnh','user-d8nru3xco','2026-04-14 15:14:34',0);
INSERT INTO "student_teachers" ("student_id","teacher_id","created_at","is_homeroom") VALUES('student-4s1rdnhpb','user-d8nru3xco','2026-04-14 15:14:34',0);
INSERT INTO "student_teachers" ("student_id","teacher_id","created_at","is_homeroom") VALUES('student-j5ohbrke6','user-57ppx9v61','2026-04-14 15:19:15',0);
INSERT INTO "student_teachers" ("student_id","teacher_id","created_at","is_homeroom") VALUES('student-k8kamd4y8','user-d8nru3xco','2026-04-14 15:19:15',0);
INSERT INTO "student_teachers" ("student_id","teacher_id","created_at","is_homeroom") VALUES('student-irubin80104','user-d8nru3xco','2026-04-14 15:21:50',0);
INSERT INTO "student_teachers" ("student_id","teacher_id","created_at","is_homeroom") VALUES('student-mtoq5wqb6','user-57ppx9v61','2026-04-16 15:26:42',0);
INSERT INTO "student_teachers" ("student_id","teacher_id","created_at","is_homeroom") VALUES('student-vosetxjdm','user-57ppx9v61','2026-04-18 11:13:37',0);
CREATE TABLE report_sends (id TEXT PRIMARY KEY, academy_id TEXT NOT NULL, student_id TEXT NOT NULL, year_month TEXT NOT NULL, share_url TEXT NOT NULL, image_path TEXT NOT NULL, sent_by TEXT NOT NULL, sent_at TEXT NOT NULL, UNIQUE(academy_id, student_id, year_month));
INSERT INTO "report_sends" ("id","academy_id","student_id","year_month","share_url","image_path","sent_by","sent_at") VALUES('send-a3a09d19','acad-1','student-ap2p40lx7','2026-03','https://wawa-smart-erp-api.zeskywa499.workers.dev/api/report/image/reports/acad-1/2026-03_최보은_report-b9456e50.png','reports/acad-1/2026-03_최보은_report-b9456e50.png','user-1fk6dqck6','2026-04-10T06:47:17.229Z');
INSERT INTO "report_sends" ("id","academy_id","student_id","year_month","share_url","image_path","sent_by","sent_at") VALUES('send-97169bbc','acad-1','student-ryf96197t','2026-03','https://wawa-smart-erp-api.zeskywa499.workers.dev/api/report/image/reports/acad-1/2026-03_임지안_report-e8aaf271.png','reports/acad-1/2026-03_임지안_report-e8aaf271.png','user-1fk6dqck6','2026-04-10T06:48:07.885Z');
INSERT INTO "report_sends" ("id","academy_id","student_id","year_month","share_url","image_path","sent_by","sent_at") VALUES('send-91eabea0','acad-1','student-a7wi0zma6','2026-03','https://wawa-smart-erp-api.zeskywa499.workers.dev/api/report/image/reports/acad-1/2026-03_정지효_report-2372f019.png','reports/acad-1/2026-03_정지효_report-2372f019.png','user-1fk6dqck6','2026-04-10T06:48:49.770Z');
INSERT INTO "report_sends" ("id","academy_id","student_id","year_month","share_url","image_path","sent_by","sent_at") VALUES('send-4e58f918','acad-1','student-tx3blu2og','2026-03','https://wawa-smart-erp-api.zeskywa499.workers.dev/api/report/image/reports/acad-1/2026-03_장혜연_report-754b6262.png','reports/acad-1/2026-03_장혜연_report-754b6262.png','user-1fk6dqck6','2026-04-10T06:53:02.523Z');
INSERT INTO "report_sends" ("id","academy_id","student_id","year_month","share_url","image_path","sent_by","sent_at") VALUES('send-b914f0ef','acad-1','student-3mzmc3kin','2026-03','https://wawa-smart-erp-api.zeskywa499.workers.dev/api/report/image/reports/acad-1/2026-03_장혜정_report-a88ad298.png','reports/acad-1/2026-03_장혜정_report-a88ad298.png','user-1fk6dqck6','2026-04-10T06:55:28.601Z');
INSERT INTO "report_sends" ("id","academy_id","student_id","year_month","share_url","image_path","sent_by","sent_at") VALUES('send-11d2399d','acad-1','student-5645a3fs4','2026-03','https://wawa-smart-erp-api.zeskywa499.workers.dev/api/report/image/reports/acad-1/2026-03_강은서_report-49227e62.png','reports/acad-1/2026-03_강은서_report-49227e62.png','user-57ppx9v61','2026-04-13T02:20:11.441Z');
INSERT INTO "report_sends" ("id","academy_id","student_id","year_month","share_url","image_path","sent_by","sent_at") VALUES('send-5c49e5b6','acad-5386360c','stu-cy-02','2026-04','https://wawa-smart-erp-api.zeskywa499.workers.dev/api/report/image/reports/acad-5386360c/2026-04_럭스_report-1de7d95a.png','reports/acad-5386360c/2026-04_럭스_report-1de7d95a.png','user-canyon-t1','2026-04-13T09:28:26.338Z');
INSERT INTO "report_sends" ("id","academy_id","student_id","year_month","share_url","image_path","sent_by","sent_at") VALUES('send-bf55f794','acad-1','student-wfade2mly','2026-03','https://wawa-smart-erp-api.zeskywa499.workers.dev/api/report/image/reports/acad-1/2026-03_test_report-8264fd30.png','reports/acad-1/2026-03_test_report-8264fd30.png','user-1fk6dqck6','2026-04-10T05:30:37.696Z');
INSERT INTO "report_sends" ("id","academy_id","student_id","year_month","share_url","image_path","sent_by","sent_at") VALUES('send-dfcc7295','acad-1','student-odmyl712f','2026-03','https://wawa-smart-erp-api.zeskywa499.workers.dev/api/report/image/reports/acad-1/2026-03_권도훈_report-5fab34db.png','reports/acad-1/2026-03_권도훈_report-5fab34db.png','user-1fk6dqck6','2026-04-09T17:38:14.243Z');
INSERT INTO "report_sends" ("id","academy_id","student_id","year_month","share_url","image_path","sent_by","sent_at") VALUES('send-40d7ae3a','acad-1','student-4s1rdnhpb','2026-03','https://wawa-smart-erp-api.zeskywa499.workers.dev/api/report/image/reports/acad-1/2026-03_권순우_report-006f6c00.png','reports/acad-1/2026-03_권순우_report-006f6c00.png','user-1fk6dqck6','2026-04-09T17:55:37.494Z');
INSERT INTO "report_sends" ("id","academy_id","student_id","year_month","share_url","image_path","sent_by","sent_at") VALUES('send-3bed2d8f','acad-1','student-i7k4uy8ml','2026-03','https://wawa-smart-erp-api.zeskywa499.workers.dev/api/report/image/reports/acad-1/2026-03_김덕연_report-e2982ca3.png','reports/acad-1/2026-03_김덕연_report-e2982ca3.png','user-1fk6dqck6','2026-04-09T17:03:25.888Z');
INSERT INTO "report_sends" ("id","academy_id","student_id","year_month","share_url","image_path","sent_by","sent_at") VALUES('send-d38694d7','acad-1','student-s54ihowlx','2026-03','https://wawa-smart-erp-api.zeskywa499.workers.dev/api/report/image/reports/acad-1/2026-03_박동진_report-23b0209f.png','reports/acad-1/2026-03_박동진_report-23b0209f.png','user-1fk6dqck6','2026-04-10T05:30:52.105Z');
INSERT INTO "report_sends" ("id","academy_id","student_id","year_month","share_url","image_path","sent_by","sent_at") VALUES('send-60477ef1','acad-1','student-y1ov7jvh5','2026-03','https://wawa-smart-erp-api.zeskywa499.workers.dev/api/report/image/reports/acad-1/2026-03_박예원_report-eda0aa18.png','reports/acad-1/2026-03_박예원_report-eda0aa18.png','user-1fk6dqck6','2026-04-10T05:30:04.365Z');
INSERT INTO "report_sends" ("id","academy_id","student_id","year_month","share_url","image_path","sent_by","sent_at") VALUES('send-2177add9','acad-1','student-yxu4r4ae9','2026-03','https://wawa-smart-erp-api.zeskywa499.workers.dev/api/report/image/reports/acad-1/2026-03_박예지_report-a1fe0557.png','reports/acad-1/2026-03_박예지_report-a1fe0557.png','user-1fk6dqck6','2026-04-10T05:33:15.520Z');
INSERT INTO "report_sends" ("id","academy_id","student_id","year_month","share_url","image_path","sent_by","sent_at") VALUES('send-4be3bc5c','acad-1','student-8p9l1h85l','2026-03','https://wawa-smart-erp-api.zeskywa499.workers.dev/api/report/image/reports/acad-1/2026-03_윤슬아_report-ed42fdb6.png','reports/acad-1/2026-03_윤슬아_report-ed42fdb6.png','user-1fk6dqck6','2026-04-10T06:22:38.036Z');
INSERT INTO "report_sends" ("id","academy_id","student_id","year_month","share_url","image_path","sent_by","sent_at") VALUES('send-daa416cf','acad-1','student-fbcy3xfzp','2026-03','https://wawa-smart-erp-api.zeskywa499.workers.dev/api/report/image/reports/acad-1/2026-03_윤지후_report-d073449e.png','reports/acad-1/2026-03_윤지후_report-d073449e.png','user-1fk6dqck6','2026-04-10T06:15:56.516Z');
INSERT INTO "report_sends" ("id","academy_id","student_id","year_month","share_url","image_path","sent_by","sent_at") VALUES('send-6fdcadda','acad-1','student-p3kgxnsyw','2026-03','https://wawa-smart-erp-api.zeskywa499.workers.dev/api/report/image/reports/acad-1/2026-03_최예지_report-b9b7e2d5.png','reports/acad-1/2026-03_최예지_report-b9b7e2d5.png','user-1fk6dqck6','2026-04-09T16:25:20.079Z');
INSERT INTO "report_sends" ("id","academy_id","student_id","year_month","share_url","image_path","sent_by","sent_at") VALUES('send-b130e215','acad-1','student-wfade2mly','2026-04','https://wawa-smart-erp-api.zeskywa499.workers.dev/api/report/image/reports/acad-1/2026-04_test_report-5feac9f2.png','reports/acad-1/2026-04_test_report-5feac9f2.png','user-1fk6dqck6','2026-04-09T16:06:51.238Z');
INSERT INTO "report_sends" ("id","academy_id","student_id","year_month","share_url","image_path","sent_by","sent_at") VALUES('send-96437e80','acad-1','student-r558f899h','2026-03','https://wawa-smart-erp-api.zeskywa499.workers.dev/api/report/image/reports/acad-1/2026-03_김태영_report-620e8eca.png','reports/acad-1/2026-03_김태영_report-620e8eca.png','user-57ppx9v61','2026-04-20T02:38:33.760Z');
CREATE TABLE class_students (id TEXT PRIMARY KEY, class_id TEXT NOT NULL, student_id TEXT NOT NULL, created_at TEXT DEFAULT (datetime('now')), FOREIGN KEY (class_id) REFERENCES classes(id) ON DELETE CASCADE, FOREIGN KEY (student_id) REFERENCES students(id) ON DELETE CASCADE, UNIQUE(class_id, student_id));
INSERT INTO "class_students" ("id","class_id","student_id","created_at") VALUES('d17c0d5d-aceb-4130-b9bf-b98d1ef41cc3','class-lx4n27t7g','student-wfade2mly','2026-04-10 11:13:49');
CREATE TABLE absences (id TEXT PRIMARY KEY, student_id TEXT NOT NULL, class_id TEXT NOT NULL, absence_date DATE NOT NULL, reason TEXT DEFAULT '', notified_by TEXT DEFAULT '', notified_at TEXT, status TEXT DEFAULT 'absent', recorded_by TEXT, created_at TEXT DEFAULT (datetime('now')), FOREIGN KEY (student_id) REFERENCES students(id), FOREIGN KEY (class_id) REFERENCES classes(id), UNIQUE(student_id, class_id, absence_date));
INSERT INTO "absences" ("id","student_id","class_id","absence_date","reason","notified_by","notified_at","status","recorded_by","created_at") VALUES('abs-cy-01','stu-cy-03','class-default-acad-5386360c','2026-04-09','바람따라 어디론가...','요네(형) 전화','2026-04-09T08:00:00Z','absent','user-canyon-t1','2026-04-09');
INSERT INTO "absences" ("id","student_id","class_id","absence_date","reason","notified_by","notified_at","status","recorded_by","created_at") VALUES('abs-cy-02','stu-cy-06','class-default-acad-5386360c','2026-04-08','녹서스 가문 행사','타론 카톡','2026-04-07T20:00:00Z','makeup_scheduled','user-canyon-t2','2026-04-08');
INSERT INTO "absences" ("id","student_id","class_id","absence_date","reason","notified_by","notified_at","status","recorded_by","created_at") VALUES('abs-cy-03','stu-cy-05','class-default-acad-5386360c','2026-04-10','실험 사고(경미)','바이(언니) 전화','2026-04-10T15:00:00Z','absent','user-canyon-t1','2026-04-10');
INSERT INTO "absences" ("id","student_id","class_id","absence_date","reason","notified_by","notified_at","status","recorded_by","created_at") VALUES('acf4f49e-ca37-4162-862d-6b5d573ee013','stu-cy-02','class-default-acad-5386360c','2026-04-13','수업마침 일괄 결석','',NULL,'makeup_scheduled','user-canyon-t2','2026-04-13 05:19:10');
INSERT INTO "absences" ("id","student_id","class_id","absence_date","reason","notified_by","notified_at","status","recorded_by","created_at") VALUES('8888f509-1ff4-4c1e-9176-9d9c4fe8f062','student-nb8y8m656','class-eixv4zizk','2026-04-14','컨디숀 이슈','서재용',NULL,'makeup_done','user-57ppx9v61','2026-04-15 02:27:08');
INSERT INTO "absences" ("id","student_id","class_id","absence_date","reason","notified_by","notified_at","status","recorded_by","created_at") VALUES('7bd63064-f491-4c8d-8e32-4e29c5ffb27a','student-6cxbm886s','class-rossfz6wm','2026-04-09','늦잠 ISIUUUUUU','서재용',NULL,'makeup_done','user-57ppx9v61','2026-04-15 02:34:27');
INSERT INTO "absences" ("id","student_id","class_id","absence_date","reason","notified_by","notified_at","status","recorded_by","created_at") VALUES('49aed13b-43a6-4b62-a55a-902117000fb3','student-5645a3fs4','class-pdnopundv','2026-04-16','학교 스케줄','서재용',NULL,'makeup_scheduled','user-57ppx9v61','2026-04-16 07:13:23');
INSERT INTO "absences" ("id","student_id","class_id","absence_date","reason","notified_by","notified_at","status","recorded_by","created_at") VALUES('3dc81f09-6cb8-45a6-9962-dffb5ede8759','student-9bsetl4ct','class-pdnopundv','2026-04-16','학교 일정','서재용',NULL,'makeup_done','user-57ppx9v61','2026-04-16 08:08:32');
INSERT INTO "absences" ("id","student_id","class_id","absence_date","reason","notified_by","notified_at","status","recorded_by","created_at") VALUES('fb910c30-ddbb-459c-9962-ec32eb4ce158','stu-cy-07','class-default-acad-5386360c','2026-04-17','아픔','소라카',NULL,'makeup_scheduled','user-canyon-t2','2026-04-17 05:08:21');
INSERT INTO "absences" ("id","student_id","class_id","absence_date","reason","notified_by","notified_at","status","recorded_by","created_at") VALUES('e89f5dc6-e4c8-4b92-816e-4dea0d3b5abd','stu-cy-06','class-default-acad-5386360c','2026-04-17','ㅏㅑㅑㅏ','소라카',NULL,'makeup_scheduled','user-canyon-t2','2026-04-17 05:09:06');
INSERT INTO "absences" ("id","student_id","class_id","absence_date","reason","notified_by","notified_at","status","recorded_by","created_at") VALUES('67a3d75e-01e6-403e-99fd-c6834b6710e6','student-ue92sdab0','class-rossfz6wm','2026-04-16','체험학습','서재용',NULL,'absent','user-57ppx9v61','2026-04-17 06:20:27');
INSERT INTO "absences" ("id","student_id","class_id","absence_date","reason","notified_by","notified_at","status","recorded_by","created_at") VALUES('337626f1-8c84-4d70-aa65-8a38b0de23d7','student-r558f899h','class-zpt42bgng','2026-04-17','병원간다고 30분만 수업하고 1시간 보강이 필요함','서재용',NULL,'absent','user-57ppx9v61','2026-04-17 09:23:43');
INSERT INTO "absences" ("id","student_id","class_id","absence_date","reason","notified_by","notified_at","status","recorded_by","created_at") VALUES('b1ecaa7b-44bc-43a4-b236-fc03ac5556fd','student-b8tu5sggp','class-j3vi6xrku','2026-04-18','개인사유, 1시간 일요일 보강','서재용',NULL,'makeup_done','user-57ppx9v61','2026-04-18 04:09:30');
INSERT INTO "absences" ("id","student_id","class_id","absence_date","reason","notified_by","notified_at","status","recorded_by","created_at") VALUES('3143e883-fb9f-4d3c-be99-1ff3803aff8e','student-p3kgxnsyw','class-pcukk6gzy','2026-04-21','아돈노','서재용',NULL,'absent','user-57ppx9v61','2026-04-21 23:10:42');
INSERT INTO "absences" ("id","student_id","class_id","absence_date","reason","notified_by","notified_at","status","recorded_by","created_at") VALUES('a26d0487-54ee-43bc-a512-526b56ef112a','student-a7wi0zma6','class-bxbvgxolu','2026-04-21','질병이슈','서재용',NULL,'absent','user-57ppx9v61','2026-04-21 23:11:07');
CREATE TABLE makeups (id TEXT PRIMARY KEY, absence_id TEXT NOT NULL, scheduled_date DATE, completed_date DATE, status TEXT DEFAULT 'pending', notes TEXT DEFAULT '', created_at TEXT DEFAULT (datetime('now')), updated_at TEXT DEFAULT (datetime('now')), scheduled_start_time TEXT, scheduled_end_time TEXT, FOREIGN KEY (absence_id) REFERENCES absences(id) ON DELETE CASCADE, UNIQUE(absence_id));
INSERT INTO "makeups" ("id","absence_id","scheduled_date","completed_date","status","notes","created_at","updated_at","scheduled_start_time","scheduled_end_time") VALUES('mkp-cy-01','abs-cy-01','2026-04-14',NULL,'scheduled','월요일 보강. 요네 형이 꼭 데려온다고 약속','2026-04-09','2026-04-09',NULL,NULL);
INSERT INTO "makeups" ("id","absence_id","scheduled_date","completed_date","status","notes","created_at","updated_at","scheduled_start_time","scheduled_end_time") VALUES('mkp-cy-02','abs-cy-02','2026-04-19',NULL,'scheduled','','2026-04-08','2026-04-13 09:29:08',NULL,NULL);
INSERT INTO "makeups" ("id","absence_id","scheduled_date","completed_date","status","notes","created_at","updated_at","scheduled_start_time","scheduled_end_time") VALUES('mkp-cy-03','abs-cy-03','2026-04-12',NULL,'scheduled','토요일 14시. 바이 언니가 데려다주기로 함','2026-04-10','2026-04-10',NULL,NULL);
INSERT INTO "makeups" ("id","absence_id","scheduled_date","completed_date","status","notes","created_at","updated_at","scheduled_start_time","scheduled_end_time") VALUES('2034286d-da8e-46a6-8159-11a50254bf2c','acf4f49e-ca37-4162-862d-6b5d573ee013','2026-04-19',NULL,'scheduled','','2026-04-13 05:19:10','2026-04-13 06:07:19',NULL,NULL);
INSERT INTO "makeups" ("id","absence_id","scheduled_date","completed_date","status","notes","created_at","updated_at","scheduled_start_time","scheduled_end_time") VALUES('5fee5438-0bf2-4a3a-8ba6-eff5f1b1294f','8888f509-1ff4-4c1e-9176-9d9c4fe8f062','2026-04-18','2026-04-19','completed','','2026-04-15 02:27:08','2026-04-19 09:49:27',NULL,NULL);
INSERT INTO "makeups" ("id","absence_id","scheduled_date","completed_date","status","notes","created_at","updated_at","scheduled_start_time","scheduled_end_time") VALUES('d1e62fcc-3e12-47f1-bd65-e0567152270a','7bd63064-f491-4c8d-8e32-4e29c5ffb27a','2026-04-19','2026-04-19','completed','','2026-04-15 02:34:27','2026-04-19 09:47:52',NULL,NULL);
INSERT INTO "makeups" ("id","absence_id","scheduled_date","completed_date","status","notes","created_at","updated_at","scheduled_start_time","scheduled_end_time") VALUES('bcc7949c-5733-4091-bce5-93adda70ee15','49aed13b-43a6-4b62-a55a-902117000fb3','2026-04-23',NULL,'scheduled','1시간 30분 추가 ','2026-04-16 07:13:23','2026-04-18 04:10:43',NULL,NULL);
INSERT INTO "makeups" ("id","absence_id","scheduled_date","completed_date","status","notes","created_at","updated_at","scheduled_start_time","scheduled_end_time") VALUES('9c8045b5-5fdb-4c05-8fed-85f82dad65e7','3dc81f09-6cb8-45a6-9962-dffb5ede8759','2026-04-23','2026-04-21','completed','','2026-04-16 08:08:33','2026-04-21 08:30:08',NULL,NULL);
INSERT INTO "makeups" ("id","absence_id","scheduled_date","completed_date","status","notes","created_at","updated_at","scheduled_start_time","scheduled_end_time") VALUES('2dd1d7c3-8c66-458c-915c-5c6c20e99fcc','fb910c30-ddbb-459c-9962-ec32eb4ce158','2026-04-17',NULL,'scheduled','','2026-04-17 05:08:22','2026-04-17 05:08:41',NULL,NULL);
INSERT INTO "makeups" ("id","absence_id","scheduled_date","completed_date","status","notes","created_at","updated_at","scheduled_start_time","scheduled_end_time") VALUES('aa72092b-5581-4116-9e8d-1d361504d0d2','e89f5dc6-e4c8-4b92-816e-4dea0d3b5abd','0026-04-18',NULL,'scheduled','','2026-04-17 05:09:06','2026-04-17 05:09:17',NULL,NULL);
INSERT INTO "makeups" ("id","absence_id","scheduled_date","completed_date","status","notes","created_at","updated_at","scheduled_start_time","scheduled_end_time") VALUES('38b50deb-f7bc-4c4f-8180-7d24da209f14','67a3d75e-01e6-403e-99fd-c6834b6710e6',NULL,NULL,'pending','','2026-04-17 06:20:27','2026-04-17 06:20:27',NULL,NULL);
INSERT INTO "makeups" ("id","absence_id","scheduled_date","completed_date","status","notes","created_at","updated_at","scheduled_start_time","scheduled_end_time") VALUES('dd1bf49b-7a04-436a-9416-81c879fd2797','337626f1-8c84-4d70-aa65-8a38b0de23d7',NULL,NULL,'pending','','2026-04-17 09:23:44','2026-04-17 09:23:44',NULL,NULL);
INSERT INTO "makeups" ("id","absence_id","scheduled_date","completed_date","status","notes","created_at","updated_at","scheduled_start_time","scheduled_end_time") VALUES('ed8eeef6-08cb-400c-9e11-b5efadce521c','b1ecaa7b-44bc-43a4-b236-fc03ac5556fd','2026-04-19','2026-04-19','completed','','2026-04-18 04:09:30','2026-04-19 09:49:20',NULL,NULL);
INSERT INTO "makeups" ("id","absence_id","scheduled_date","completed_date","status","notes","created_at","updated_at","scheduled_start_time","scheduled_end_time") VALUES('2f0b0273-cdb2-44b6-a9cf-6e24671634de','3143e883-fb9f-4d3c-be99-1ff3803aff8e',NULL,NULL,'pending','','2026-04-21 23:10:43','2026-04-21 23:10:43',NULL,NULL);
INSERT INTO "makeups" ("id","absence_id","scheduled_date","completed_date","status","notes","created_at","updated_at","scheduled_start_time","scheduled_end_time") VALUES('28400b56-56a3-46fb-8be8-bd982f7e4cc6','a26d0487-54ee-43bc-a512-526b56ef112a',NULL,NULL,'pending','','2026-04-21 23:11:07','2026-04-21 23:11:07',NULL,NULL);
CREATE TABLE notices (id TEXT PRIMARY KEY, academy_id TEXT NOT NULL, author_id TEXT NOT NULL, title TEXT NOT NULL, content TEXT DEFAULT '', category TEXT DEFAULT 'general', is_pinned INTEGER DEFAULT 0, due_date DATE, created_at TEXT DEFAULT (datetime('now')), updated_at TEXT DEFAULT (datetime('now')), FOREIGN KEY (academy_id) REFERENCES academies(id), FOREIGN KEY (author_id) REFERENCES users(id));
INSERT INTO "notices" ("id","academy_id","author_id","title","content","category","is_pinned","due_date","created_at","updated_at") VALUES('ntc-cy-01','acad-5386360c','user-aa73897d','4월 월말평가 안내','4월 25일(금) 수학/영어 월말평가\n\n시험 범위:\n- 수학: 4월 전범위 (하이머딩거 선생님)\n- 영어: Unit 3~4 (소라카 선생님)\n\n학생들에게 미리 안내 부탁드립니다.\n특히 야스오는 시험 당일 반드시 출석하도록 요네 형에게도 연락 부탁.','exam',1,'2026-04-25','2026-04-07','2026-04-07');
INSERT INTO "notices" ("id","academy_id","author_id","title","content","category","is_pinned","due_date","created_at","updated_at") VALUES('ntc-cy-02','acad-5386360c','user-aa73897d','학부모 상담 주간 (4/21~25)','이번 주 학부모 상담입니다.\n\n특별 유의 학생:\n- 야스오: 출결 문제 → 요네 형과 상담 필수\n- 징크스: 수업 태도 → 바이 언니와 상담\n- 이즈리얼: 집중력 → 아버지와 상담\n\n각 선생님께서 담당 보호자와 시간 조율 부탁드립니다.','general',0,'2026-04-21','2026-04-10','2026-04-10');
INSERT INTO "notices" ("id","academy_id","author_id","title","content","category","is_pinned","due_date","created_at","updated_at") VALUES('ntc-cy-03','acad-5386360c','user-canyon-t1','중2 수학 교재 변경','야스오, 아리 학생 수학 교재를\n"개념원리 RPM" → "쎈 수학"으로 변경합니다.\n\n사유: 야스오 학생에게 더 많은 연습 문제가 필요.\n4월 셋째 주부터 적용.','general',0,NULL,'2026-04-08','2026-04-08');
INSERT INTO "notices" ("id","academy_id","author_id","title","content","category","is_pinned","due_date","created_at","updated_at") VALUES('206a4b43-ea10-47b5-845d-62d24b920a67','acad-1','user-57ppx9v61','[회의록] 4월 학습 방향 논의',replace('4월 학습 방향 논의 회의에서는 중간고사 준비에 대한 전략을 세웠습니다. 수학 기본 개념 복습의 필요성이 제기되었으며, 특히 중2 학생들의 함수 파트 보강을 위해 다음 주부터 보충 수업을 진행하기로 결정했습니다. 또한, 고1 학생들의 내신 대비를 위해 주 1회 모의고사를 실시하여 5월 중간고사 전까지 총 4회 진행할 계획입니다.\n\n주요 결정사항:\n1. 중2 학생 함수 파트 보충 수업 진행\n2. 고1 학생 내신 대비 모의고사 주 1회 실시','\n',char(10)),'meeting',0,NULL,'2026-04-13 15:08:44','2026-04-13 15:08:44');
INSERT INTO "notices" ("id","academy_id","author_id","title","content","category","is_pinned","due_date","created_at","updated_at") VALUES('3592371a-9e21-42f5-9a5c-a0dbf527d59c','acad-1','user-57ppx9v61','아동학대 신고자 의무 교육 (사이버교육 이수 후 이수증 제출)',replace('- 경기도 평생학습포털: (https://www.gseek.kr)\n- 서울시 평생학습포털: (http://sll.seoul.go.kr)','\n',char(10)),'education',1,'2026-05-31','2026-04-16 14:49:13','2026-04-16 14:49:13');
CREATE TABLE notice_reads (id TEXT PRIMARY KEY, notice_id TEXT NOT NULL, user_id TEXT NOT NULL, read_at TEXT DEFAULT (datetime('now')), FOREIGN KEY (notice_id) REFERENCES notices(id) ON DELETE CASCADE, FOREIGN KEY (user_id) REFERENCES users(id), UNIQUE(notice_id, user_id));
INSERT INTO "notice_reads" ("id","notice_id","user_id","read_at") VALUES('805d7d4b-6733-48f6-9e19-72388d3c16e7','ntc-cy-01','user-canyon-t2','2026-04-13 05:12:27');
CREATE TABLE action_items (id TEXT PRIMARY KEY, academy_id TEXT NOT NULL, notice_id TEXT, title TEXT NOT NULL, description TEXT DEFAULT '', assigned_to TEXT NOT NULL, assigned_by TEXT NOT NULL, due_date DATE, status TEXT DEFAULT 'pending', completed_at TEXT, created_at TEXT DEFAULT (datetime('now')), updated_at TEXT DEFAULT (datetime('now')), FOREIGN KEY (academy_id) REFERENCES academies(id), FOREIGN KEY (notice_id) REFERENCES notices(id) ON DELETE SET NULL, FOREIGN KEY (assigned_to) REFERENCES users(id), FOREIGN KEY (assigned_by) REFERENCES users(id));
INSERT INTO "action_items" ("id","academy_id","notice_id","title","description","assigned_to","assigned_by","due_date","status","completed_at","created_at","updated_at") VALUES('ai-cy-01','acad-5386360c','ntc-cy-01','수학 월말평가 출제','4월 수학 월말평가 문제 출제 (중1~고1 난이도별)','user-canyon-t1','user-aa73897d','2026-04-20','pending',NULL,'2026-04-07','2026-04-07');
INSERT INTO "action_items" ("id","academy_id","notice_id","title","description","assigned_to","assigned_by","due_date","status","completed_at","created_at","updated_at") VALUES('ai-cy-02','acad-5386360c','ntc-cy-01','영어 월말평가 출제','Unit 3~4 범위 영어 문제 출제','user-canyon-t2','user-aa73897d','2026-04-20','pending',NULL,'2026-04-07','2026-04-07');
INSERT INTO "action_items" ("id","academy_id","notice_id","title","description","assigned_to","assigned_by","due_date","status","completed_at","created_at","updated_at") VALUES('ai-cy-03','acad-5386360c','ntc-cy-02','학부모 상담 일정 (수학반)','이즈리얼 아버지, 요네, 바이, 이렐리아 어머니 상담','user-canyon-t1','user-aa73897d','2026-04-18','completed','2026-04-13 06:19:24','2026-04-10','2026-04-13 06:19:24');
INSERT INTO "action_items" ("id","academy_id","notice_id","title","description","assigned_to","assigned_by","due_date","status","completed_at","created_at","updated_at") VALUES('ai-cy-04','acad-5386360c','ntc-cy-02','학부모 상담 일정 (영어반)','가렌, 아리 어머니, 타론, 이렐리아 어머니 상담','user-canyon-t2','user-aa73897d','2026-04-18','pending',NULL,'2026-04-10','2026-04-10');
INSERT INTO "action_items" ("id","academy_id","notice_id","title","description","assigned_to","assigned_by","due_date","status","completed_at","created_at","updated_at") VALUES('ai-cy-05','acad-5386360c',NULL,'야스오 방정식 보충 프린트','방정식 기초 보충 프린트 3장 준비','user-canyon-t1','user-canyon-t1','2026-04-14','completed','2026-04-12T10:00:00Z','2026-04-08','2026-04-12');
INSERT INTO "action_items" ("id","academy_id","notice_id","title","description","assigned_to","assigned_by","due_date","status","completed_at","created_at","updated_at") VALUES('29b89281-c2cf-4ba3-97b9-93511903a84d','acad-1',NULL,'박도윤 온보딩',replace('박도윤 수업 다시 시작\n화 13:00~ 14:00 , 토 13:00\n검정고시 및 수능 준비 커리큘럼으로 준비','\n',char(10)),'user-57ppx9v61','user-57ppx9v61','2026-05-01','pending','2026-04-17 10:15:39','2026-04-17 08:43:54','2026-04-17 10:15:44');
INSERT INTO "action_items" ("id","academy_id","notice_id","title","description","assigned_to","assigned_by","due_date","status","completed_at","created_at","updated_at") VALUES('0ffd502e-8de0-4599-b57e-976251cab797','acad-1',NULL,'4월 정기고사 감독','10시 30분까지 출근 ㄱㄱ','user-57ppx9v61','user-57ppx9v61','2026-04-18','completed','2026-04-20 01:20:27','2026-04-17 09:02:14','2026-04-20 01:20:27');
INSERT INTO "action_items" ("id","academy_id","notice_id","title","description","assigned_to","assigned_by","due_date","status","completed_at","created_at","updated_at") VALUES('c77f0db4-0c62-4fd3-a3ff-da38b10640b6','acad-1',NULL,'강은서 정기고사 주장에 시험','','user-57ppx9v61','user-57ppx9v61','2026-04-23','pending',NULL,'2026-04-18 02:21:17','2026-04-18 02:21:17');
CREATE TABLE exam_review_settings (
  id TEXT PRIMARY KEY,
  academy_id TEXT NOT NULL,
  active_term TEXT NOT NULL,          -- '2026-1'
  active_exam_type TEXT NOT NULL,     -- 'midterm' | 'final'
  updated_by TEXT,
  created_at DATETIME DEFAULT CURRENT_TIMESTAMP,
  updated_at DATETIME DEFAULT CURRENT_TIMESTAMP,
  FOREIGN KEY (academy_id) REFERENCES academies(id),
  UNIQUE(academy_id)
);
INSERT INTO "exam_review_settings" ("id","academy_id","active_term","active_exam_type","updated_by","created_at","updated_at") VALUES('review-setting-0c1fbe30','acad-1','2025-2','midterm','user-57ppx9v61','2026-04-11T13:26:06.045Z','2026-04-14T16:21:37.115Z');
CREATE TABLE exam_review_sends (
  id TEXT PRIMARY KEY,
  academy_id TEXT NOT NULL,
  student_id TEXT NOT NULL,
  term TEXT NOT NULL,
  exam_type TEXT NOT NULL,
  share_url TEXT NOT NULL,
  image_path TEXT NOT NULL,
  sent_by TEXT NOT NULL,
  sent_at TEXT NOT NULL,
  UNIQUE(academy_id, student_id, term, exam_type)
);
INSERT INTO "exam_review_sends" ("id","academy_id","student_id","term","exam_type","share_url","image_path","sent_by","sent_at") VALUES('review-send-817b616c','acad-1','student-wfade2mly','2025-2','midterm','https://wawa-smart-erp-api.zeskywa499.workers.dev/api/report/image/reports/acad-1/2025-2_midterm_test_report-d5bcf4f5.png','reports/acad-1/2025-2_midterm_test_report-d5bcf4f5.png','user-57ppx9v61','2026-04-11T13:28:34.288Z');
INSERT INTO "exam_review_sends" ("id","academy_id","student_id","term","exam_type","share_url","image_path","sent_by","sent_at") VALUES('review-send-f5242e81','acad-1','student-ni7f87smv','2025-2','midterm','https://wawa-smart-erp-api.zeskywa499.workers.dev/api/report/image/reports/acad-1/2025-2_midterm_김은지_report-4750b29b.png','reports/acad-1/2025-2_midterm_김은지_report-4750b29b.png','user-57ppx9v61','2026-04-12T05:13:29.125Z');
CREATE TABLE d1_migrations(
		id         INTEGER PRIMARY KEY AUTOINCREMENT,
		name       TEXT UNIQUE,
		applied_at TIMESTAMP DEFAULT CURRENT_TIMESTAMP NOT NULL
);
INSERT INTO "d1_migrations" ("id","name","applied_at") VALUES(1,'001_init.sql','2026-04-11 14:10:35');
INSERT INTO "d1_migrations" ("id","name","applied_at") VALUES(2,'002_add_exam_month.sql','2026-04-13 04:21:08');
INSERT INTO "d1_migrations" ("id","name","applied_at") VALUES(3,'003_exam_settings.sql','2026-04-13 04:21:08');
INSERT INTO "d1_migrations" ("id","name","applied_at") VALUES(4,'004_add_subjects.sql','2026-04-13 04:21:08');
INSERT INTO "d1_migrations" ("id","name","applied_at") VALUES(5,'005_fix_exams_schema.sql','2026-04-13 04:21:08');
INSERT INTO "d1_migrations" ("id","name","applied_at") VALUES(6,'006_student_teachers.sql','2026-04-13 04:21:08');
INSERT INTO "d1_migrations" ("id","name","applied_at") VALUES(7,'006_student_teachers_data.sql','2026-04-13 04:21:08');
INSERT INTO "d1_migrations" ("id","name","applied_at") VALUES(8,'007_report_sends.sql','2026-04-13 04:21:08');
INSERT INTO "d1_migrations" ("id","name","applied_at") VALUES(9,'008_absence_makeup.sql','2026-04-13 04:21:08');
INSERT INTO "d1_migrations" ("id","name","applied_at") VALUES(10,'009_board.sql','2026-04-13 04:21:08');
INSERT INTO "d1_migrations" ("id","name","applied_at") VALUES(11,'010_exam_review_mode.sql','2026-04-13 04:21:08');
INSERT INTO "d1_migrations" ("id","name","applied_at") VALUES(12,'011_default_class.sql','2026-04-13 04:21:08');
INSERT INTO "d1_migrations" ("id","name","applied_at") VALUES(13,'012_enrollments_sessions.sql','2026-04-13 04:21:08');
INSERT INTO "d1_migrations" ("id","name","applied_at") VALUES(14,'013_missing_indexes.sql','2026-04-13 04:21:08');
INSERT INTO "d1_migrations" ("id","name","applied_at") VALUES(15,'014_print_materials.sql','2026-04-13 04:21:08');
INSERT INTO "d1_migrations" ("id","name","applied_at") VALUES(16,'015_unique_constraints.sql','2026-04-13 04:21:08');
INSERT INTO "d1_migrations" ("id","name","applied_at") VALUES(17,'016_multi_tenant.sql','2026-04-13 04:21:47');
INSERT INTO "d1_migrations" ("id","name","applied_at") VALUES(18,'017_meetings.sql','2026-04-17 09:01:56');
INSERT INTO "d1_migrations" ("id","name","applied_at") VALUES(19,'018_audit_fixes.sql','2026-04-17 09:01:57');
INSERT INTO "d1_migrations" ("id","name","applied_at") VALUES(20,'019_concept_gacha.sql','2026-04-17 09:01:58');
CREATE TABLE enrollments (
  id TEXT PRIMARY KEY,
  student_id TEXT NOT NULL,
  day TEXT NOT NULL,            -- '월'|'화'|'수'|'목'|'금'|'토'|'일'
  start_time TEXT NOT NULL,     -- 'HH:mm'
  end_time TEXT NOT NULL,       -- 'HH:mm'
  subject TEXT,                 -- '수학' 등, NULL 허용
  created_at TEXT DEFAULT (datetime('now')),
  updated_at TEXT DEFAULT (datetime('now')),
  FOREIGN KEY (student_id) REFERENCES students(id) ON DELETE CASCADE
);
INSERT INTO "enrollments" ("id","student_id","day","start_time","end_time","subject","created_at","updated_at") VALUES('enr-5c81bb0b7b78','student-p3kgxnsyw','화','17:00','18:30','수학','2026-04-13 09:09:57','2026-04-13 09:09:57');
INSERT INTO "enrollments" ("id","student_id","day","start_time","end_time","subject","created_at","updated_at") VALUES('enr-59beec254a8d','student-a7wi0zma6','화','19:30','21:30','수학','2026-04-13 09:09:57','2026-04-13 09:09:57');
INSERT INTO "enrollments" ("id","student_id","day","start_time","end_time","subject","created_at","updated_at") VALUES('enr-1aad05b9a8c7','student-p3kgxnsyw','목','17:00','18:30','수학','2026-04-13 09:09:57','2026-04-13 09:09:57');
INSERT INTO "enrollments" ("id","student_id","day","start_time","end_time","subject","created_at","updated_at") VALUES('enr-1740d1d1c443','student-nb8y8m656','토','14:00','15:30','수학','2026-04-13 09:09:57','2026-04-13 09:09:57');
INSERT INTO "enrollments" ("id","student_id","day","start_time","end_time","subject","created_at","updated_at") VALUES('enr-7cf162fcd967','student-nb8y8m656','화','18:30','20:00','수학','2026-04-13 09:09:57','2026-04-13 09:09:57');
INSERT INTO "enrollments" ("id","student_id","day","start_time","end_time","subject","created_at","updated_at") VALUES('enr-58796ef1ce75','student-nb8y8m656','목','18:30','20:00','수학','2026-04-13 09:09:57','2026-04-13 09:09:57');
INSERT INTO "enrollments" ("id","student_id","day","start_time","end_time","subject","created_at","updated_at") VALUES('enr-367596845d0b','student-rks9au7mm','화','20:00','09:30','수학','2026-04-13 09:09:57','2026-04-13 09:09:57');
INSERT INTO "enrollments" ("id","student_id","day","start_time","end_time","subject","created_at","updated_at") VALUES('enr-7c950f05acda','student-fbcy3xfzp','화','19:30','20:30','수학','2026-04-13 09:09:57','2026-04-13 09:09:57');
INSERT INTO "enrollments" ("id","student_id","day","start_time","end_time","subject","created_at","updated_at") VALUES('enr-a249c5ec0cdc','student-a7wi0zma6','토','12:00','13:30','수학','2026-04-13 09:09:57','2026-04-13 09:09:57');
INSERT INTO "enrollments" ("id","student_id","day","start_time","end_time","subject","created_at","updated_at") VALUES('enr-1313e64b1ad6','student-r558f899h','화','16:00','17:30','수학','2026-04-13 09:09:57','2026-04-13 09:09:57');
INSERT INTO "enrollments" ("id","student_id","day","start_time","end_time","subject","created_at","updated_at") VALUES('enr-c0ac0df1a00e','student-q5ecu8748','목','17:00','18:30','수학','2026-04-13 09:09:57','2026-04-13 09:09:57');
INSERT INTO "enrollments" ("id","student_id","day","start_time","end_time","subject","created_at","updated_at") VALUES('enr-4c4c9d767a84','student-q5ecu8748','화','17:00','18:30','수학','2026-04-13 09:09:57','2026-04-13 09:09:57');
INSERT INTO "enrollments" ("id","student_id","day","start_time","end_time","subject","created_at","updated_at") VALUES('enr-b15b9010bf7e','student-r558f899h','금','19:00','20:30','수학','2026-04-13 09:09:57','2026-04-13 09:09:57');
INSERT INTO "enrollments" ("id","student_id","day","start_time","end_time","subject","created_at","updated_at") VALUES('enr-b8f8c8f25492','student-rks9au7mm','금','20:00','21:30','수학','2026-04-13 09:09:57','2026-04-13 09:09:57');
INSERT INTO "enrollments" ("id","student_id","day","start_time","end_time","subject","created_at","updated_at") VALUES('enr-93e4b6dbe412','student-t1xikskhy','목','19:00','21:00','수학','2026-04-13 09:09:57','2026-04-13 09:09:57');
INSERT INTO "enrollments" ("id","student_id","day","start_time","end_time","subject","created_at","updated_at") VALUES('enr-6c3d35f5d489','student-9bsetl4ct','화','16:00','17:30','수학','2026-04-13 09:09:57','2026-04-13 09:09:57');
INSERT INTO "enrollments" ("id","student_id","day","start_time","end_time","subject","created_at","updated_at") VALUES('enr-03fcf9801743','student-0mc8orloi','목','20:00','21:30','수학','2026-04-13 09:09:57','2026-04-13 09:09:57');
INSERT INTO "enrollments" ("id","student_id","day","start_time","end_time","subject","created_at","updated_at") VALUES('enr-ff3eb3bd383e','student-0mc8orloi','화','20:00','21:30','수학','2026-04-13 09:09:57','2026-04-13 09:09:57');
INSERT INTO "enrollments" ("id","student_id","day","start_time","end_time","subject","created_at","updated_at") VALUES('enr-3bd215c56997','student-9bsetl4ct','목','16:00','17:30','수학','2026-04-13 09:09:57','2026-04-13 09:09:57');
INSERT INTO "enrollments" ("id","student_id","day","start_time","end_time","subject","created_at","updated_at") VALUES('enr-860ff3f295c6','student-t1xikskhy','화','19:30','21:00','수학','2026-04-13 09:09:57','2026-04-13 09:09:57');
INSERT INTO "enrollments" ("id","student_id","day","start_time","end_time","subject","created_at","updated_at") VALUES('enr-8d391a1d753d','student-ue92sdab0','화','19:00','20:30','수학','2026-04-13 09:09:57','2026-04-13 09:09:57');
INSERT INTO "enrollments" ("id","student_id","day","start_time","end_time","subject","created_at","updated_at") VALUES('enr-17a0bd6d9a06','student-ue92sdab0','목','19:00','20:30','수학','2026-04-13 09:09:57','2026-04-13 09:09:57');
INSERT INTO "enrollments" ("id","student_id","day","start_time","end_time","subject","created_at","updated_at") VALUES('enr-6dd71912d3d9','student-mtoq5wqb6','목','21:00','22:30','수학','2026-04-13 09:09:57','2026-04-13 09:09:57');
INSERT INTO "enrollments" ("id","student_id","day","start_time","end_time","subject","created_at","updated_at") VALUES('enr-41e92925a4ba','student-a7wi0zma6','일','20:30','20:30','수학','2026-04-13 09:09:57','2026-04-13 09:09:57');
INSERT INTO "enrollments" ("id","student_id","day","start_time","end_time","subject","created_at","updated_at") VALUES('enr-80fd337948bf','student-5645a3fs4','토','14:00','15:30','수학','2026-04-13 09:09:57','2026-04-13 09:09:57');
INSERT INTO "enrollments" ("id","student_id","day","start_time","end_time","subject","created_at","updated_at") VALUES('enr-4f075fc8632b','student-b8tu5sggp','토','14:00','17:00','수학','2026-04-13 09:09:57','2026-04-13 09:09:57');
INSERT INTO "enrollments" ("id","student_id","day","start_time","end_time","subject","created_at","updated_at") VALUES('enr-690c7e2475b0','student-mtoq5wqb6','토','13:00','14:30','수학','2026-04-13 09:09:57','2026-04-13 09:09:57');
INSERT INTO "enrollments" ("id","student_id","day","start_time","end_time","subject","created_at","updated_at") VALUES('enr-21957190b6c6','student-6cxbm886s','토','20:30','22:00','수학','2026-04-13 09:09:57','2026-04-13 09:09:57');
INSERT INTO "enrollments" ("id","student_id","day","start_time","end_time","subject","created_at","updated_at") VALUES('enr-6caf3979bf60','student-s54ihowlx','토','16:00','19:00','수학','2026-04-13 09:09:57','2026-04-13 09:09:57');
INSERT INTO "enrollments" ("id","student_id","day","start_time","end_time","subject","created_at","updated_at") VALUES('enr-3a66bf40d2c7','student-ggf2bon55','목','15:30','17:00','수학','2026-04-13 09:09:57','2026-04-13 09:09:57');
INSERT INTO "enrollments" ("id","student_id","day","start_time","end_time","subject","created_at","updated_at") VALUES('enr-2e6b818565d5','student-fbcy3xfzp','일','12:00','12:00','수학','2026-04-13 09:09:57','2026-04-13 09:09:57');
INSERT INTO "enrollments" ("id","student_id","day","start_time","end_time","subject","created_at","updated_at") VALUES('enr-f2f4c7470fb7','student-ggf2bon55','화','17:00','18:30','수학','2026-04-13 09:09:57','2026-04-13 09:09:57');
INSERT INTO "enrollments" ("id","student_id","day","start_time","end_time","subject","created_at","updated_at") VALUES('enr-a0dc9216b449','student-fbcy3xfzp','토','12:30','14:00','수학','2026-04-13 09:09:57','2026-04-13 09:09:57');
INSERT INTO "enrollments" ("id","student_id","day","start_time","end_time","subject","created_at","updated_at") VALUES('enr-9b8335e1b247','student-5645a3fs4','목','16:00','17:30','수학','2026-04-13 09:09:57','2026-04-13 09:09:57');
INSERT INTO "enrollments" ("id","student_id","day","start_time","end_time","subject","created_at","updated_at") VALUES('enr-c38401c9af6d','student-6cxbm886s','목','20:30','22:00','수학','2026-04-13 09:09:57','2026-04-13 09:09:57');
INSERT INTO "enrollments" ("id","student_id","day","start_time","end_time","subject","created_at","updated_at") VALUES('enr-5378845d6db4','student-7gioy6c0x','토','13:00','14:30','수학','2026-04-13 09:09:57','2026-04-13 09:09:57');
INSERT INTO "enrollments" ("id","student_id","day","start_time","end_time","subject","created_at","updated_at") VALUES('enr-9b8a8014caba','student-7gioy6c0x','목','19:30','21:00','수학','2026-04-13 09:09:57','2026-04-13 09:09:57');
INSERT INTO "enrollments" ("id","student_id","day","start_time","end_time","subject","created_at","updated_at") VALUES('enr-7455bce707a5','student-ni7f87smv','토','13:00','14:30','수학','2026-04-13 09:09:57','2026-04-13 09:09:57');
INSERT INTO "enrollments" ("id","student_id","day","start_time","end_time","subject","created_at","updated_at") VALUES('enr-f76107ca24dd','student-ni7f87smv','화','19:30','21:00','수학','2026-04-13 09:09:57','2026-04-13 09:09:57');
INSERT INTO "enrollments" ("id","student_id","day","start_time","end_time","subject","created_at","updated_at") VALUES('enr-59a82c0fb603','student-t1xikskhy','토','14:00','15:30','수학','2026-04-13 09:09:57','2026-04-13 09:09:57');
INSERT INTO "enrollments" ("id","student_id","day","start_time","end_time","subject","created_at","updated_at") VALUES('enr-c35d80fc1c66','student-ni7f87smv','목','19:00','21:00','수학','2026-04-13 09:09:57','2026-04-13 09:09:57');
INSERT INTO "enrollments" ("id","student_id","day","start_time","end_time","subject","created_at","updated_at") VALUES('1d8c9b22-5a6f-4691-8871-a57b11f50fd7','student-vosetxjdm','목','18:00','19:30',NULL,'2026-04-16 14:31:46','2026-04-16 14:31:46');
INSERT INTO "enrollments" ("id","student_id","day","start_time","end_time","subject","created_at","updated_at") VALUES('4b097a82-816b-4842-9520-4735c472d146','student-mtoq5wqb6','금','20:00','21:30','수학','2026-04-16 15:26:39','2026-04-16 15:26:39');
CREATE TABLE realtime_sessions (
  id TEXT PRIMARY KEY,
  student_id TEXT NOT NULL,
  teacher_id TEXT NOT NULL,         -- 체크인한 선생님 (본인 담당)
  academy_id TEXT NOT NULL,
  date TEXT NOT NULL,                -- 'YYYY-MM-DD' (검색 인덱스용)
  check_in_time TEXT NOT NULL,       -- ISO datetime
  check_out_time TEXT,               -- ISO datetime (체크아웃 전 NULL)
  status TEXT NOT NULL,              -- 'active'|'paused'|'completed'|'overtime'
  scheduled_minutes INTEGER NOT NULL DEFAULT 0,
  added_minutes INTEGER NOT NULL DEFAULT 0,
  scheduled_start_time TEXT,         -- 'HH:mm' (enrollment 에서 복사)
  scheduled_end_time TEXT,           -- 'HH:mm'
  pause_history TEXT NOT NULL DEFAULT '[]',  -- JSON
  subject TEXT,
  created_at TEXT DEFAULT (datetime('now')),
  updated_at TEXT DEFAULT (datetime('now')), makeup_id TEXT,
  FOREIGN KEY (student_id) REFERENCES students(id) ON DELETE CASCADE,
  FOREIGN KEY (teacher_id) REFERENCES users(id),
  FOREIGN KEY (academy_id) REFERENCES academies(id)
);
INSERT INTO "realtime_sessions" ("id","student_id","teacher_id","academy_id","date","check_in_time","check_out_time","status","scheduled_minutes","added_minutes","scheduled_start_time","scheduled_end_time","pause_history","subject","created_at","updated_at","makeup_id") VALUES('f97a8129-d79b-4387-b9f0-9cf58e4aa840','student-wfade2mly','user-57ppx9v61','acad-1','2026-04-11','2026-04-11T17:00:31.076Z',NULL,'active',90,0,NULL,NULL,'[]',NULL,'2026-04-11 17:00:31','2026-04-11 17:00:31',NULL);
INSERT INTO "realtime_sessions" ("id","student_id","teacher_id","academy_id","date","check_in_time","check_out_time","status","scheduled_minutes","added_minutes","scheduled_start_time","scheduled_end_time","pause_history","subject","created_at","updated_at","makeup_id") VALUES('c2af4554-d662-43eb-be0c-8306dc72bb98','student-wfade2mly','user-57ppx9v61','acad-1','2026-04-12','2026-04-12T12:49:31.557Z','2026-04-12T12:50:35.119Z','completed',90,0,NULL,NULL,'[]',NULL,'2026-04-12 12:49:31','2026-04-12 12:50:35',NULL);
INSERT INTO "realtime_sessions" ("id","student_id","teacher_id","academy_id","date","check_in_time","check_out_time","status","scheduled_minutes","added_minutes","scheduled_start_time","scheduled_end_time","pause_history","subject","created_at","updated_at","makeup_id") VALUES('2b6c2704-4ced-4963-af98-eff4ab740cfc','student-5645a3fs4','user-57ppx9v61','acad-1','2026-04-12','2026-04-12T13:53:27.631Z','2026-04-12T13:57:57.871Z','completed',90,0,NULL,NULL,'[]',NULL,'2026-04-12 13:53:27','2026-04-12 13:57:57',NULL);
INSERT INTO "realtime_sessions" ("id","student_id","teacher_id","academy_id","date","check_in_time","check_out_time","status","scheduled_minutes","added_minutes","scheduled_start_time","scheduled_end_time","pause_history","subject","created_at","updated_at","makeup_id") VALUES('142e4ce0-6172-4507-aae1-800685e5636a','student-5645a3fs4','user-57ppx9v61','acad-1','2026-04-13','2026-04-13T02:18:31.392Z','2026-04-13T08:56:27.683Z','completed',90,0,NULL,NULL,'[{"pausedAt":"2026-04-13T02:18:52.943Z","reason":"화장실","resumedAt":"2026-04-13T08:56:27.683Z"}]',NULL,'2026-04-13 02:18:31','2026-04-13 08:56:27',NULL);
INSERT INTO "realtime_sessions" ("id","student_id","teacher_id","academy_id","date","check_in_time","check_out_time","status","scheduled_minutes","added_minutes","scheduled_start_time","scheduled_end_time","pause_history","subject","created_at","updated_at","makeup_id") VALUES('4dd4014a-b4fa-4d1c-b609-e169864a2b52','stu-cy-04','user-canyon-t2','acad-5386360c','2026-04-13','2026-04-13T05:17:15.557Z','2026-04-13T05:17:26.660Z','completed',90,0,'18:00','19:30','[{"pausedAt":"2026-04-13T05:17:18.996Z","reason":"외출","resumedAt":"2026-04-13T05:17:26.660Z"}]','수학','2026-04-13 05:17:15','2026-04-13 05:17:26',NULL);
INSERT INTO "realtime_sessions" ("id","student_id","teacher_id","academy_id","date","check_in_time","check_out_time","status","scheduled_minutes","added_minutes","scheduled_start_time","scheduled_end_time","pause_history","subject","created_at","updated_at","makeup_id") VALUES('e9bff01a-dee7-412e-a986-f494f98ec4f5','stu-cy-07','user-canyon-t2','acad-5386360c','2026-04-13','2026-04-13T05:17:21.666Z','2026-04-13T05:17:29.910Z','completed',90,0,'20:00','21:30','[]','수학','2026-04-13 05:17:21','2026-04-13 05:17:30',NULL);
INSERT INTO "realtime_sessions" ("id","student_id","teacher_id","academy_id","date","check_in_time","check_out_time","status","scheduled_minutes","added_minutes","scheduled_start_time","scheduled_end_time","pause_history","subject","created_at","updated_at","makeup_id") VALUES('c4b9e76f-6469-4353-a623-4c7a85a7a1a3','stu-cy-02','user-canyon-t2','acad-5386360c','2026-04-13','2026-04-13T05:19:37.110Z','2026-04-13T05:19:49.900Z','completed',90,0,'16:00','17:30','[]','수학','2026-04-13 05:19:37','2026-04-13 05:19:49',NULL);
INSERT INTO "realtime_sessions" ("id","student_id","teacher_id","academy_id","date","check_in_time","check_out_time","status","scheduled_minutes","added_minutes","scheduled_start_time","scheduled_end_time","pause_history","subject","created_at","updated_at","makeup_id") VALUES('cb698d04-27e9-4a07-8404-eb9ebcbfae5c','stu-cy-04','user-canyon-t1','acad-5386360c','2026-04-13','2026-04-13T06:00:02.603Z',NULL,'active',90,0,'18:00','19:30','[{"pausedAt":"2026-04-13T06:00:07.311Z","reason":"화장실","resumedAt":"2026-04-13T06:00:09.867Z"},{"pausedAt":"2026-04-13T06:01:16.249Z","reason":"화장실","resumedAt":"2026-04-13T06:01:19.250Z"},{"pausedAt":"2026-04-13T06:02:18.678Z","reason":"화장실","resumedAt":"2026-04-13T06:02:21.776Z"},{"pausedAt":"2026-04-13T06:04:11.238Z","reason":"화장실","resumedAt":"2026-04-13T06:04:14.345Z"},{"pausedAt":"2026-04-13T06:06:03.572Z","reason":"화장실","resumedAt":"2026-04-13T06:06:06.706Z"}]','수학','2026-04-13 06:00:02','2026-04-13 06:06:06',NULL);
INSERT INTO "realtime_sessions" ("id","student_id","teacher_id","academy_id","date","check_in_time","check_out_time","status","scheduled_minutes","added_minutes","scheduled_start_time","scheduled_end_time","pause_history","subject","created_at","updated_at","makeup_id") VALUES('75c052ad-7a30-49bd-9904-c72598c86803','stu-cy-03','user-canyon-t1','acad-5386360c','2026-04-13','2026-04-13T06:01:10.386Z',NULL,'active',90,0,'18:00','19:30','[]','수학','2026-04-13 06:01:10','2026-04-13 06:01:10',NULL);
INSERT INTO "realtime_sessions" ("id","student_id","teacher_id","academy_id","date","check_in_time","check_out_time","status","scheduled_minutes","added_minutes","scheduled_start_time","scheduled_end_time","pause_history","subject","created_at","updated_at","makeup_id") VALUES('0648d08b-753e-4874-8bc9-71ca49471a04','stu-cy-02','user-canyon-t1','acad-5386360c','2026-04-13','2026-04-13T06:02:12.856Z',NULL,'active',90,0,'16:00','17:30','[]','수학','2026-04-13 06:02:12','2026-04-13 06:02:12',NULL);
INSERT INTO "realtime_sessions" ("id","student_id","teacher_id","academy_id","date","check_in_time","check_out_time","status","scheduled_minutes","added_minutes","scheduled_start_time","scheduled_end_time","pause_history","subject","created_at","updated_at","makeup_id") VALUES('74ea2012-927a-461e-90c5-20c50ba2f9c4','stu-cy-01','user-canyon-t1','acad-5386360c','2026-04-13','2026-04-13T06:04:05.509Z',NULL,'active',90,0,'16:00','17:30','[]','수학','2026-04-13 06:04:05','2026-04-13 06:04:05',NULL);
INSERT INTO "realtime_sessions" ("id","student_id","teacher_id","academy_id","date","check_in_time","check_out_time","status","scheduled_minutes","added_minutes","scheduled_start_time","scheduled_end_time","pause_history","subject","created_at","updated_at","makeup_id") VALUES('ab32ff22-ab06-4af4-8961-abab88c8a9c0','stu-cy-07','user-canyon-t1','acad-5386360c','2026-04-13','2026-04-13T06:05:57.978Z',NULL,'active',90,0,'20:00','21:30','[]','수학','2026-04-13 06:05:58','2026-04-13 06:05:58',NULL);
INSERT INTO "realtime_sessions" ("id","student_id","teacher_id","academy_id","date","check_in_time","check_out_time","status","scheduled_minutes","added_minutes","scheduled_start_time","scheduled_end_time","pause_history","subject","created_at","updated_at","makeup_id") VALUES('2866e716-63db-4173-b8fb-39569903895b','stu-cy-05','user-canyon-t1','acad-5386360c','2026-04-13','2026-04-13T09:27:40.027Z',NULL,'active',90,0,NULL,NULL,'[{"pausedAt":"2026-04-13T09:27:46.662Z","reason":"화장실","resumedAt":"2026-04-13T09:27:50.041Z"}]',NULL,'2026-04-13 09:27:40','2026-04-13 09:27:50',NULL);
INSERT INTO "realtime_sessions" ("id","student_id","teacher_id","academy_id","date","check_in_time","check_out_time","status","scheduled_minutes","added_minutes","scheduled_start_time","scheduled_end_time","pause_history","subject","created_at","updated_at","makeup_id") VALUES('4aed9352-a620-45f5-9159-acce6969927c','student-0mc8orloi','user-57ppx9v61','acad-1','2026-04-16','2026-04-16T05:05:42.796Z','2026-04-16T05:19:26.852Z','completed',90,0,'20:00','21:30','[{"pausedAt":"2026-04-16T05:05:55.164Z","resumedAt":"2026-04-16T05:05:59.231Z"}]','수학','2026-04-16 05:05:42','2026-04-16 05:19:26',NULL);
INSERT INTO "realtime_sessions" ("id","student_id","teacher_id","academy_id","date","check_in_time","check_out_time","status","scheduled_minutes","added_minutes","scheduled_start_time","scheduled_end_time","pause_history","subject","created_at","updated_at","makeup_id") VALUES('dfac13f5-c949-4580-9e8e-e10ef244ff53','student-ggf2bon55','user-57ppx9v61','acad-1','2026-04-16','2026-04-16T06:50:50.056Z','2026-04-16T08:23:16.084Z','completed',90,0,'15:30','17:00','[]','수학','2026-04-16 06:50:50','2026-04-16 08:23:16',NULL);
INSERT INTO "realtime_sessions" ("id","student_id","teacher_id","academy_id","date","check_in_time","check_out_time","status","scheduled_minutes","added_minutes","scheduled_start_time","scheduled_end_time","pause_history","subject","created_at","updated_at","makeup_id") VALUES('ccaf414a-5912-4f3c-b7d1-11b1ec25f873','student-q5ecu8748','user-57ppx9v61','acad-1','2026-04-16','2026-04-16T07:01:48.611Z','2026-04-16T08:30:58.557Z','completed',90,0,'17:00','18:30','[]','수학','2026-04-16 07:01:48','2026-04-16 08:30:58',NULL);
INSERT INTO "realtime_sessions" ("id","student_id","teacher_id","academy_id","date","check_in_time","check_out_time","status","scheduled_minutes","added_minutes","scheduled_start_time","scheduled_end_time","pause_history","subject","created_at","updated_at","makeup_id") VALUES('f61b7054-128b-4413-8ab1-acdc931b9973','student-p3kgxnsyw','user-57ppx9v61','acad-1','2026-04-16','2026-04-16T09:09:23.185Z','2026-04-16T09:13:12.211Z','completed',90,0,'17:00','18:30','[]','수학','2026-04-16 09:09:23','2026-04-16 09:13:12',NULL);
INSERT INTO "realtime_sessions" ("id","student_id","teacher_id","academy_id","date","check_in_time","check_out_time","status","scheduled_minutes","added_minutes","scheduled_start_time","scheduled_end_time","pause_history","subject","created_at","updated_at","makeup_id") VALUES('30956975-075d-4e4a-93eb-df5682e12fb3','student-5645a3fs4','user-57ppx9v61','acad-1','2026-04-16','2026-04-16T11:15:13.550Z','2026-04-16T11:48:19.231Z','completed',90,0,'16:00','17:30','[{"pausedAt":"2026-04-16T11:15:20.176Z","resumedAt":"2026-04-16T11:48:19.231Z"}]','수학','2026-04-16 11:15:13','2026-04-16 11:48:19',NULL);
INSERT INTO "realtime_sessions" ("id","student_id","teacher_id","academy_id","date","check_in_time","check_out_time","status","scheduled_minutes","added_minutes","scheduled_start_time","scheduled_end_time","pause_history","subject","created_at","updated_at","makeup_id") VALUES('5b49c01c-1a1c-46b2-b64f-854f2132acf0','stu-cy-06','user-canyon-t2','acad-5386360c','2026-04-17','2026-04-17T05:07:25.338Z','2026-04-17T05:08:00.239Z','completed',90,0,NULL,NULL,'[{"pausedAt":"2026-04-17T05:07:43.651Z","reason":"화장실","resumedAt":"2026-04-17T05:07:54.591Z"}]',NULL,'2026-04-17 05:07:25','2026-04-17 05:08:00',NULL);
INSERT INTO "realtime_sessions" ("id","student_id","teacher_id","academy_id","date","check_in_time","check_out_time","status","scheduled_minutes","added_minutes","scheduled_start_time","scheduled_end_time","pause_history","subject","created_at","updated_at","makeup_id") VALUES('7378e7ce-e0f8-490d-a629-972da8f614fb','student-r558f899h','user-57ppx9v61','acad-1','2026-04-17','2026-04-17T07:43:22.984Z','2026-04-17T09:53:33.867Z','completed',90,0,'19:00','20:30','[{"pausedAt":"2026-04-17T08:21:36.109Z","reason":"외출","resumedAt":"2026-04-17T09:53:33.867Z"}]','수학','2026-04-17 07:43:23','2026-04-17 09:53:33',NULL);
INSERT INTO "realtime_sessions" ("id","student_id","teacher_id","academy_id","date","check_in_time","check_out_time","status","scheduled_minutes","added_minutes","scheduled_start_time","scheduled_end_time","pause_history","subject","created_at","updated_at","makeup_id") VALUES('47cd2c01-46c5-4612-ade7-1a0d863dbc03','student-rks9au7mm','user-57ppx9v61','acad-1','2026-04-17','2026-04-17T09:16:48.698Z',NULL,'active',90,0,'20:00','21:30','[]','수학','2026-04-17 09:16:48','2026-04-17 09:16:48',NULL);
INSERT INTO "realtime_sessions" ("id","student_id","teacher_id","academy_id","date","check_in_time","check_out_time","status","scheduled_minutes","added_minutes","scheduled_start_time","scheduled_end_time","pause_history","subject","created_at","updated_at","makeup_id") VALUES('80671b45-da31-475d-9923-d148f36981c6','student-b8tu5sggp','user-57ppx9v61','acad-1','2026-04-18','2026-04-18T04:03:49.624Z','2026-04-18T06:20:31.795Z','completed',180,0,'14:00','17:00','[]','수학','2026-04-18 04:03:49','2026-04-18 06:20:31',NULL);
INSERT INTO "realtime_sessions" ("id","student_id","teacher_id","academy_id","date","check_in_time","check_out_time","status","scheduled_minutes","added_minutes","scheduled_start_time","scheduled_end_time","pause_history","subject","created_at","updated_at","makeup_id") VALUES('4440c299-f557-4b42-8e83-d26fe3a0237b','student-t1xikskhy','user-57ppx9v61','acad-1','2026-04-18','2026-04-18T04:04:16.577Z','2026-04-18T05:29:08.998Z','completed',90,0,'14:00','15:30','[]','수학','2026-04-18 04:04:16','2026-04-18 05:29:09',NULL);
INSERT INTO "realtime_sessions" ("id","student_id","teacher_id","academy_id","date","check_in_time","check_out_time","status","scheduled_minutes","added_minutes","scheduled_start_time","scheduled_end_time","pause_history","subject","created_at","updated_at","makeup_id") VALUES('d6aec934-659f-43a6-af33-c093064a60c7','student-7gioy6c0x','user-57ppx9v61','acad-1','2026-04-18','2026-04-18T04:06:55.999Z','2026-04-18T05:33:27.738Z','completed',90,0,'13:00','14:30','[]','수학','2026-04-18 04:06:56','2026-04-18 05:33:27',NULL);
INSERT INTO "realtime_sessions" ("id","student_id","teacher_id","academy_id","date","check_in_time","check_out_time","status","scheduled_minutes","added_minutes","scheduled_start_time","scheduled_end_time","pause_history","subject","created_at","updated_at","makeup_id") VALUES('84f0c928-5a22-4332-8697-41cb0260cad7','student-5645a3fs4','user-57ppx9v61','acad-1','2026-04-18','2026-04-18T04:14:09.513Z','2026-04-18T05:42:18.542Z','completed',90,0,'14:00','15:30','[]','수학','2026-04-18 04:14:09','2026-04-18 05:42:18',NULL);
INSERT INTO "realtime_sessions" ("id","student_id","teacher_id","academy_id","date","check_in_time","check_out_time","status","scheduled_minutes","added_minutes","scheduled_start_time","scheduled_end_time","pause_history","subject","created_at","updated_at","makeup_id") VALUES('c2197d3c-e413-4973-bee5-402562be4f80','student-fbcy3xfzp','user-57ppx9v61','acad-1','2026-04-18','2026-04-18T04:14:16.209Z','2026-04-18T05:38:00.356Z','completed',90,0,'12:30','14:00','[]','수학','2026-04-18 04:14:16','2026-04-18 05:38:00',NULL);
INSERT INTO "realtime_sessions" ("id","student_id","teacher_id","academy_id","date","check_in_time","check_out_time","status","scheduled_minutes","added_minutes","scheduled_start_time","scheduled_end_time","pause_history","subject","created_at","updated_at","makeup_id") VALUES('f64b7f4c-2e42-45d7-af70-d300c7603464','student-mtoq5wqb6','user-57ppx9v61','acad-1','2026-04-18','2026-04-18T04:42:33.159Z','2026-04-18T06:08:52.200Z','completed',90,0,'13:00','14:30','[]','수학','2026-04-18 04:42:33','2026-04-18 06:08:52',NULL);
INSERT INTO "realtime_sessions" ("id","student_id","teacher_id","academy_id","date","check_in_time","check_out_time","status","scheduled_minutes","added_minutes","scheduled_start_time","scheduled_end_time","pause_history","subject","created_at","updated_at","makeup_id") VALUES('8bdb9bdb-3b8e-422d-821f-8df3bf4a4d72','student-s54ihowlx','user-57ppx9v61','acad-1','2026-04-18','2026-04-18T04:46:41.733Z','2026-04-18T06:20:23.446Z','completed',180,0,'16:00','19:00','[]','수학','2026-04-18 04:46:41','2026-04-18 06:20:23',NULL);
INSERT INTO "realtime_sessions" ("id","student_id","teacher_id","academy_id","date","check_in_time","check_out_time","status","scheduled_minutes","added_minutes","scheduled_start_time","scheduled_end_time","pause_history","subject","created_at","updated_at","makeup_id") VALUES('d6ff848b-deeb-4931-8423-aecda106e552','student-a7wi0zma6','user-57ppx9v61','acad-1','2026-04-18','2026-04-18T05:45:59.313Z','2026-04-18T09:01:18.633Z','completed',90,0,'12:00','13:30','[]','수학','2026-04-18 05:45:59','2026-04-18 09:01:18',NULL);
INSERT INTO "realtime_sessions" ("id","student_id","teacher_id","academy_id","date","check_in_time","check_out_time","status","scheduled_minutes","added_minutes","scheduled_start_time","scheduled_end_time","pause_history","subject","created_at","updated_at","makeup_id") VALUES('6cd2f9ff-1ec6-492b-85dd-f4cdc024b614','student-nb8y8m656','user-57ppx9v61','acad-1','2026-04-18','2026-04-18T05:58:45.613Z','2026-04-18T09:01:19.231Z','completed',90,0,'14:00','15:30','[]','수학','2026-04-18 05:58:45','2026-04-18 09:01:19',NULL);
INSERT INTO "realtime_sessions" ("id","student_id","teacher_id","academy_id","date","check_in_time","check_out_time","status","scheduled_minutes","added_minutes","scheduled_start_time","scheduled_end_time","pause_history","subject","created_at","updated_at","makeup_id") VALUES('4a33ff0e-cb62-4b2f-903c-96c05cb23f8b','student-ni7f87smv','user-57ppx9v61','acad-1','2026-04-18','2026-04-18T06:20:26.863Z','2026-04-18T07:56:54.243Z','completed',90,0,'13:00','14:30','[]','수학','2026-04-18 06:20:26','2026-04-18 07:56:54',NULL);
INSERT INTO "realtime_sessions" ("id","student_id","teacher_id","academy_id","date","check_in_time","check_out_time","status","scheduled_minutes","added_minutes","scheduled_start_time","scheduled_end_time","pause_history","subject","created_at","updated_at","makeup_id") VALUES('5ef350ee-458e-4c17-814b-f3ca81fed227','student-b8tu5sggp','user-57ppx9v61','acad-1','2026-04-19','2026-04-19T06:33:22.357Z','2026-04-19T09:19:11.511Z','completed',90,0,NULL,NULL,'[{"pausedAt":"2026-04-19T06:33:34.095Z","reason":"외출","resumedAt":"2026-04-19T07:33:56.137Z"}]',NULL,'2026-04-19 06:33:22','2026-04-19 09:19:11',NULL);
INSERT INTO "realtime_sessions" ("id","student_id","teacher_id","academy_id","date","check_in_time","check_out_time","status","scheduled_minutes","added_minutes","scheduled_start_time","scheduled_end_time","pause_history","subject","created_at","updated_at","makeup_id") VALUES('352ab264-fb04-4c9a-a9f2-99b936985773','student-ue92sdab0','user-57ppx9v61','acad-1','2026-04-19','2026-04-19T06:33:57.517Z','2026-04-19T10:11:16.789Z','completed',90,0,NULL,NULL,'[]',NULL,'2026-04-19 06:33:57','2026-04-19 10:11:16',NULL);
INSERT INTO "realtime_sessions" ("id","student_id","teacher_id","academy_id","date","check_in_time","check_out_time","status","scheduled_minutes","added_minutes","scheduled_start_time","scheduled_end_time","pause_history","subject","created_at","updated_at","makeup_id") VALUES('580932ea-131c-4376-a418-0c5b5521eb42','student-fbcy3xfzp','user-57ppx9v61','acad-1','2026-04-19','2026-04-19T07:15:22.756Z','2026-04-19T09:20:10.443Z','completed',90,0,'12:00','12:00','[]','수학','2026-04-19 07:15:22','2026-04-19 09:20:10',NULL);
INSERT INTO "realtime_sessions" ("id","student_id","teacher_id","academy_id","date","check_in_time","check_out_time","status","scheduled_minutes","added_minutes","scheduled_start_time","scheduled_end_time","pause_history","subject","created_at","updated_at","makeup_id") VALUES('7cd72364-b427-4a26-a04b-581e8341da37','student-a7wi0zma6','user-57ppx9v61','acad-1','2026-04-19','2026-04-19T07:42:08.715Z','2026-04-19T10:11:11.311Z','completed',90,0,'20:30','20:30','[]','수학','2026-04-19 07:42:08','2026-04-19 10:11:11',NULL);
INSERT INTO "realtime_sessions" ("id","student_id","teacher_id","academy_id","date","check_in_time","check_out_time","status","scheduled_minutes","added_minutes","scheduled_start_time","scheduled_end_time","pause_history","subject","created_at","updated_at","makeup_id") VALUES('ee2cda30-0ef5-4d94-8fe7-aa62af410d09','student-q5ecu8748','user-57ppx9v61','acad-1','2026-04-21','2026-04-21T06:55:17.144Z','2026-04-21T08:25:43.646Z','completed',90,0,'17:00','18:30','[]','수학','2026-04-21 06:55:17','2026-04-21 08:25:43',NULL);
INSERT INTO "realtime_sessions" ("id","student_id","teacher_id","academy_id","date","check_in_time","check_out_time","status","scheduled_minutes","added_minutes","scheduled_start_time","scheduled_end_time","pause_history","subject","created_at","updated_at","makeup_id") VALUES('f5f20a06-b6d8-4d0b-8426-1a128e6f97ba','student-9bsetl4ct','user-57ppx9v61','acad-1','2026-04-21','2026-04-21T06:59:58.355Z','2026-04-21T08:30:08.349Z','completed',90,0,NULL,NULL,'[]','중1 반','2026-04-21 06:59:58','2026-04-21 08:30:08','9c8045b5-5fdb-4c05-8fed-85f82dad65e7');
INSERT INTO "realtime_sessions" ("id","student_id","teacher_id","academy_id","date","check_in_time","check_out_time","status","scheduled_minutes","added_minutes","scheduled_start_time","scheduled_end_time","pause_history","subject","created_at","updated_at","makeup_id") VALUES('6e3586e3-c11f-4dcf-bee0-2f2db15825d1','student-r558f899h','user-57ppx9v61','acad-1','2026-04-21','2026-04-21T07:46:11.032Z','2026-04-21T09:22:49.244Z','completed',90,0,'16:00','17:30','[]','수학','2026-04-21 07:46:11','2026-04-21 09:22:49',NULL);
INSERT INTO "realtime_sessions" ("id","student_id","teacher_id","academy_id","date","check_in_time","check_out_time","status","scheduled_minutes","added_minutes","scheduled_start_time","scheduled_end_time","pause_history","subject","created_at","updated_at","makeup_id") VALUES('3b7edcfd-2f44-4be5-bb23-9c24d79ceb07','student-rks9au7mm','user-57ppx9v61','acad-1','2026-04-21','2026-04-21T09:16:01.590Z','2026-04-21T10:36:03.143Z','completed',90,0,'20:00','09:30','[]','수학','2026-04-21 09:16:01','2026-04-21 10:36:03',NULL);
INSERT INTO "realtime_sessions" ("id","student_id","teacher_id","academy_id","date","check_in_time","check_out_time","status","scheduled_minutes","added_minutes","scheduled_start_time","scheduled_end_time","pause_history","subject","created_at","updated_at","makeup_id") VALUES('19ef8a7a-3a36-4f04-8de5-b32461d1b214','student-6cxbm886s','user-57ppx9v61','acad-1','2026-04-21','2026-04-21T09:16:33.527Z','2026-04-21T10:39:30.421Z','completed',90,0,NULL,NULL,'[]',NULL,'2026-04-21 09:16:33','2026-04-21 10:39:30',NULL);
INSERT INTO "realtime_sessions" ("id","student_id","teacher_id","academy_id","date","check_in_time","check_out_time","status","scheduled_minutes","added_minutes","scheduled_start_time","scheduled_end_time","pause_history","subject","created_at","updated_at","makeup_id") VALUES('0c57d228-41a4-4590-b257-8f8043b32b83','student-ggf2bon55','user-57ppx9v61','acad-1','2026-04-21','2026-04-21T09:22:07.864Z','2026-04-21T10:29:01.290Z','completed',90,0,'17:00','18:30','[]','수학','2026-04-21 09:22:07','2026-04-21 10:29:01',NULL);
INSERT INTO "realtime_sessions" ("id","student_id","teacher_id","academy_id","date","check_in_time","check_out_time","status","scheduled_minutes","added_minutes","scheduled_start_time","scheduled_end_time","pause_history","subject","created_at","updated_at","makeup_id") VALUES('3d9f7c79-56f3-4431-9dd9-278b719edbc5','student-nb8y8m656','user-57ppx9v61','acad-1','2026-04-21','2026-04-21T09:53:01.204Z','2026-04-21T11:23:35.868Z','completed',90,0,'18:30','20:00','[]','수학','2026-04-21 09:53:01','2026-04-21 11:23:35',NULL);
INSERT INTO "realtime_sessions" ("id","student_id","teacher_id","academy_id","date","check_in_time","check_out_time","status","scheduled_minutes","added_minutes","scheduled_start_time","scheduled_end_time","pause_history","subject","created_at","updated_at","makeup_id") VALUES('62fbcc77-717e-450d-929e-147b8ce1a60c','student-ue92sdab0','user-57ppx9v61','acad-1','2026-04-21','2026-04-21T09:53:45.778Z','2026-04-21T11:23:41.515Z','completed',90,0,'19:00','20:30','[]','수학','2026-04-21 09:53:45','2026-04-21 11:23:41',NULL);
INSERT INTO "realtime_sessions" ("id","student_id","teacher_id","academy_id","date","check_in_time","check_out_time","status","scheduled_minutes","added_minutes","scheduled_start_time","scheduled_end_time","pause_history","subject","created_at","updated_at","makeup_id") VALUES('eb6a4125-8e9e-4903-8b5a-81b2b637c9af','student-fbcy3xfzp','user-57ppx9v61','acad-1','2026-04-21','2026-04-21T10:11:00.630Z','2026-04-21T23:10:16.935Z','completed',60,0,'19:30','20:30','[{"pausedAt":"2026-04-21T10:11:25.477Z","reason":"외출","resumedAt":"2026-04-21T10:29:04.939Z"}]','수학','2026-04-21 10:11:00','2026-04-21 23:10:17',NULL);
INSERT INTO "realtime_sessions" ("id","student_id","teacher_id","academy_id","date","check_in_time","check_out_time","status","scheduled_minutes","added_minutes","scheduled_start_time","scheduled_end_time","pause_history","subject","created_at","updated_at","makeup_id") VALUES('2bebcd5c-3162-4206-9adb-fe37aaa54f4a','student-t1xikskhy','user-57ppx9v61','acad-1','2026-04-21','2026-04-21T10:31:54.737Z','2026-04-21T12:00:04.533Z','completed',90,0,'19:30','21:00','[]','수학','2026-04-21 10:31:54','2026-04-21 12:00:04',NULL);
INSERT INTO "realtime_sessions" ("id","student_id","teacher_id","academy_id","date","check_in_time","check_out_time","status","scheduled_minutes","added_minutes","scheduled_start_time","scheduled_end_time","pause_history","subject","created_at","updated_at","makeup_id") VALUES('2860e75a-e018-42e1-8c79-b2bcae8d2900','student-ni7f87smv','user-57ppx9v61','acad-1','2026-04-21','2026-04-21T10:43:30.612Z','2026-04-21T23:10:13.000Z','completed',90,0,'19:30','21:00','[]','수학','2026-04-21 10:43:30','2026-04-21 23:10:13',NULL);
INSERT INTO "realtime_sessions" ("id","student_id","teacher_id","academy_id","date","check_in_time","check_out_time","status","scheduled_minutes","added_minutes","scheduled_start_time","scheduled_end_time","pause_history","subject","created_at","updated_at","makeup_id") VALUES('2a36b2df-4418-4df0-bc0e-fe82de9c26a8','student-0mc8orloi','user-57ppx9v61','acad-1','2026-04-21','2026-04-21T10:56:24.203Z','2026-04-21T23:10:09.168Z','completed',90,0,'20:00','21:30','[]','수학','2026-04-21 10:56:24','2026-04-21 23:10:09',NULL);
CREATE TABLE attendance_records (
  id TEXT PRIMARY KEY,
  session_id TEXT,                    -- 원본 realtime_session 참조 (감사용)
  student_id TEXT NOT NULL,
  teacher_id TEXT NOT NULL,
  academy_id TEXT NOT NULL,
  date TEXT NOT NULL,                  -- 'YYYY-MM-DD'
  check_in_time TEXT NOT NULL,
  check_out_time TEXT NOT NULL,
  scheduled_start_time TEXT,
  scheduled_end_time TEXT,
  scheduled_minutes INTEGER NOT NULL,
  net_minutes INTEGER NOT NULL,        -- 순수 수업시간 (총 - 정지)
  total_paused_minutes INTEGER NOT NULL DEFAULT 0,
  pause_count INTEGER NOT NULL DEFAULT 0,
  pause_history TEXT NOT NULL DEFAULT '[]',
  subject TEXT,
  was_late INTEGER NOT NULL DEFAULT 0,
  was_overtime INTEGER NOT NULL DEFAULT 0,
  note TEXT,
  created_at TEXT DEFAULT (datetime('now')),
  FOREIGN KEY (student_id) REFERENCES students(id),
  FOREIGN KEY (teacher_id) REFERENCES users(id),
  FOREIGN KEY (academy_id) REFERENCES academies(id)
);
INSERT INTO "attendance_records" ("id","session_id","student_id","teacher_id","academy_id","date","check_in_time","check_out_time","scheduled_start_time","scheduled_end_time","scheduled_minutes","net_minutes","total_paused_minutes","pause_count","pause_history","subject","was_late","was_overtime","note","created_at") VALUES('1a5c7e72-f163-4f4f-9d36-72fdd87c9d87','c2af4554-d662-43eb-be0c-8306dc72bb98','student-wfade2mly','user-57ppx9v61','acad-1','2026-04-12','2026-04-12T12:49:31.557Z','2026-04-12T12:50:35.119Z',NULL,NULL,90,1,0,0,'[]',NULL,0,0,NULL,'2026-04-12 12:50:35');
INSERT INTO "attendance_records" ("id","session_id","student_id","teacher_id","academy_id","date","check_in_time","check_out_time","scheduled_start_time","scheduled_end_time","scheduled_minutes","net_minutes","total_paused_minutes","pause_count","pause_history","subject","was_late","was_overtime","note","created_at") VALUES('6a12a27c-7640-429b-b9e8-1a00b5ebaebf','2b6c2704-4ced-4963-af98-eff4ab740cfc','student-5645a3fs4','user-57ppx9v61','acad-1','2026-04-12','2026-04-12T13:53:27.631Z','2026-04-12T13:57:57.871Z',NULL,NULL,90,4,0,0,'[]',NULL,0,0,NULL,'2026-04-12 13:57:58');
INSERT INTO "attendance_records" ("id","session_id","student_id","teacher_id","academy_id","date","check_in_time","check_out_time","scheduled_start_time","scheduled_end_time","scheduled_minutes","net_minutes","total_paused_minutes","pause_count","pause_history","subject","was_late","was_overtime","note","created_at") VALUES('att-cy-0407-01',NULL,'stu-cy-01','user-canyon-t1','acad-5386360c','2026-04-07','15:58','17:32','16:00','17:30',90,90,0,0,'[]','수학',0,0,NULL,'2026-04-13 05:02:49');
INSERT INTO "attendance_records" ("id","session_id","student_id","teacher_id","academy_id","date","check_in_time","check_out_time","scheduled_start_time","scheduled_end_time","scheduled_minutes","net_minutes","total_paused_minutes","pause_count","pause_history","subject","was_late","was_overtime","note","created_at") VALUES('att-cy-0407-02',NULL,'stu-cy-02','user-canyon-t1','acad-5386360c','2026-04-07','16:05','17:30','16:00','17:30',90,85,0,0,'[]','수학',1,0,'가렌 오빠가 늦게 데려다줌','2026-04-13 05:02:49');
INSERT INTO "attendance_records" ("id","session_id","student_id","teacher_id","academy_id","date","check_in_time","check_out_time","scheduled_start_time","scheduled_end_time","scheduled_minutes","net_minutes","total_paused_minutes","pause_count","pause_history","subject","was_late","was_overtime","note","created_at") VALUES('att-cy-0407-03',NULL,'stu-cy-03','user-canyon-t1','acad-5386360c','2026-04-07','17:55','19:28','18:00','19:30',90,83,5,1,'[{"start":"18:40","end":"18:45","reason":"바람쐬고 옴"}]','수학',0,0,NULL,'2026-04-13 05:02:49');
INSERT INTO "attendance_records" ("id","session_id","student_id","teacher_id","academy_id","date","check_in_time","check_out_time","scheduled_start_time","scheduled_end_time","scheduled_minutes","net_minutes","total_paused_minutes","pause_count","pause_history","subject","was_late","was_overtime","note","created_at") VALUES('att-cy-0407-04',NULL,'stu-cy-04','user-canyon-t1','acad-5386360c','2026-04-07','18:00','19:30','18:00','19:30',90,90,0,0,'[]','수학',0,0,NULL,'2026-04-13 05:02:49');
INSERT INTO "attendance_records" ("id","session_id","student_id","teacher_id","academy_id","date","check_in_time","check_out_time","scheduled_start_time","scheduled_end_time","scheduled_minutes","net_minutes","total_paused_minutes","pause_count","pause_history","subject","was_late","was_overtime","note","created_at") VALUES('att-cy-0407-05',NULL,'stu-cy-07','user-canyon-t1','acad-5386360c','2026-04-07','20:00','21:40','20:00','21:30',90,95,0,0,'[]','수학',0,1,'질문이 많아서 10분 연장','2026-04-13 05:02:49');
INSERT INTO "attendance_records" ("id","session_id","student_id","teacher_id","academy_id","date","check_in_time","check_out_time","scheduled_start_time","scheduled_end_time","scheduled_minutes","net_minutes","total_paused_minutes","pause_count","pause_history","subject","was_late","was_overtime","note","created_at") VALUES('att-cy-0408-01',NULL,'stu-cy-02','user-canyon-t2','acad-5386360c','2026-04-08','17:00','18:30','17:00','18:30',90,90,0,0,'[]','영어',0,0,NULL,'2026-04-13 05:02:49');
INSERT INTO "attendance_records" ("id","session_id","student_id","teacher_id","academy_id","date","check_in_time","check_out_time","scheduled_start_time","scheduled_end_time","scheduled_minutes","net_minutes","total_paused_minutes","pause_count","pause_history","subject","was_late","was_overtime","note","created_at") VALUES('att-cy-0408-02',NULL,'stu-cy-04','user-canyon-t2','acad-5386360c','2026-04-08','18:00','19:30','18:00','19:30',90,90,0,0,'[]','영어',0,0,NULL,'2026-04-13 05:02:49');
INSERT INTO "attendance_records" ("id","session_id","student_id","teacher_id","academy_id","date","check_in_time","check_out_time","scheduled_start_time","scheduled_end_time","scheduled_minutes","net_minutes","total_paused_minutes","pause_count","pause_history","subject","was_late","was_overtime","note","created_at") VALUES('att-cy-0408-03',NULL,'stu-cy-06','user-canyon-t2','acad-5386360c','2026-04-08','19:00','20:30','19:00','20:30',90,90,0,0,'[]','영어',0,0,NULL,'2026-04-13 05:02:49');
INSERT INTO "attendance_records" ("id","session_id","student_id","teacher_id","academy_id","date","check_in_time","check_out_time","scheduled_start_time","scheduled_end_time","scheduled_minutes","net_minutes","total_paused_minutes","pause_count","pause_history","subject","was_late","was_overtime","note","created_at") VALUES('att-cy-0409-01',NULL,'stu-cy-01','user-canyon-t1','acad-5386360c','2026-04-09','16:00','17:30','16:00','17:30',90,90,0,0,'[]','수학',0,0,NULL,'2026-04-13 05:02:49');
INSERT INTO "attendance_records" ("id","session_id","student_id","teacher_id","academy_id","date","check_in_time","check_out_time","scheduled_start_time","scheduled_end_time","scheduled_minutes","net_minutes","total_paused_minutes","pause_count","pause_history","subject","was_late","was_overtime","note","created_at") VALUES('att-cy-0409-02',NULL,'stu-cy-03','user-canyon-t1','acad-5386360c','2026-04-09','18:10','19:30','18:00','19:30',90,80,0,0,'[]','수학',1,0,'또 늦음... 요네 형이 걱정됨','2026-04-13 05:02:49');
INSERT INTO "attendance_records" ("id","session_id","student_id","teacher_id","academy_id","date","check_in_time","check_out_time","scheduled_start_time","scheduled_end_time","scheduled_minutes","net_minutes","total_paused_minutes","pause_count","pause_history","subject","was_late","was_overtime","note","created_at") VALUES('att-cy-0409-03',NULL,'stu-cy-05','user-canyon-t1','acad-5386360c','2026-04-09','19:00','20:35','19:00','20:30',90,90,0,0,'[]','수학',0,1,'문제 풀다가 흥분해서 연장','2026-04-13 05:02:49');
INSERT INTO "attendance_records" ("id","session_id","student_id","teacher_id","academy_id","date","check_in_time","check_out_time","scheduled_start_time","scheduled_end_time","scheduled_minutes","net_minutes","total_paused_minutes","pause_count","pause_history","subject","was_late","was_overtime","note","created_at") VALUES('att-cy-0409-04',NULL,'stu-cy-08','user-canyon-t1','acad-5386360c','2026-04-09','20:00','21:30','20:00','21:30',90,90,0,0,'[]','수학',0,0,NULL,'2026-04-13 05:02:49');
INSERT INTO "attendance_records" ("id","session_id","student_id","teacher_id","academy_id","date","check_in_time","check_out_time","scheduled_start_time","scheduled_end_time","scheduled_minutes","net_minutes","total_paused_minutes","pause_count","pause_history","subject","was_late","was_overtime","note","created_at") VALUES('att-cy-0410-01',NULL,'stu-cy-06','user-canyon-t2','acad-5386360c','2026-04-10','19:00','20:30','19:00','20:30',90,90,0,0,'[]','영어',0,0,NULL,'2026-04-13 05:02:49');
INSERT INTO "attendance_records" ("id","session_id","student_id","teacher_id","academy_id","date","check_in_time","check_out_time","scheduled_start_time","scheduled_end_time","scheduled_minutes","net_minutes","total_paused_minutes","pause_count","pause_history","subject","was_late","was_overtime","note","created_at") VALUES('att-cy-0410-02',NULL,'stu-cy-07','user-canyon-t2','acad-5386360c','2026-04-10','20:00','21:30','20:00','21:30',90,90,0,0,'[]','영어',0,0,NULL,'2026-04-13 05:02:49');
INSERT INTO "attendance_records" ("id","session_id","student_id","teacher_id","academy_id","date","check_in_time","check_out_time","scheduled_start_time","scheduled_end_time","scheduled_minutes","net_minutes","total_paused_minutes","pause_count","pause_history","subject","was_late","was_overtime","note","created_at") VALUES('att-cy-0411-01',NULL,'stu-cy-05','user-canyon-t1','acad-5386360c','2026-04-11','19:00','20:30','19:00','20:30',90,85,5,1,'[{"start":"19:30","end":"19:35","reason":"폭발물 정리(?)"}]','수학',0,0,NULL,'2026-04-13 05:02:49');
INSERT INTO "attendance_records" ("id","session_id","student_id","teacher_id","academy_id","date","check_in_time","check_out_time","scheduled_start_time","scheduled_end_time","scheduled_minutes","net_minutes","total_paused_minutes","pause_count","pause_history","subject","was_late","was_overtime","note","created_at") VALUES('att-cy-0411-02',NULL,'stu-cy-08','user-canyon-t1','acad-5386360c','2026-04-11','20:05','21:30','20:00','21:30',90,85,0,0,'[]','수학',1,0,'시간 되돌리기 실패','2026-04-13 05:02:49');
INSERT INTO "attendance_records" ("id","session_id","student_id","teacher_id","academy_id","date","check_in_time","check_out_time","scheduled_start_time","scheduled_end_time","scheduled_minutes","net_minutes","total_paused_minutes","pause_count","pause_history","subject","was_late","was_overtime","note","created_at") VALUES('3559f5bf-e41a-42cd-8800-faa1f98a594c','9c9343b8-6222-439f-88e9-1e32e2af23cb','stu-cy-06','user-canyon-t2','acad-5386360c','2026-04-13','2026-04-13T05:11:16.059Z','2026-04-13T05:11:26.160Z',NULL,NULL,90,0,0,0,'[]',NULL,0,0,NULL,'2026-04-13 05:11:26');
INSERT INTO "attendance_records" ("id","session_id","student_id","teacher_id","academy_id","date","check_in_time","check_out_time","scheduled_start_time","scheduled_end_time","scheduled_minutes","net_minutes","total_paused_minutes","pause_count","pause_history","subject","was_late","was_overtime","note","created_at") VALUES('64410e6e-0a1b-444d-9276-853be9e7f9b2','b45a178a-3be5-4948-8063-186b07b2db14','stu-cy-02','user-canyon-t2','acad-5386360c','2026-04-13','2026-04-13T05:11:21.009Z','2026-04-13T05:11:29.415Z','16:00','17:30',90,0,0,0,'[]','수학',0,0,NULL,'2026-04-13 05:11:29');
INSERT INTO "attendance_records" ("id","session_id","student_id","teacher_id","academy_id","date","check_in_time","check_out_time","scheduled_start_time","scheduled_end_time","scheduled_minutes","net_minutes","total_paused_minutes","pause_count","pause_history","subject","was_late","was_overtime","note","created_at") VALUES('7441377a-f78c-48ef-9d81-f9bdc783c4cd','4dd4014a-b4fa-4d1c-b609-e169864a2b52','stu-cy-04','user-canyon-t2','acad-5386360c','2026-04-13','2026-04-13T05:17:15.557Z','2026-04-13T05:17:26.660Z','18:00','19:30',90,0,0,1,'[{"pausedAt":"2026-04-13T05:17:18.996Z","reason":"외출","resumedAt":"2026-04-13T05:17:26.660Z"}]','수학',0,0,NULL,'2026-04-13 05:17:26');
INSERT INTO "attendance_records" ("id","session_id","student_id","teacher_id","academy_id","date","check_in_time","check_out_time","scheduled_start_time","scheduled_end_time","scheduled_minutes","net_minutes","total_paused_minutes","pause_count","pause_history","subject","was_late","was_overtime","note","created_at") VALUES('6f92a1f7-2f2c-4395-b052-f5ff54adef06','e9bff01a-dee7-412e-a986-f494f98ec4f5','stu-cy-07','user-canyon-t2','acad-5386360c','2026-04-13','2026-04-13T05:17:21.666Z','2026-04-13T05:17:29.910Z','20:00','21:30',90,0,0,0,'[]','수학',0,0,NULL,'2026-04-13 05:17:30');
INSERT INTO "attendance_records" ("id","session_id","student_id","teacher_id","academy_id","date","check_in_time","check_out_time","scheduled_start_time","scheduled_end_time","scheduled_minutes","net_minutes","total_paused_minutes","pause_count","pause_history","subject","was_late","was_overtime","note","created_at") VALUES('042775cc-1a70-4ef2-bac1-673004168e7b','c4b9e76f-6469-4353-a623-4c7a85a7a1a3','stu-cy-02','user-canyon-t2','acad-5386360c','2026-04-13','2026-04-13T05:19:37.110Z','2026-04-13T05:19:49.900Z','16:00','17:30',90,0,0,0,'[]','수학',0,0,NULL,'2026-04-13 05:19:50');
INSERT INTO "attendance_records" ("id","session_id","student_id","teacher_id","academy_id","date","check_in_time","check_out_time","scheduled_start_time","scheduled_end_time","scheduled_minutes","net_minutes","total_paused_minutes","pause_count","pause_history","subject","was_late","was_overtime","note","created_at") VALUES('e30e08d7-7d46-4c70-9789-274a0fa29530','142e4ce0-6172-4507-aae1-800685e5636a','student-5645a3fs4','user-57ppx9v61','acad-1','2026-04-13','2026-04-13T02:18:31.392Z','2026-04-13T08:56:27.683Z',NULL,NULL,90,0,397,1,'[{"pausedAt":"2026-04-13T02:18:52.943Z","reason":"화장실","resumedAt":"2026-04-13T08:56:27.683Z"}]',NULL,0,0,NULL,'2026-04-13 08:56:27');
INSERT INTO "attendance_records" ("id","session_id","student_id","teacher_id","academy_id","date","check_in_time","check_out_time","scheduled_start_time","scheduled_end_time","scheduled_minutes","net_minutes","total_paused_minutes","pause_count","pause_history","subject","was_late","was_overtime","note","created_at") VALUES('2d4f78a8-366e-4f18-8353-107448bc7246','4aed9352-a620-45f5-9159-acce6969927c','student-0mc8orloi','user-57ppx9v61','acad-1','2026-04-16','2026-04-16T05:05:42.796Z','2026-04-16T05:19:26.852Z','20:00','21:30',90,13,0,1,'[{"pausedAt":"2026-04-16T05:05:55.164Z","resumedAt":"2026-04-16T05:05:59.231Z"}]','수학',0,0,NULL,'2026-04-16 05:19:27');
INSERT INTO "attendance_records" ("id","session_id","student_id","teacher_id","academy_id","date","check_in_time","check_out_time","scheduled_start_time","scheduled_end_time","scheduled_minutes","net_minutes","total_paused_minutes","pause_count","pause_history","subject","was_late","was_overtime","note","created_at") VALUES('bdb50fa4-7086-4af8-bfdc-25b9c7e24aa7','dfac13f5-c949-4580-9e8e-e10ef244ff53','student-ggf2bon55','user-57ppx9v61','acad-1','2026-04-16','2026-04-16T06:50:50.056Z','2026-04-16T08:23:16.084Z','15:30','17:00',90,92,0,0,'[]','수학',0,1,NULL,'2026-04-16 08:23:16');
INSERT INTO "attendance_records" ("id","session_id","student_id","teacher_id","academy_id","date","check_in_time","check_out_time","scheduled_start_time","scheduled_end_time","scheduled_minutes","net_minutes","total_paused_minutes","pause_count","pause_history","subject","was_late","was_overtime","note","created_at") VALUES('883e3297-59c6-4c9d-8cfc-ecc5bfa7f219','ccaf414a-5912-4f3c-b7d1-11b1ec25f873','student-q5ecu8748','user-57ppx9v61','acad-1','2026-04-16','2026-04-16T07:01:48.611Z','2026-04-16T08:30:58.557Z','17:00','18:30',90,89,0,0,'[]','수학',0,0,NULL,'2026-04-16 08:30:59');
INSERT INTO "attendance_records" ("id","session_id","student_id","teacher_id","academy_id","date","check_in_time","check_out_time","scheduled_start_time","scheduled_end_time","scheduled_minutes","net_minutes","total_paused_minutes","pause_count","pause_history","subject","was_late","was_overtime","note","created_at") VALUES('c35b19c5-e02f-4364-9687-9cddb19d05bc','f61b7054-128b-4413-8ab1-acdc931b9973','student-p3kgxnsyw','user-57ppx9v61','acad-1','2026-04-16','2026-04-16T09:09:23.185Z','2026-04-16T09:13:12.211Z','17:00','18:30',90,3,0,0,'[]','수학',0,0,NULL,'2026-04-16 09:13:12');
INSERT INTO "attendance_records" ("id","session_id","student_id","teacher_id","academy_id","date","check_in_time","check_out_time","scheduled_start_time","scheduled_end_time","scheduled_minutes","net_minutes","total_paused_minutes","pause_count","pause_history","subject","was_late","was_overtime","note","created_at") VALUES('83143418-67fc-4d2e-90fd-b1cb08311b53','30956975-075d-4e4a-93eb-df5682e12fb3','student-5645a3fs4','user-57ppx9v61','acad-1','2026-04-16','2026-04-16T11:15:13.550Z','2026-04-16T11:48:19.231Z','16:00','17:30',90,1,32,1,'[{"pausedAt":"2026-04-16T11:15:20.176Z","resumedAt":"2026-04-16T11:48:19.231Z"}]','수학',0,0,NULL,'2026-04-16 11:48:19');
INSERT INTO "attendance_records" ("id","session_id","student_id","teacher_id","academy_id","date","check_in_time","check_out_time","scheduled_start_time","scheduled_end_time","scheduled_minutes","net_minutes","total_paused_minutes","pause_count","pause_history","subject","was_late","was_overtime","note","created_at") VALUES('a0387fe7-4017-40dd-aaa7-3440587e2790','5b49c01c-1a1c-46b2-b64f-854f2132acf0','stu-cy-06','user-canyon-t2','acad-5386360c','2026-04-17','2026-04-17T05:07:25.338Z','2026-04-17T05:08:00.239Z',NULL,NULL,90,0,0,1,'[{"pausedAt":"2026-04-17T05:07:43.651Z","reason":"화장실","resumedAt":"2026-04-17T05:07:54.591Z"}]',NULL,0,0,NULL,'2026-04-17 05:08:00');
INSERT INTO "attendance_records" ("id","session_id","student_id","teacher_id","academy_id","date","check_in_time","check_out_time","scheduled_start_time","scheduled_end_time","scheduled_minutes","net_minutes","total_paused_minutes","pause_count","pause_history","subject","was_late","was_overtime","note","created_at") VALUES('2d0c8027-ece5-48d0-9d8f-2b10e47fdf61','7378e7ce-e0f8-490d-a629-972da8f614fb','student-r558f899h','user-57ppx9v61','acad-1','2026-04-17','2026-04-17T07:43:22.984Z','2026-04-17T09:53:33.867Z','19:00','20:30',90,39,91,1,'[{"pausedAt":"2026-04-17T08:21:36.109Z","reason":"외출","resumedAt":"2026-04-17T09:53:33.867Z"}]','수학',0,0,NULL,'2026-04-17 09:53:34');
INSERT INTO "attendance_records" ("id","session_id","student_id","teacher_id","academy_id","date","check_in_time","check_out_time","scheduled_start_time","scheduled_end_time","scheduled_minutes","net_minutes","total_paused_minutes","pause_count","pause_history","subject","was_late","was_overtime","note","created_at") VALUES('bc350d01-93a1-4426-94c5-d3ab129c92bc','4440c299-f557-4b42-8e83-d26fe3a0237b','student-t1xikskhy','user-57ppx9v61','acad-1','2026-04-18','2026-04-18T04:04:16.577Z','2026-04-18T05:29:08.998Z','14:00','15:30',90,84,0,0,'[]','수학',0,0,NULL,'2026-04-18 05:29:09');
INSERT INTO "attendance_records" ("id","session_id","student_id","teacher_id","academy_id","date","check_in_time","check_out_time","scheduled_start_time","scheduled_end_time","scheduled_minutes","net_minutes","total_paused_minutes","pause_count","pause_history","subject","was_late","was_overtime","note","created_at") VALUES('cd2f1810-6a58-4eef-b67f-e8197d95d9f4','d6aec934-659f-43a6-af33-c093064a60c7','student-7gioy6c0x','user-57ppx9v61','acad-1','2026-04-18','2026-04-18T04:06:55.999Z','2026-04-18T05:33:27.738Z','13:00','14:30',90,86,0,0,'[]','수학',0,0,NULL,'2026-04-18 05:33:28');
INSERT INTO "attendance_records" ("id","session_id","student_id","teacher_id","academy_id","date","check_in_time","check_out_time","scheduled_start_time","scheduled_end_time","scheduled_minutes","net_minutes","total_paused_minutes","pause_count","pause_history","subject","was_late","was_overtime","note","created_at") VALUES('47c8d425-92a0-48f1-a6cd-0c373dbfec19','c2197d3c-e413-4973-bee5-402562be4f80','student-fbcy3xfzp','user-57ppx9v61','acad-1','2026-04-18','2026-04-18T04:14:16.209Z','2026-04-18T05:38:00.356Z','12:30','14:00',90,83,0,0,'[]','수학',0,0,NULL,'2026-04-18 05:38:00');
INSERT INTO "attendance_records" ("id","session_id","student_id","teacher_id","academy_id","date","check_in_time","check_out_time","scheduled_start_time","scheduled_end_time","scheduled_minutes","net_minutes","total_paused_minutes","pause_count","pause_history","subject","was_late","was_overtime","note","created_at") VALUES('ae8859c7-7b9d-47b7-b9e4-f4d602f6c396','84f0c928-5a22-4332-8697-41cb0260cad7','student-5645a3fs4','user-57ppx9v61','acad-1','2026-04-18','2026-04-18T04:14:09.513Z','2026-04-18T05:42:18.542Z','14:00','15:30',90,88,0,0,'[]','수학',0,0,NULL,'2026-04-18 05:42:18');
INSERT INTO "attendance_records" ("id","session_id","student_id","teacher_id","academy_id","date","check_in_time","check_out_time","scheduled_start_time","scheduled_end_time","scheduled_minutes","net_minutes","total_paused_minutes","pause_count","pause_history","subject","was_late","was_overtime","note","created_at") VALUES('ede65b86-a99b-4aa9-9b23-eb22b3e4a7d8','f64b7f4c-2e42-45d7-af70-d300c7603464','student-mtoq5wqb6','user-57ppx9v61','acad-1','2026-04-18','2026-04-18T04:42:33.159Z','2026-04-18T06:08:52.200Z','13:00','14:30',90,86,0,0,'[]','수학',0,0,NULL,'2026-04-18 06:08:52');
INSERT INTO "attendance_records" ("id","session_id","student_id","teacher_id","academy_id","date","check_in_time","check_out_time","scheduled_start_time","scheduled_end_time","scheduled_minutes","net_minutes","total_paused_minutes","pause_count","pause_history","subject","was_late","was_overtime","note","created_at") VALUES('f2f20b4d-9a1b-4c20-b583-fb8da6256b84','8bdb9bdb-3b8e-422d-821f-8df3bf4a4d72','student-s54ihowlx','user-57ppx9v61','acad-1','2026-04-18','2026-04-18T04:46:41.733Z','2026-04-18T06:20:23.446Z','16:00','19:00',180,93,0,0,'[]','수학',0,0,NULL,'2026-04-18 06:20:23');
INSERT INTO "attendance_records" ("id","session_id","student_id","teacher_id","academy_id","date","check_in_time","check_out_time","scheduled_start_time","scheduled_end_time","scheduled_minutes","net_minutes","total_paused_minutes","pause_count","pause_history","subject","was_late","was_overtime","note","created_at") VALUES('3e7400e8-b28a-4c73-bdcb-f1bd56abb96b','80671b45-da31-475d-9923-d148f36981c6','student-b8tu5sggp','user-57ppx9v61','acad-1','2026-04-18','2026-04-18T04:03:49.624Z','2026-04-18T06:20:31.795Z','14:00','17:00',180,136,0,0,'[]','수학',0,0,NULL,'2026-04-18 06:20:32');
INSERT INTO "attendance_records" ("id","session_id","student_id","teacher_id","academy_id","date","check_in_time","check_out_time","scheduled_start_time","scheduled_end_time","scheduled_minutes","net_minutes","total_paused_minutes","pause_count","pause_history","subject","was_late","was_overtime","note","created_at") VALUES('6a8d339c-840f-4e21-bdf5-e75e91635b6a','4a33ff0e-cb62-4b2f-903c-96c05cb23f8b','student-ni7f87smv','user-57ppx9v61','acad-1','2026-04-18','2026-04-18T06:20:26.863Z','2026-04-18T07:56:54.243Z','13:00','14:30',90,96,0,0,'[]','수학',0,1,NULL,'2026-04-18 07:56:54');
INSERT INTO "attendance_records" ("id","session_id","student_id","teacher_id","academy_id","date","check_in_time","check_out_time","scheduled_start_time","scheduled_end_time","scheduled_minutes","net_minutes","total_paused_minutes","pause_count","pause_history","subject","was_late","was_overtime","note","created_at") VALUES('27bd408f-8759-412b-9d12-f9e131eecc83','d6ff848b-deeb-4931-8423-aecda106e552','student-a7wi0zma6','user-57ppx9v61','acad-1','2026-04-18','2026-04-18T05:45:59.313Z','2026-04-18T09:01:18.633Z','12:00','13:30',90,195,0,0,'[]','수학',0,1,NULL,'2026-04-18 09:01:18');
INSERT INTO "attendance_records" ("id","session_id","student_id","teacher_id","academy_id","date","check_in_time","check_out_time","scheduled_start_time","scheduled_end_time","scheduled_minutes","net_minutes","total_paused_minutes","pause_count","pause_history","subject","was_late","was_overtime","note","created_at") VALUES('b2b4532a-32fc-46e5-b728-79ad61781afd','6cd2f9ff-1ec6-492b-85dd-f4cdc024b614','student-nb8y8m656','user-57ppx9v61','acad-1','2026-04-18','2026-04-18T05:58:45.613Z','2026-04-18T09:01:19.231Z','14:00','15:30',90,182,0,0,'[]','수학',0,1,NULL,'2026-04-18 09:01:19');
INSERT INTO "attendance_records" ("id","session_id","student_id","teacher_id","academy_id","date","check_in_time","check_out_time","scheduled_start_time","scheduled_end_time","scheduled_minutes","net_minutes","total_paused_minutes","pause_count","pause_history","subject","was_late","was_overtime","note","created_at") VALUES('dbc02b4c-ffb6-4a17-a962-9b9e8c5b9cfd','5ef350ee-458e-4c17-814b-f3ca81fed227','student-b8tu5sggp','user-57ppx9v61','acad-1','2026-04-19','2026-04-19T06:33:22.357Z','2026-04-19T09:19:11.511Z',NULL,NULL,90,105,60,1,'[{"pausedAt":"2026-04-19T06:33:34.095Z","reason":"외출","resumedAt":"2026-04-19T07:33:56.137Z"}]',NULL,0,1,NULL,'2026-04-19 09:19:11');
INSERT INTO "attendance_records" ("id","session_id","student_id","teacher_id","academy_id","date","check_in_time","check_out_time","scheduled_start_time","scheduled_end_time","scheduled_minutes","net_minutes","total_paused_minutes","pause_count","pause_history","subject","was_late","was_overtime","note","created_at") VALUES('14467edc-7e48-45e5-b036-9ef35d58181c','580932ea-131c-4376-a418-0c5b5521eb42','student-fbcy3xfzp','user-57ppx9v61','acad-1','2026-04-19','2026-04-19T07:15:22.756Z','2026-04-19T09:20:10.443Z','12:00','12:00',90,124,0,0,'[]','수학',0,1,NULL,'2026-04-19 09:20:10');
INSERT INTO "attendance_records" ("id","session_id","student_id","teacher_id","academy_id","date","check_in_time","check_out_time","scheduled_start_time","scheduled_end_time","scheduled_minutes","net_minutes","total_paused_minutes","pause_count","pause_history","subject","was_late","was_overtime","note","created_at") VALUES('8ef97e71-6c4a-4c65-b67f-ef4f3c5bdf67','7cd72364-b427-4a26-a04b-581e8341da37','student-a7wi0zma6','user-57ppx9v61','acad-1','2026-04-19','2026-04-19T07:42:08.715Z','2026-04-19T10:11:11.311Z','20:30','20:30',90,149,0,0,'[]','수학',0,1,NULL,'2026-04-19 10:11:11');
INSERT INTO "attendance_records" ("id","session_id","student_id","teacher_id","academy_id","date","check_in_time","check_out_time","scheduled_start_time","scheduled_end_time","scheduled_minutes","net_minutes","total_paused_minutes","pause_count","pause_history","subject","was_late","was_overtime","note","created_at") VALUES('706e778f-37c3-4f1b-be2a-866146fd6e39','352ab264-fb04-4c9a-a9f2-99b936985773','student-ue92sdab0','user-57ppx9v61','acad-1','2026-04-19','2026-04-19T06:33:57.517Z','2026-04-19T10:11:16.789Z',NULL,NULL,90,217,0,0,'[]',NULL,0,1,NULL,'2026-04-19 10:11:17');
INSERT INTO "attendance_records" ("id","session_id","student_id","teacher_id","academy_id","date","check_in_time","check_out_time","scheduled_start_time","scheduled_end_time","scheduled_minutes","net_minutes","total_paused_minutes","pause_count","pause_history","subject","was_late","was_overtime","note","created_at") VALUES('58b957ba-e3f4-463f-a559-166fbd5dcd8c','ee2cda30-0ef5-4d94-8fe7-aa62af410d09','student-q5ecu8748','user-57ppx9v61','acad-1','2026-04-21','2026-04-21T06:55:17.144Z','2026-04-21T08:25:43.646Z','17:00','18:30',90,90,0,0,'[]','수학',0,0,NULL,'2026-04-21 08:25:43');
INSERT INTO "attendance_records" ("id","session_id","student_id","teacher_id","academy_id","date","check_in_time","check_out_time","scheduled_start_time","scheduled_end_time","scheduled_minutes","net_minutes","total_paused_minutes","pause_count","pause_history","subject","was_late","was_overtime","note","created_at") VALUES('05a454d9-52d8-4c03-a659-c7dfe4f33cd1','f5f20a06-b6d8-4d0b-8426-1a128e6f97ba','student-9bsetl4ct','user-57ppx9v61','acad-1','2026-04-21','2026-04-21T06:59:58.355Z','2026-04-21T08:30:08.349Z',NULL,NULL,90,90,0,0,'[]','중1 반',0,0,NULL,'2026-04-21 08:30:08');
INSERT INTO "attendance_records" ("id","session_id","student_id","teacher_id","academy_id","date","check_in_time","check_out_time","scheduled_start_time","scheduled_end_time","scheduled_minutes","net_minutes","total_paused_minutes","pause_count","pause_history","subject","was_late","was_overtime","note","created_at") VALUES('61181dab-a475-46d6-83ad-ddb11ebc1d96','6e3586e3-c11f-4dcf-bee0-2f2db15825d1','student-r558f899h','user-57ppx9v61','acad-1','2026-04-21','2026-04-21T07:46:11.032Z','2026-04-21T09:22:49.244Z','16:00','17:30',90,96,0,0,'[]','수학',0,1,NULL,'2026-04-21 09:22:49');
INSERT INTO "attendance_records" ("id","session_id","student_id","teacher_id","academy_id","date","check_in_time","check_out_time","scheduled_start_time","scheduled_end_time","scheduled_minutes","net_minutes","total_paused_minutes","pause_count","pause_history","subject","was_late","was_overtime","note","created_at") VALUES('bd44e0d6-cbe3-48da-a46c-57ccd8a874c3','0c57d228-41a4-4590-b257-8f8043b32b83','student-ggf2bon55','user-57ppx9v61','acad-1','2026-04-21','2026-04-21T09:22:07.864Z','2026-04-21T10:29:01.290Z','17:00','18:30',90,66,0,0,'[]','수학',0,0,NULL,'2026-04-21 10:29:01');
INSERT INTO "attendance_records" ("id","session_id","student_id","teacher_id","academy_id","date","check_in_time","check_out_time","scheduled_start_time","scheduled_end_time","scheduled_minutes","net_minutes","total_paused_minutes","pause_count","pause_history","subject","was_late","was_overtime","note","created_at") VALUES('dbfb4024-1cb1-45e9-9824-87749607bbf0','3b7edcfd-2f44-4be5-bb23-9c24d79ceb07','student-rks9au7mm','user-57ppx9v61','acad-1','2026-04-21','2026-04-21T09:16:01.590Z','2026-04-21T10:36:03.143Z','20:00','09:30',90,80,0,0,'[]','수학',0,0,NULL,'2026-04-21 10:36:03');
INSERT INTO "attendance_records" ("id","session_id","student_id","teacher_id","academy_id","date","check_in_time","check_out_time","scheduled_start_time","scheduled_end_time","scheduled_minutes","net_minutes","total_paused_minutes","pause_count","pause_history","subject","was_late","was_overtime","note","created_at") VALUES('8ef0d354-6f85-4ae9-b385-44188ba728d7','19ef8a7a-3a36-4f04-8de5-b32461d1b214','student-6cxbm886s','user-57ppx9v61','acad-1','2026-04-21','2026-04-21T09:16:33.527Z','2026-04-21T10:39:30.421Z',NULL,NULL,90,82,0,0,'[]',NULL,0,0,NULL,'2026-04-21 10:39:30');
INSERT INTO "attendance_records" ("id","session_id","student_id","teacher_id","academy_id","date","check_in_time","check_out_time","scheduled_start_time","scheduled_end_time","scheduled_minutes","net_minutes","total_paused_minutes","pause_count","pause_history","subject","was_late","was_overtime","note","created_at") VALUES('b59ba5bf-2b16-4ece-9547-c8c4d963897a','3d9f7c79-56f3-4431-9dd9-278b719edbc5','student-nb8y8m656','user-57ppx9v61','acad-1','2026-04-21','2026-04-21T09:53:01.204Z','2026-04-21T11:23:35.868Z','18:30','20:00',90,90,0,0,'[]','수학',0,0,NULL,'2026-04-21 11:23:36');
INSERT INTO "attendance_records" ("id","session_id","student_id","teacher_id","academy_id","date","check_in_time","check_out_time","scheduled_start_time","scheduled_end_time","scheduled_minutes","net_minutes","total_paused_minutes","pause_count","pause_history","subject","was_late","was_overtime","note","created_at") VALUES('513962da-03fd-454a-9a20-8f96f1ca21f1','62fbcc77-717e-450d-929e-147b8ce1a60c','student-ue92sdab0','user-57ppx9v61','acad-1','2026-04-21','2026-04-21T09:53:45.778Z','2026-04-21T11:23:41.515Z','19:00','20:30',90,89,0,0,'[]','수학',0,0,NULL,'2026-04-21 11:23:41');
INSERT INTO "attendance_records" ("id","session_id","student_id","teacher_id","academy_id","date","check_in_time","check_out_time","scheduled_start_time","scheduled_end_time","scheduled_minutes","net_minutes","total_paused_minutes","pause_count","pause_history","subject","was_late","was_overtime","note","created_at") VALUES('a78d20a1-950c-4862-9cbe-d6180db90857','2bebcd5c-3162-4206-9adb-fe37aaa54f4a','student-t1xikskhy','user-57ppx9v61','acad-1','2026-04-21','2026-04-21T10:31:54.737Z','2026-04-21T12:00:04.533Z','19:30','21:00',90,88,0,0,'[]','수학',0,0,NULL,'2026-04-21 12:00:04');
INSERT INTO "attendance_records" ("id","session_id","student_id","teacher_id","academy_id","date","check_in_time","check_out_time","scheduled_start_time","scheduled_end_time","scheduled_minutes","net_minutes","total_paused_minutes","pause_count","pause_history","subject","was_late","was_overtime","note","created_at") VALUES('6b0a9219-cbed-470a-934b-fd9939a2dfd8','2a36b2df-4418-4df0-bc0e-fe82de9c26a8','student-0mc8orloi','user-57ppx9v61','acad-1','2026-04-21','2026-04-21T10:56:24.203Z','2026-04-21T23:10:09.168Z','20:00','21:30',90,733,0,0,'[]','수학',0,1,NULL,'2026-04-21 23:10:09');
INSERT INTO "attendance_records" ("id","session_id","student_id","teacher_id","academy_id","date","check_in_time","check_out_time","scheduled_start_time","scheduled_end_time","scheduled_minutes","net_minutes","total_paused_minutes","pause_count","pause_history","subject","was_late","was_overtime","note","created_at") VALUES('a078de83-7460-466e-9936-a54d8fb21c44','2860e75a-e018-42e1-8c79-b2bcae8d2900','student-ni7f87smv','user-57ppx9v61','acad-1','2026-04-21','2026-04-21T10:43:30.612Z','2026-04-21T23:10:13.000Z','19:30','21:00',90,746,0,0,'[]','수학',0,1,NULL,'2026-04-21 23:10:13');
INSERT INTO "attendance_records" ("id","session_id","student_id","teacher_id","academy_id","date","check_in_time","check_out_time","scheduled_start_time","scheduled_end_time","scheduled_minutes","net_minutes","total_paused_minutes","pause_count","pause_history","subject","was_late","was_overtime","note","created_at") VALUES('8d3a21ca-af03-4046-b403-a000f20addc1','eb6a4125-8e9e-4903-8b5a-81b2b637c9af','student-fbcy3xfzp','user-57ppx9v61','acad-1','2026-04-21','2026-04-21T10:11:00.630Z','2026-04-21T23:10:16.935Z','19:30','20:30',60,762,17,1,'[{"pausedAt":"2026-04-21T10:11:25.477Z","reason":"외출","resumedAt":"2026-04-21T10:29:04.939Z"}]','수학',0,1,NULL,'2026-04-21 23:10:17');
CREATE TABLE print_materials (
  id TEXT PRIMARY KEY,
  student_id TEXT NOT NULL,
  title TEXT NOT NULL,
  memo TEXT DEFAULT '',
  status TEXT NOT NULL DEFAULT 'todo',  -- 'todo' | 'done'
  file_url TEXT DEFAULT '',
  created_by TEXT NOT NULL,
  created_at TEXT NOT NULL DEFAULT (datetime('now')),
  completed_at TEXT,
  FOREIGN KEY (student_id) REFERENCES students(id)
);
INSERT INTO "print_materials" ("id","student_id","title","memo","status","file_url","created_by","created_at","completed_at") VALUES('mat-mnvt6zpdlo1h4','student-ggf2bon55','하위권용 쉬운 중2교제 제작','','done','https://drive.google.com/drive/folders/1enGk5pSvXrGqcGqViJLL2Q9FUHtCqaK7?hl=ko','user-57ppx9v61','2026-04-12 13:38:10','2026-04-13 09:17:46');
INSERT INTO "print_materials" ("id","student_id","title","memo","status","file_url","created_by","created_at","completed_at") VALUES('mat-mnvt82q8388yg','student-ni7f87smv','시지고, 확통/대수 유인물 기반 문제지 제작','','done','','user-57ppx9v61','2026-04-12 13:39:01','2026-04-13 14:06:34');
INSERT INTO "print_materials" ("id","student_id","title","memo","status","file_url","created_by","created_at","completed_at") VALUES('mat-mnvta3sih78dv','student-q5ecu8748','si 단위계 문제지 제작','','done','','user-57ppx9v61','2026-04-12 13:40:37','2026-04-13 14:06:36');
INSERT INTO "print_materials" ("id","student_id","title","memo","status","file_url","created_by","created_at","completed_at") VALUES('mat-mnvtalsn07g1f','student-q5ecu8748','식의계산 도형 버전 교제 제작','','done','','user-57ppx9v61','2026-04-12 13:40:59','2026-04-13 14:06:38');
INSERT INTO "print_materials" ("id","student_id","title","memo","status","file_url","created_by","created_at","completed_at") VALUES('mat-mnvtbrj1je9fn','student-s54ihowlx','확통 최단경로 문제 제작','','done','','user-57ppx9v61','2026-04-12 13:41:53','2026-04-14 16:22:41');
INSERT INTO "print_materials" ("id","student_id","title","memo","status","file_url","created_by","created_at","completed_at") VALUES('mat-mnvtc8czgz7mj','student-b8tu5sggp','미적 확인및 개념 및 문제 제작 수특용','','done','','user-57ppx9v61','2026-04-12 13:42:14','2026-04-17 10:04:20');
INSERT INTO "print_materials" ("id","student_id","title","memo","status","file_url","created_by","created_at","completed_at") VALUES('mat-mnvtdly1519iv','student-7gioy6c0x','ib sl 시험 대비용 기초+ 페이크 문제 제작','','done','','user-57ppx9v61','2026-04-12 13:43:19','2026-04-13 14:06:40');
INSERT INTO "print_materials" ("id","student_id","title","memo","status","file_url","created_by","created_at","completed_at") VALUES('mat-mnvtdsspd7xgq','student-7gioy6c0x','ib sl 고난이도 시험 제작','','done','','user-57ppx9v61','2026-04-12 13:43:28','2026-04-13 14:06:41');
INSERT INTO "print_materials" ("id","student_id","title","memo","status","file_url","created_by","created_at","completed_at") VALUES('mat-mnvtegb31sks6','student-nb8y8m656','시지고, 확통/대수 유인물 기반 문제지 제작','','done','','user-57ppx9v61','2026-04-12 13:43:58','2026-04-13 14:06:44');
INSERT INTO "print_materials" ("id","student_id","title","memo","status","file_url","created_by","created_at","completed_at") VALUES('mat-mnvtezpaczjkd','student-p3kgxnsyw','기억은 안나는데 드라이브 뒤쟈서 만들어주기','','done','','user-57ppx9v61','2026-04-12 13:44:23','2026-04-14 16:22:37');
INSERT INTO "print_materials" ("id","student_id","title","memo","status","file_url","created_by","created_at","completed_at") VALUES('pm-cy-01','stu-cy-03','방정식 기초 (1) - 바람을 잡아라','일차방정식 기본. 야스오 맞춤','done','','user-canyon-t1','2026-04-08','2026-04-09');
INSERT INTO "print_materials" ("id","student_id","title","memo","status","file_url","created_by","created_at","completed_at") VALUES('pm-cy-02','stu-cy-03','방정식 기초 (2) - 폭풍의 길','연립방정식','done','','user-canyon-t1','2026-04-09','2026-04-10');
INSERT INTO "print_materials" ("id","student_id","title","memo","status","file_url","created_by","created_at","completed_at") VALUES('pm-cy-03','stu-cy-03','방정식 심화 (3) - 최후의 숨결','이차방정식 입문','todo','','user-canyon-t1','2026-04-10',NULL);
INSERT INTO "print_materials" ("id","student_id","title","memo","status","file_url","created_by","created_at","completed_at") VALUES('pm-cy-04','stu-cy-08','시간관리 연습 프린트','제한시간 내 문제풀이 훈련. 시간은 되돌릴 수 없다','todo','','user-canyon-t1','2026-04-11',NULL);
INSERT INTO "print_materials" ("id","student_id","title","memo","status","file_url","created_by","created_at","completed_at") VALUES('pm-cy-05','stu-cy-06','영어 독해 심화','Unit 3 고급 지문. 칼날같은 정확도 유지','done','','user-canyon-t2','2026-04-07','2026-04-08');
INSERT INTO "print_materials" ("id","student_id","title","memo","status","file_url","created_by","created_at","completed_at") VALUES('pm-cy-06','stu-cy-07','영어 어휘 100제','Unit 3~4 핵심 단어','todo','','user-canyon-t2','2026-04-10',NULL);
INSERT INTO "print_materials" ("id","student_id","title","memo","status","file_url","created_by","created_at","completed_at") VALUES('pm-cy-07','stu-cy-01','연산 집중 훈련','계산 실수 방지용. 탐험 전에 기초부터!','todo','','user-canyon-t1','2026-04-11',NULL);
INSERT INTO "print_materials" ("id","student_id","title","memo","status","file_url","created_by","created_at","completed_at") VALUES('pm-cy-08','stu-cy-05','서술형 풀이 가이드','징크스용. 흥분하지 말고 차분하게 쓰기 연습','todo','','user-canyon-t1','2026-04-11',NULL);
CREATE TABLE invitations (
  id TEXT PRIMARY KEY,
  academy_id TEXT NOT NULL,
  code TEXT UNIQUE NOT NULL,
  role TEXT DEFAULT 'instructor',
  created_by TEXT NOT NULL,
  used_by TEXT,
  expires_at DATETIME NOT NULL,
  created_at DATETIME DEFAULT CURRENT_TIMESTAMP,
  FOREIGN KEY (academy_id) REFERENCES academies(id),
  FOREIGN KEY (created_by) REFERENCES users(id)
);
INSERT INTO "invitations" ("id","academy_id","code","role","created_by","used_by","expires_at","created_at") VALUES('inv-00352fa9','acad-5386360c','STRRL9','instructor','user-aa73897d',NULL,'2026-04-20T05:08:45.369Z','2026-04-13 05:08:45');
INSERT INTO "invitations" ("id","academy_id","code","role","created_by","used_by","expires_at","created_at") VALUES('inv-9f5fad9d','acad-5386360c','8ZERZN','instructor','user-aa73897d',NULL,'2026-04-20T05:08:46.661Z','2026-04-13 05:08:46');
INSERT INTO "invitations" ("id","academy_id","code","role","created_by","used_by","expires_at","created_at") VALUES('inv-79755333','acad-1','YXV9W7','instructor','user-57ppx9v61',NULL,'2026-04-22T01:47:23.811Z','2026-04-15 01:47:23');
INSERT INTO "invitations" ("id","academy_id","code","role","created_by","used_by","expires_at","created_at") VALUES('inv-064f3726','acad-1','RL84X7','instructor','user-57ppx9v61',NULL,'2026-04-29T13:44:33.733Z','2026-04-22 13:44:33');
CREATE TABLE meetings (
  id TEXT PRIMARY KEY,
  academy_id TEXT NOT NULL,
  title TEXT NOT NULL DEFAULT '회의',
  audio_url TEXT,
  transcript TEXT,
  summary TEXT,
  key_decisions TEXT,        -- JSON array
  status TEXT NOT NULL DEFAULT 'recording',  -- recording | transcribing | summarizing | done | error
  error_message TEXT,
  duration_seconds INTEGER,
  participants TEXT,          -- JSON array of names
  created_by TEXT NOT NULL,
  created_at TEXT NOT NULL DEFAULT (datetime('now')),
  updated_at TEXT NOT NULL DEFAULT (datetime('now')),
  FOREIGN KEY (academy_id) REFERENCES academies(id),
  FOREIGN KEY (created_by) REFERENCES users(id)
);
INSERT INTO "meetings" ("id","academy_id","title","audio_url","transcript","summary","key_decisions","status","error_message","duration_seconds","participants","created_by","created_at","updated_at") VALUES('d19ac53e-b02b-4fd3-8135-85ab1b6985f9','acad-1','4월 학습 방향 논의',NULL,replace('서재용: 이번 달 중간고사 준비 어떻게 할까요? 수학 기본 개념 복습이 필요한 학생이 많아요.\n김선생: 맞아요. 특히 중2 학생들 함수 파트가 약해요. 다음 주부터 보충 수업을 넣으면 좋겠어요.\n서재용: 그러면 화요일 6시에 보충반 열죠. 김선생님이 담당해주세요. 기한은 이번 달 말까지.\n김선생: 네, 그리고 고1 학생들은 내신 대비 모의고사를 주 1회 실시하는 건 어떨까요?\n서재용: 좋습니다. 금요일 7시에 모의고사 시간 잡아요. 제가 담당할게요. 5월 중간고사 전까지 4회 진행합시다.','\n',char(10)),'4월 학습 방향 논의 회의에서는 중간고사 준비에 대한 전략을 세웠습니다. 수학 기본 개념 복습의 필요성이 제기되었으며, 특히 중2 학생들의 함수 파트 보강을 위해 다음 주부터 보충 수업을 진행하기로 결정했습니다. 또한, 고1 학생들의 내신 대비를 위해 주 1회 모의고사를 실시하여 5월 중간고사 전까지 총 4회 진행할 계획입니다.','["중2 학생 함수 파트 보충 수업 진행","고1 학생 내신 대비 모의고사 주 1회 실시"]','done',NULL,NULL,'["서재용","김선생"]','user-57ppx9v61','2026-04-13 15:07:38','2026-04-13 15:07:46');
CREATE TABLE meeting_actions (
  id TEXT PRIMARY KEY,
  meeting_id TEXT NOT NULL,
  title TEXT NOT NULL,
  assignee_name TEXT,
  due_date TEXT,
  status TEXT NOT NULL DEFAULT 'pending',  -- pending | done
  created_at TEXT NOT NULL DEFAULT (datetime('now')),
  FOREIGN KEY (meeting_id) REFERENCES meetings(id) ON DELETE CASCADE
);
INSERT INTO "meeting_actions" ("id","meeting_id","title","assignee_name","due_date","status","created_at") VALUES('2d46b9c4-7804-41f3-a1e2-badbb62e7895','d19ac53e-b02b-4fd3-8135-85ab1b6985f9','중2 학생 함수 파트 보충 수업 개설 및 진행','김선생','2024-04-30','pending','2026-04-13 15:07:46');
INSERT INTO "meeting_actions" ("id","meeting_id","title","assignee_name","due_date","status","created_at") VALUES('91bda621-8d88-4989-852a-d4d746d888d8','d19ac53e-b02b-4fd3-8135-85ab1b6985f9','고1 학생 내신 대비 모의고사 실시 (주 1회, 총 4회)','서재용','2024-05-17','pending','2026-04-13 15:07:46');
CREATE TABLE gacha_students (
  id TEXT PRIMARY KEY,
  academy_id TEXT NOT NULL,
  teacher_id TEXT NOT NULL,
  name TEXT NOT NULL,
  pin_hash TEXT NOT NULL,
  pin_salt TEXT NOT NULL,
  grade TEXT,
  status TEXT DEFAULT 'active',
  created_at DATETIME DEFAULT (datetime('now')),
  updated_at DATETIME, school TEXT,
  UNIQUE(academy_id, teacher_id, name)
);
INSERT INTO "gacha_students" ("id","academy_id","teacher_id","name","pin_hash","pin_salt","grade","status","created_at","updated_at","school") VALUES('gstu-5bb3d086','acad-357dc181','user-2e560e4c','ui학생-uimny0xlgd','112338f0e6fc4ea3100ff48c5bd277efbaba4597166e9b7786de4343ae6f081d','f200fceb9512caea6d0b694d37a4bbbc','중1','active','2026-04-14T02:50:24.748Z',NULL,NULL);
INSERT INTO "gacha_students" ("id","academy_id","teacher_id","name","pin_hash","pin_salt","grade","status","created_at","updated_at","school") VALUES('gstu-0fdeead7','acad-357dc181','user-2e560e4c','ui학생-uimny0zdxr','3570ac855bcd8bf8e69cdf5775119f03a23ef12b6be52256f9fcfab66b2ec9a4','dbd17b26ff9de4d8eb29a148e8f0df8c','중1','active','2026-04-14T02:51:47.567Z',NULL,NULL);
INSERT INTO "gacha_students" ("id","academy_id","teacher_id","name","pin_hash","pin_salt","grade","status","created_at","updated_at","school") VALUES('gstu-739ea40c','acad-357dc181','user-2e560e4c','ui학생-uimny11bk6','3ff15e018072f7ef815c5e02035e431dc953494211e55ad7a75e4f6416c24cd5','fb79383db4d0ed74bc29f25efbb849ef','중1','active','2026-04-14T02:53:18.494Z',NULL,NULL);
INSERT INTO "gacha_students" ("id","academy_id","teacher_id","name","pin_hash","pin_salt","grade","status","created_at","updated_at","school") VALUES('gstu-af854865','acad-357dc181','user-2e560e4c','ui학생-uimny13mqn','6053583de1606cf116d4b2b7b6b5dfe93864d41d10cfd948bd9847f4c6f9d742','713a17a42fbc441e238d40ab0a960792','중1','active','2026-04-14T02:55:05.293Z',NULL,NULL);
INSERT INTO "gacha_students" ("id","academy_id","teacher_id","name","pin_hash","pin_salt","grade","status","created_at","updated_at","school") VALUES('gstu-2c8e6e26','acad-357dc181','user-2e560e4c','ui학생-uimny1e3jn','1a0664ffb748505ff797d092d69d59e3df16de5b56b14ab9b3bc5facbc2f2b49','7f2a22de6fd2931a41d0ba5262ebdcc2','중1','active','2026-04-14T03:03:15.603Z',NULL,NULL);
INSERT INTO "gacha_students" ("id","academy_id","teacher_id","name","pin_hash","pin_salt","grade","status","created_at","updated_at","school") VALUES('gstu-ff518b4e','acad-357dc181','user-2e560e4c','ui학생-uimny1g788','a4b26ac9bba359415f95c4cdb6497dac725cc8718fdbb8120b8ee2d6937640d1','6c0547d591a890931ff6b159f0360ab3','중1','active','2026-04-14T03:04:52.257Z',NULL,NULL);
INSERT INTO "gacha_students" ("id","academy_id","teacher_id","name","pin_hash","pin_salt","grade","status","created_at","updated_at","school") VALUES('gstu-83ff4bce','acad-357dc181','user-2e560e4c','ui학생-uimny1iv70','374246882bb29c2f214659ef2f884e648b0a1ff7c674f9943ef98863fff99fdb','2cbd613ce85c1a5e9be2ff5a5e323c48','중1','active','2026-04-14T03:06:57.097Z',NULL,NULL);
INSERT INTO "gacha_students" ("id","academy_id","teacher_id","name","pin_hash","pin_salt","grade","status","created_at","updated_at","school") VALUES('gstu-f37bff73','acad-1','user-57ppx9v61','이루다','3349916951e3eb067e1dffa0d734869a0effbf00d084e2ca898cdf5423f6449e','84c1ad9d95923bb66fc6bf8572acef43','미지정','active','2026-04-14T03:20:16.129Z',NULL,NULL);
INSERT INTO "gacha_students" ("id","academy_id","teacher_id","name","pin_hash","pin_salt","grade","status","created_at","updated_at","school") VALUES('gstu-d8fbe641','acad-1','user-57ppx9v61','강은서','94ca7598cbcd7f52183ee5eab422d518a1adbe1cfa5626c950b206e53e7db29e','7a07e3cb90d76f5aa348ccd11c2e8ce5','미지정','active','2026-04-14T03:21:32.068Z','2026-04-20T13:48:57.312Z',NULL);
INSERT INTO "gacha_students" ("id","academy_id","teacher_id","name","pin_hash","pin_salt","grade","status","created_at","updated_at","school") VALUES('gstu-f99dcc53','acad-1','user-57ppx9v61','공민준','d79e95810468bdca52f3fef4ee1bf9147b107d122c6fa1386c90549ce30f35ea','ae35a5de980a952bbbe12d420d329bde','미지정','active','2026-04-14T03:21:33.115Z',NULL,NULL);
INSERT INTO "gacha_students" ("id","academy_id","teacher_id","name","pin_hash","pin_salt","grade","status","created_at","updated_at","school") VALUES('gstu-843ced94','acad-1','user-57ppx9v61','권도훈','d1bd54cad2b085ce66ab6bd1fdf45f668bcd89e8d05e3984da356df0954007e0','b562b272bb33b3046b67e2109046d5c2','미지정','active','2026-04-14T03:21:34.131Z',NULL,NULL);
INSERT INTO "gacha_students" ("id","academy_id","teacher_id","name","pin_hash","pin_salt","grade","status","created_at","updated_at","school") VALUES('gstu-f5d289c3','acad-1','user-57ppx9v61','권순우','0432235b0e267763104da5d29e94d4497ac90c2403ce1cae62bdab6d698b9dbc','32d6abfb10971dbaa496607d18eb8ff6','미지정','active','2026-04-14T03:21:35.149Z',NULL,NULL);
INSERT INTO "gacha_students" ("id","academy_id","teacher_id","name","pin_hash","pin_salt","grade","status","created_at","updated_at","school") VALUES('gstu-c58076fa','acad-1','user-57ppx9v61','김광민','0fd81158c83e13aea0fa2269115da0b02cb9a7402af1d6626011de6e127855d0','364c3c26a10da367a25abc876ab7e5d5','미지정','active','2026-04-14T03:21:36.178Z',NULL,NULL);
INSERT INTO "gacha_students" ("id","academy_id","teacher_id","name","pin_hash","pin_salt","grade","status","created_at","updated_at","school") VALUES('gstu-9d4cdc47','acad-1','user-57ppx9v61','김덕연','9628a808afc7a0027df90cedad0e0c1d414df418e8d755f02e4908ab08a0471b','94e886c166b70669dca63a1283b4536c','미지정','active','2026-04-14T03:21:37.233Z',NULL,NULL);
INSERT INTO "gacha_students" ("id","academy_id","teacher_id","name","pin_hash","pin_salt","grade","status","created_at","updated_at","school") VALUES('gstu-98d3c2f3','acad-1','user-57ppx9v61','김도윤','f0166f280bcfe0356cd6190302c2b7c39c4aafed4124fa7fa93936605cba726b','b9137463cc4d9e1e9c38788e65df3654','미지정','active','2026-04-14T03:21:38.264Z',NULL,NULL);
INSERT INTO "gacha_students" ("id","academy_id","teacher_id","name","pin_hash","pin_salt","grade","status","created_at","updated_at","school") VALUES('gstu-b4b73874','acad-1','user-57ppx9v61','김도현','6f5e03b8ac9065df4266cf1ebe9d1172baeedf282a88d7c1bf757e022cbd0718','b2156b5038301e7f3018f4ce39c3d21b','미지정','active','2026-04-14T03:21:39.271Z',NULL,NULL);
INSERT INTO "gacha_students" ("id","academy_id","teacher_id","name","pin_hash","pin_salt","grade","status","created_at","updated_at","school") VALUES('gstu-0611fd2d','acad-1','user-57ppx9v61','김성준','35b4a607a5fbc1e4baf047b5d7338d1cb5eb17fb2debe529a2c04712d21b91d6','fd595a233128d5083a07aac349678de9','미지정','active','2026-04-14T03:21:40.295Z',NULL,NULL);
INSERT INTO "gacha_students" ("id","academy_id","teacher_id","name","pin_hash","pin_salt","grade","status","created_at","updated_at","school") VALUES('gstu-659336f2','acad-1','user-57ppx9v61','김시우','68eb81b51830133f9123a1c170ec52b984496e32ed101ddcde99fb9936d66a82','6206f7100ed0a1fcdfd40735309b8000','미지정','active','2026-04-14T03:21:41.302Z',NULL,NULL);
INSERT INTO "gacha_students" ("id","academy_id","teacher_id","name","pin_hash","pin_salt","grade","status","created_at","updated_at","school") VALUES('gstu-81a518b9','acad-1','user-57ppx9v61','김은서','866151bf23f35b822271374a8ef5659d8e478e917da6f51486fc6b06163c718c','886966264693acbaa93f2f2d8aec379d','미지정','active','2026-04-14T03:21:42.337Z',NULL,NULL);
INSERT INTO "gacha_students" ("id","academy_id","teacher_id","name","pin_hash","pin_salt","grade","status","created_at","updated_at","school") VALUES('gstu-465e7b77','acad-1','user-57ppx9v61','김은지','6ed0e82dc82c8919052298ba481ac5d5abcd0e21833eeac5ba93c887c182e4a0','f11ca66f78aa6d540a43ce31a01ee1d1','미지정','active','2026-04-14T03:21:43.333Z',NULL,NULL);
INSERT INTO "gacha_students" ("id","academy_id","teacher_id","name","pin_hash","pin_salt","grade","status","created_at","updated_at","school") VALUES('gstu-681cae0c','acad-1','user-57ppx9v61','김지후','ed7507ae9a18abbf5dbed0c8a3c22c85ee189a6edccfc2dfedcfdef1f65832b8','913ecd5298d125b86d43f203c46c1c1f','미지정','active','2026-04-14T03:21:44.357Z',NULL,NULL);
INSERT INTO "gacha_students" ("id","academy_id","teacher_id","name","pin_hash","pin_salt","grade","status","created_at","updated_at","school") VALUES('gstu-6a4fc516','acad-1','user-57ppx9v61','김태영','578100fd537a0f2c38de24139602525ff8c9fe01924309baed09414a1a17a33c','628ff5a016faa047548c852ea89c3f2d','미지정','active','2026-04-14T03:21:45.397Z',NULL,NULL);
INSERT INTO "gacha_students" ("id","academy_id","teacher_id","name","pin_hash","pin_salt","grade","status","created_at","updated_at","school") VALUES('gstu-8b12b446','acad-1','user-57ppx9v61','김태현','1b927b3d18f51f425fcc1f2277b0d0259966d49d22596847c8d2c21da1c5e48d','2d576afe54c89de21f7df1525ff9feaf','미지정','active','2026-04-14T03:21:46.407Z',NULL,NULL);
INSERT INTO "gacha_students" ("id","academy_id","teacher_id","name","pin_hash","pin_salt","grade","status","created_at","updated_at","school") VALUES('gstu-b1a87f4f','acad-1','user-57ppx9v61','김하진','012ee04728c576ee63a4882fb0962aad2acaaa74242e4569448138f56ab8f8f2','cf42297df8a6380cf50ec5bff6202967','미지정','active','2026-04-14T03:21:47.427Z',NULL,NULL);
INSERT INTO "gacha_students" ("id","academy_id","teacher_id","name","pin_hash","pin_salt","grade","status","created_at","updated_at","school") VALUES('gstu-7c6fa930','acad-1','user-57ppx9v61','라우림','72419f037c36f18832f2bbf9b0c619c3df695ebbeb96dd89316a05b29e9b2bf2','03190ca04c0d84de220621208fd2165a','미지정','active','2026-04-14T03:21:48.505Z',NULL,NULL);
INSERT INTO "gacha_students" ("id","academy_id","teacher_id","name","pin_hash","pin_salt","grade","status","created_at","updated_at","school") VALUES('gstu-1cfc9624','acad-1','user-57ppx9v61','류하진','a66ab0320b65b353d29502bfd6330d98a52f242a626f0964d7b3d8bd7909407d','d9441f8072a94bd3a4bb3447069b8fa6','미지정','active','2026-04-14T03:21:49.650Z',NULL,NULL);
INSERT INTO "gacha_students" ("id","academy_id","teacher_id","name","pin_hash","pin_salt","grade","status","created_at","updated_at","school") VALUES('gstu-7bdf24a6','acad-1','user-57ppx9v61','류호진','2439c9fd593fc18d6e579dac4bf5fb887ed24a644a39122ea6327308748b090c','4f3fe47203f30c960ffc034d3d7c7313','미지정','active','2026-04-14T03:21:50.754Z',NULL,NULL);
INSERT INTO "gacha_students" ("id","academy_id","teacher_id","name","pin_hash","pin_salt","grade","status","created_at","updated_at","school") VALUES('gstu-ced1029b','acad-1','user-57ppx9v61','박도윤','022df7c6bd470319e589cb059ee8f7e672656fe811e6d1e416d0cf703a5ae7da','b4b083633e2a0304e419f50b4a7f385f','미지정','active','2026-04-14T03:21:51.790Z',NULL,NULL);
INSERT INTO "gacha_students" ("id","academy_id","teacher_id","name","pin_hash","pin_salt","grade","status","created_at","updated_at","school") VALUES('gstu-c3026596','acad-1','user-57ppx9v61','박도은','ed4f55034b3feff75de45477edcdca77a65807e176cad21e765bfe62f0c95166','bc23a8cf4c572a8bc3653280095b7704','미지정','active','2026-04-14T03:21:52.850Z',NULL,NULL);
INSERT INTO "gacha_students" ("id","academy_id","teacher_id","name","pin_hash","pin_salt","grade","status","created_at","updated_at","school") VALUES('gstu-5c29c4f1','acad-1','user-57ppx9v61','박동진','348334afb28a09c1d751707a2aeeacfa26810b049ea395f3115d0c7e850fe218','00406453b4f18f1b2fd0761b711a9ccf','미지정','active','2026-04-14T03:21:53.909Z',NULL,NULL);
INSERT INTO "gacha_students" ("id","academy_id","teacher_id","name","pin_hash","pin_salt","grade","status","created_at","updated_at","school") VALUES('gstu-f361b275','acad-1','user-57ppx9v61','박시현','fecb6c93a51937135b7d0c099416242c6256a7d1e28948ec4535631b8b99c63f','17bfe8f44f121f8ebcf7124cf03dede5','미지정','active','2026-04-14T03:21:54.961Z',NULL,NULL);
INSERT INTO "gacha_students" ("id","academy_id","teacher_id","name","pin_hash","pin_salt","grade","status","created_at","updated_at","school") VALUES('gstu-56a65ba3','acad-1','user-57ppx9v61','박예원','da9d71a1b7ec2e904bcfbe0f599c7e64d81c624b2a36ab1e3adfbbaf76890e77','8ebcea5d8d5f0db492b356dc5ede59b0','미지정','active','2026-04-14T03:21:56.029Z',NULL,NULL);
INSERT INTO "gacha_students" ("id","academy_id","teacher_id","name","pin_hash","pin_salt","grade","status","created_at","updated_at","school") VALUES('gstu-05fc6b72','acad-1','user-57ppx9v61','박예지','efdf001bcf7aa513bbdac3d069d74bc1e8c6a25f95a150f00c54157e271327ac','ceae2d167efb949dea2cbc43edc1edff','미지정','active','2026-04-14T03:21:57.116Z',NULL,NULL);
INSERT INTO "gacha_students" ("id","academy_id","teacher_id","name","pin_hash","pin_salt","grade","status","created_at","updated_at","school") VALUES('gstu-16e651f1','acad-1','user-57ppx9v61','손동민','140106ec58747a5e9aafd2bc89ffde6e6708175abf911ee945777dcd2f013733','4349239477f2a4dc87af7f2a8fc90dc4','미지정','active','2026-04-14T03:21:58.188Z',NULL,NULL);
INSERT INTO "gacha_students" ("id","academy_id","teacher_id","name","pin_hash","pin_salt","grade","status","created_at","updated_at","school") VALUES('gstu-23749c86','acad-1','user-57ppx9v61','송하선','cea753cdd4cebd1acfbbe3f22feb2310f703cdf5ef88bca2a797383500b0332d','a605f487c49f2d7db225a5f879e9eaf7','미지정','active','2026-04-14T03:21:59.260Z',NULL,NULL);
INSERT INTO "gacha_students" ("id","academy_id","teacher_id","name","pin_hash","pin_salt","grade","status","created_at","updated_at","school") VALUES('gstu-8196e3e5','acad-1','user-57ppx9v61','신채원','18c9cdf8c269600bddd679beb5277f3a50cc286ce523c146e98997022ea2d4a6','70b8735fcdcb9845b5a1e79c9e2878d1','미지정','active','2026-04-14T03:22:00.308Z',NULL,NULL);
INSERT INTO "gacha_students" ("id","academy_id","teacher_id","name","pin_hash","pin_salt","grade","status","created_at","updated_at","school") VALUES('gstu-924a19c9','acad-1','user-57ppx9v61','예원','24563bcf66a16660c9c76b6ecff3f31462507656f46cb75dcad5aca37a54f066','fba81a6d09a83d2d315b8edc33785cb6','미지정','active','2026-04-14T03:22:01.333Z',NULL,NULL);
INSERT INTO "gacha_students" ("id","academy_id","teacher_id","name","pin_hash","pin_salt","grade","status","created_at","updated_at","school") VALUES('gstu-3ef06cca','acad-1','user-57ppx9v61','윤슬아','dc437545e1baebe19281ec55a28ab1e1ac2b266a04eaa1f0f91942c1b45d2c99','2b442012f9fe5a95166f8bb72f2733ae','미지정','active','2026-04-14T03:22:02.388Z',NULL,NULL);
INSERT INTO "gacha_students" ("id","academy_id","teacher_id","name","pin_hash","pin_salt","grade","status","created_at","updated_at","school") VALUES('gstu-035ae552','acad-1','user-57ppx9v61','윤승환','869a3c0878faf35fc64d01d550e39679fa205275b51a28187b85704b7f4ed15e','fce911b4df68c3e67d07e64cebaefe3d','미지정','active','2026-04-14T03:22:03.454Z',NULL,NULL);
INSERT INTO "gacha_students" ("id","academy_id","teacher_id","name","pin_hash","pin_salt","grade","status","created_at","updated_at","school") VALUES('gstu-550a29e6','acad-1','user-57ppx9v61','윤지후','091f37cc841d88b4972dd47671df3063cce0515a1621ed45932ee11e985f7364','790fa67c3cdc79c7502954d9b1be309a','미지정','active','2026-04-14T03:22:04.516Z',NULL,NULL);
INSERT INTO "gacha_students" ("id","academy_id","teacher_id","name","pin_hash","pin_salt","grade","status","created_at","updated_at","school") VALUES('gstu-4e67aaa6','acad-1','user-57ppx9v61','이서윤','80d54f500bd3ab51ad6910382564fe3a1908038e9a9c9f8847d7c909c75b60b8','b82b646a7e85a598ecc0d657ce34adba','미지정','active','2026-04-14T03:22:05.562Z',NULL,NULL);
INSERT INTO "gacha_students" ("id","academy_id","teacher_id","name","pin_hash","pin_salt","grade","status","created_at","updated_at","school") VALUES('gstu-48555cac','acad-1','user-57ppx9v61','이승민','a6d09fd3523d49db0372b787636834e535d4771f049d73c9423c1f006f9364c1','b08b698b77841bd9573f18da8ddad4d5','미지정','active','2026-04-14T03:22:06.587Z',NULL,NULL);
INSERT INTO "gacha_students" ("id","academy_id","teacher_id","name","pin_hash","pin_salt","grade","status","created_at","updated_at","school") VALUES('gstu-89bdf8e1','acad-1','user-57ppx9v61','이승윤','e34a56662b0ec47dca8c3a7d0ff922272bcd81875bfe68275f598e958f1f1441','a92961b26a7a2105d528d49e46d4a441','미지정','active','2026-04-14T03:22:07.637Z',NULL,NULL);
INSERT INTO "gacha_students" ("id","academy_id","teacher_id","name","pin_hash","pin_salt","grade","status","created_at","updated_at","school") VALUES('gstu-4b603f79','acad-1','user-57ppx9v61','이주헌','8dac483888bd34b7216c43b538609cce452a33040e712be84af5cb9173b4bf8b','23c29d1c0bd6149cc233b0cb88d30f8c','미지정','active','2026-04-14T03:22:08.709Z',NULL,NULL);
INSERT INTO "gacha_students" ("id","academy_id","teacher_id","name","pin_hash","pin_salt","grade","status","created_at","updated_at","school") VALUES('gstu-a8bd1026','acad-1','user-57ppx9v61','임지안','9d8e78da25413e85577d21398f911b37642ab6b938890d9f8d0535b9201716f9','e352ccf373966a9538088ace262f8d15','미지정','active','2026-04-14T03:22:09.876Z',NULL,NULL);
INSERT INTO "gacha_students" ("id","academy_id","teacher_id","name","pin_hash","pin_salt","grade","status","created_at","updated_at","school") VALUES('gstu-b1e48a62','acad-1','user-57ppx9v61','장민재','afe071f27b6f741bbe9c3b3c7319535d7698687c2f9fa0cb4d8e7571655f4722','dca0c10f9c10830de896ab67a0998a53','미지정','active','2026-04-14T03:22:11.013Z',NULL,NULL);
INSERT INTO "gacha_students" ("id","academy_id","teacher_id","name","pin_hash","pin_salt","grade","status","created_at","updated_at","school") VALUES('gstu-7404d02d','acad-1','user-57ppx9v61','장혜연','52249b339620c68a93123339575bc3017e80e3c3ff0bec68e9db06b85b0b2b3d','1a966249d6e9dbecacdca845ee16cc5f','미지정','active','2026-04-14T03:22:12.038Z',NULL,NULL);
INSERT INTO "gacha_students" ("id","academy_id","teacher_id","name","pin_hash","pin_salt","grade","status","created_at","updated_at","school") VALUES('gstu-c4b35596','acad-1','user-57ppx9v61','장혜정','444c7b1b960cc1f7fe5677a65675c6276832c9bc2dba6893d817fd78cf83451e','0d0c15324ca82d0ace816bb0d3fb9ce5','미지정','active','2026-04-14T03:22:13.049Z',NULL,NULL);
INSERT INTO "gacha_students" ("id","academy_id","teacher_id","name","pin_hash","pin_salt","grade","status","created_at","updated_at","school") VALUES('gstu-6f221f03','acad-1','user-57ppx9v61','정윤재','98cabc21c24a2eaf6bd83b9c862dfdf5b9610a20ebe3fb0e74f26f452b437803','64cc8c7f36d67ddfb7ac75b840dafe27','미지정','active','2026-04-14T03:22:14.100Z',NULL,NULL);
INSERT INTO "gacha_students" ("id","academy_id","teacher_id","name","pin_hash","pin_salt","grade","status","created_at","updated_at","school") VALUES('gstu-6378e008','acad-1','user-57ppx9v61','정지효','3f36b6edf0876b4a7710be632e05dbc439a730a15c07f67d9ec70aa08b6ad5d8','99e8f24ad225bf09b7f8bf93e0db7a39','미지정','active','2026-04-14T03:22:15.129Z',NULL,NULL);
INSERT INTO "gacha_students" ("id","academy_id","teacher_id","name","pin_hash","pin_salt","grade","status","created_at","updated_at","school") VALUES('gstu-d986c575','acad-1','user-57ppx9v61','최고은','8b25c30468d3ef7c0f55705229c51ec0a33a809fd2cb8328063e1280aaf8d7ec','11848521824c9ad35e32990705d2a9f8','미지정','active','2026-04-14T03:22:16.185Z',NULL,NULL);
INSERT INTO "gacha_students" ("id","academy_id","teacher_id","name","pin_hash","pin_salt","grade","status","created_at","updated_at","school") VALUES('gstu-83a52acf','acad-1','user-57ppx9v61','최보은','a5ac4a006ab34e511c3a869cfb883502539767c8b772afd5c0747d33477ab00f','59a96b04873c77008ce4b84eeeedcf8b','미지정','active','2026-04-14T03:22:17.268Z',NULL,NULL);
INSERT INTO "gacha_students" ("id","academy_id","teacher_id","name","pin_hash","pin_salt","grade","status","created_at","updated_at","school") VALUES('gstu-87473ca0','acad-1','user-57ppx9v61','최예지','44856404c1893aa9f775314128b985c01bf09bfbf0af2aae9276861403dcf58c','d4c81255b79c65c6cb9c40f7eaed0498','미지정','active','2026-04-14T03:22:18.336Z',NULL,NULL);
INSERT INTO "gacha_students" ("id","academy_id","teacher_id","name","pin_hash","pin_salt","grade","status","created_at","updated_at","school") VALUES('gstu-a58d910b','acad-1','user-57ppx9v61','하진서','ee39ebb2dd2659dbb28b2b75134f26a59e28388d55ec727a2aeb9c21ff7b939a','7b784762d1500ecb9af2336f99dd3033','미지정','active','2026-04-14T03:22:19.350Z',NULL,NULL);
INSERT INTO "gacha_students" ("id","academy_id","teacher_id","name","pin_hash","pin_salt","grade","status","created_at","updated_at","school") VALUES('migrated-1772110013518','acad-1','user-57ppx9v61','김시우1','58907c3b12bdc648d296cd9a3fa60e0f2cbee601f5d9ac250c187185df8f7afb','3f46f85e57e8acf66634d1dccbb2a815',NULL,'active','2026-02-26T12:46:53.518Z',NULL,NULL);
INSERT INTO "gacha_students" ("id","academy_id","teacher_id","name","pin_hash","pin_salt","grade","status","created_at","updated_at","school") VALUES('migrated-1773292535189','acad-1','user-57ppx9v61','영어유저','b3091e530c63974563288dddfbaa16b0a4ea6afafff860c64857dcc0f3d8a868','5eb272b89a20d275d0e0f591bef516d6',NULL,'active','2026-03-12T05:15:35.189Z',NULL,NULL);
INSERT INTO "gacha_students" ("id","academy_id","teacher_id","name","pin_hash","pin_salt","grade","status","created_at","updated_at","school") VALUES('migrated-1774258847794','acad-1','user-57ppx9v61','이유성','','',NULL,'active','2026-03-23T09:00:00.000Z',NULL,NULL);
INSERT INTO "gacha_students" ("id","academy_id","teacher_id","name","pin_hash","pin_salt","grade","status","created_at","updated_at","school") VALUES('migrated-1775025082790','acad-1','user-57ppx9v61','김시우2','4d5c1183d31e907a97022c518e803c68b2f3ef6838d0df3c54fba95114523332','24214ba605a7c45e84910d0bfb95bea0',NULL,'active','2026-04-01T06:31:22.792Z',NULL,NULL);
INSERT INTO "gacha_students" ("id","academy_id","teacher_id","name","pin_hash","pin_salt","grade","status","created_at","updated_at","school") VALUES('gstu-17d98fff','acad-357dc181','user-2e560e4c','ui학생-uimnzgit97','b31795f4f482756f881c4d39d50e7402737b3c0a660aa7db04330600183e9113','955923687351deaca067543ae3d719af','중1','active','2026-04-15T02:54:33.321Z',NULL,NULL);
INSERT INTO "gacha_students" ("id","academy_id","teacher_id","name","pin_hash","pin_salt","grade","status","created_at","updated_at","school") VALUES('gstu-3260b37e','acad-357dc181','user-2e560e4c','absent-e2e-mo2okdqf','215d5cb487309ef97e464e0e40059fb223b52a1d11a70c78334b42055b702fbe','f43c2a3cef657a9ae9b1b237af547848','중1','active','2026-04-17T09:03:01.243Z',NULL,NULL);
INSERT INTO "gacha_students" ("id","academy_id","teacher_id","name","pin_hash","pin_salt","grade","status","created_at","updated_at","school") VALUES('gstu-25ae7a2c','acad-1','user-i170bjn6w','김민준','4282d3c793f0ec13ea8e3faa165a2fb4f2ae23a8ff57a02f1b35345c3f0f5f87','3a7a89ed5281127ebd6255d109e3cd8f','고2','active','2026-01-10T09:00:00.000Z',NULL,NULL);
INSERT INTO "gacha_students" ("id","academy_id","teacher_id","name","pin_hash","pin_salt","grade","status","created_at","updated_at","school") VALUES('gstu-ffb51170','acad-1','user-i170bjn6w','이서연','a4962002051e916d3bc313ac79352bf4319ddd9d0a20f60f7c7c1f6a75b6be96','cdee42d1b69f702711e523e78030410e','고1','active','2026-01-11T09:00:00.000Z',NULL,NULL);
INSERT INTO "gacha_students" ("id","academy_id","teacher_id","name","pin_hash","pin_salt","grade","status","created_at","updated_at","school") VALUES('gstu-18d2e175','acad-1','user-i170bjn6w','박지호','d5c95d075685533be3c760e5e284157f25b20b736fd504651846aad4d67b2fd4','6bfe7b17fe1801d3e29aa7b3752d7b27','고2','active','2026-01-12T09:00:00.000Z',NULL,NULL);
INSERT INTO "gacha_students" ("id","academy_id","teacher_id","name","pin_hash","pin_salt","grade","status","created_at","updated_at","school") VALUES('gstu-9d05544d','acad-357dc181','user-2e560e4c','vocab학생-vcmo3kuo4u','4217e057f1c1885f856307ab3e85af0d33171f2fd080e5c85040901f0db277b0','ce3815677fae64f0dc38b018875148fb','중1','active','2026-04-18T00:06:47.631Z',NULL,NULL);
INSERT INTO "gacha_students" ("id","academy_id","teacher_id","name","pin_hash","pin_salt","grade","status","created_at","updated_at","school") VALUES('gstu-e1d6a3e4','acad-357dc181','user-2e560e4c','vocab학생-vcmo3kxsmz','2f2ef3025684006c1980adb2fa7f37e6b5019ef64521231c4ec0eadef8a4b5bf','668ad84d3df2f5045b8b9e50f327d7b6','중1','active','2026-04-18T00:09:13.401Z',NULL,NULL);
INSERT INTO "gacha_students" ("id","academy_id","teacher_id","name","pin_hash","pin_salt","grade","status","created_at","updated_at","school") VALUES('gstu-8590be48','acad-357dc181','user-2e560e4c','vocab학생-vcmo3kz67i','25d4027684f6c566126a8bc09d265d4fecd59f739c15b0a97cd5f957170622ea','9793d3a1104deba70e71f4ef5633a56d','중1','active','2026-04-18T00:10:19.512Z',NULL,NULL);
CREATE TABLE gacha_cards (
  id TEXT PRIMARY KEY,
  academy_id TEXT NOT NULL,
  teacher_id TEXT NOT NULL,
  student_id TEXT,
  type TEXT NOT NULL DEFAULT 'text',
  question TEXT,
  question_image TEXT,
  answer TEXT NOT NULL,
  topic TEXT,
  chapter TEXT,
  grade TEXT,
  box INTEGER DEFAULT 1,
  success_count INTEGER DEFAULT 0,
  fail_count INTEGER DEFAULT 0,
  last_review DATETIME,
  created_at DATETIME DEFAULT (datetime('now')), updated_at DATETIME,
  FOREIGN KEY (student_id) REFERENCES gacha_students(id) ON DELETE SET NULL
);
INSERT INTO "gacha_cards" ("id","academy_id","teacher_id","student_id","type","question","question_image","answer","topic","chapter","grade","box","success_count","fail_count","last_review","created_at","updated_at") VALUES('gcard-bebf5751','acad-357dc181','user-2e560e4c',NULL,'text','E2E: $x^2 + 2x + 1$의 인수분해는?',NULL,'$(x+1)^2$','E2E-완전제곱식',NULL,'중3',1,0,0,NULL,'2026-04-14T02:37:51.692Z','2026-04-14 02:37:53');
INSERT INTO "gacha_cards" ("id","academy_id","teacher_id","student_id","type","question","question_image","answer","topic","chapter","grade","box","success_count","fail_count","last_review","created_at","updated_at") VALUES('gcard-bb9e1487','acad-357dc181','user-2e560e4c',NULL,'text','E2E벌크1: 소수란?',NULL,'1보다 큰 자연수 중 약수가 1과 자기자신뿐인 수',NULL,NULL,NULL,2,1,1,'2026-04-14T02:38:34.762Z','2026-04-14T02:37:53.642Z',NULL);
INSERT INTO "gacha_cards" ("id","academy_id","teacher_id","student_id","type","question","question_image","answer","topic","chapter","grade","box","success_count","fail_count","last_review","created_at","updated_at") VALUES('gcard-b8206c64','acad-357dc181','user-2e560e4c',NULL,'text','통합: 2+3=?',NULL,'5',NULL,NULL,NULL,2,1,0,'2026-04-14T02:38:32.940Z','2026-04-14T02:38:26.495Z',NULL);
INSERT INTO "gacha_cards" ("id","academy_id","teacher_id","student_id","type","question","question_image","answer","topic","chapter","grade","box","success_count","fail_count","last_review","created_at","updated_at") VALUES('gcard-a2348c92','acad-357dc181','user-2e560e4c',NULL,'text','통합: 1/2+1/3=?',NULL,'5/6',NULL,NULL,NULL,1,0,0,NULL,'2026-04-14T02:38:26.495Z',NULL);
INSERT INTO "gacha_cards" ("id","academy_id","teacher_id","student_id","type","question","question_image","answer","topic","chapter","grade","box","success_count","fail_count","last_review","created_at","updated_at") VALUES('gcard-6bb581dd','acad-357dc181','user-2e560e4c',NULL,'text','통합: 12 소인수분해',NULL,'2²×3',NULL,NULL,NULL,1,0,0,NULL,'2026-04-14T02:38:26.495Z',NULL);
INSERT INTO "gacha_cards" ("id","academy_id","teacher_id","student_id","type","question","question_image","answer","topic","chapter","grade","box","success_count","fail_count","last_review","created_at","updated_at") VALUES('gcard-f1752b93','acad-357dc181','user-2e560e4c',NULL,'text','UI테스트 문제1 uimny0xlgd',NULL,'정답1','UI테스트',NULL,NULL,1,0,0,NULL,'2026-04-14T02:50:25.648Z',NULL);
INSERT INTO "gacha_cards" ("id","academy_id","teacher_id","student_id","type","question","question_image","answer","topic","chapter","grade","box","success_count","fail_count","last_review","created_at","updated_at") VALUES('gcard-e3ea670f','acad-357dc181','user-2e560e4c',NULL,'text','UI테스트 문제2 uimny0xlgd',NULL,'정답2','UI테스트',NULL,NULL,1,0,0,NULL,'2026-04-14T02:50:26.221Z',NULL);
INSERT INTO "gacha_cards" ("id","academy_id","teacher_id","student_id","type","question","question_image","answer","topic","chapter","grade","box","success_count","fail_count","last_review","created_at","updated_at") VALUES('gcard-da7820fd','acad-357dc181','user-2e560e4c',NULL,'text','UI테스트 문제3 uimny0xlgd',NULL,'정답3','UI테스트',NULL,NULL,1,0,0,NULL,'2026-04-14T02:50:26.808Z',NULL);
INSERT INTO "gacha_cards" ("id","academy_id","teacher_id","student_id","type","question","question_image","answer","topic","chapter","grade","box","success_count","fail_count","last_review","created_at","updated_at") VALUES('gcard-61f50eac','acad-357dc181','user-2e560e4c',NULL,'text','UI테스트 문제1 uimny0zdxr',NULL,'정답1','UI테스트',NULL,NULL,1,0,0,NULL,'2026-04-14T02:51:48.454Z',NULL);
INSERT INTO "gacha_cards" ("id","academy_id","teacher_id","student_id","type","question","question_image","answer","topic","chapter","grade","box","success_count","fail_count","last_review","created_at","updated_at") VALUES('gcard-6841d6c8','acad-357dc181','user-2e560e4c',NULL,'text','UI테스트 문제2 uimny0zdxr',NULL,'정답2','UI테스트',NULL,NULL,1,0,0,NULL,'2026-04-14T02:51:49.066Z',NULL);
INSERT INTO "gacha_cards" ("id","academy_id","teacher_id","student_id","type","question","question_image","answer","topic","chapter","grade","box","success_count","fail_count","last_review","created_at","updated_at") VALUES('gcard-850cee91','acad-357dc181','user-2e560e4c',NULL,'text','UI테스트 문제3 uimny0zdxr',NULL,'정답3','UI테스트',NULL,NULL,1,0,0,NULL,'2026-04-14T02:51:49.659Z',NULL);
INSERT INTO "gacha_cards" ("id","academy_id","teacher_id","student_id","type","question","question_image","answer","topic","chapter","grade","box","success_count","fail_count","last_review","created_at","updated_at") VALUES('gcard-5768be1a','acad-357dc181','user-2e560e4c',NULL,'text','UI테스트 문제1 uimny11bk6',NULL,'정답1','UI테스트',NULL,NULL,1,0,0,NULL,'2026-04-14T02:53:19.428Z',NULL);
INSERT INTO "gacha_cards" ("id","academy_id","teacher_id","student_id","type","question","question_image","answer","topic","chapter","grade","box","success_count","fail_count","last_review","created_at","updated_at") VALUES('gcard-f34569f1','acad-357dc181','user-2e560e4c',NULL,'text','UI테스트 문제2 uimny11bk6',NULL,'정답2','UI테스트',NULL,NULL,1,0,0,NULL,'2026-04-14T02:53:19.996Z',NULL);
INSERT INTO "gacha_cards" ("id","academy_id","teacher_id","student_id","type","question","question_image","answer","topic","chapter","grade","box","success_count","fail_count","last_review","created_at","updated_at") VALUES('gcard-ddcbb6ea','acad-357dc181','user-2e560e4c',NULL,'text','UI테스트 문제3 uimny11bk6',NULL,'정답3','UI테스트',NULL,NULL,1,0,0,NULL,'2026-04-14T02:53:20.628Z',NULL);
INSERT INTO "gacha_cards" ("id","academy_id","teacher_id","student_id","type","question","question_image","answer","topic","chapter","grade","box","success_count","fail_count","last_review","created_at","updated_at") VALUES('gcard-0c5c3d33','acad-357dc181','user-2e560e4c',NULL,'text','UI테스트 문제1 uimny13mqn',NULL,'정답1','UI테스트',NULL,NULL,1,0,0,NULL,'2026-04-14T02:55:06.212Z',NULL);
INSERT INTO "gacha_cards" ("id","academy_id","teacher_id","student_id","type","question","question_image","answer","topic","chapter","grade","box","success_count","fail_count","last_review","created_at","updated_at") VALUES('gcard-5417d91c','acad-357dc181','user-2e560e4c',NULL,'text','UI테스트 문제2 uimny13mqn',NULL,'정답2','UI테스트',NULL,NULL,1,0,0,NULL,'2026-04-14T02:55:06.808Z',NULL);
INSERT INTO "gacha_cards" ("id","academy_id","teacher_id","student_id","type","question","question_image","answer","topic","chapter","grade","box","success_count","fail_count","last_review","created_at","updated_at") VALUES('gcard-3a67820a','acad-357dc181','user-2e560e4c',NULL,'text','UI테스트 문제3 uimny13mqn',NULL,'정답3','UI테스트',NULL,NULL,1,0,0,NULL,'2026-04-14T02:55:07.405Z',NULL);
INSERT INTO "gacha_cards" ("id","academy_id","teacher_id","student_id","type","question","question_image","answer","topic","chapter","grade","box","success_count","fail_count","last_review","created_at","updated_at") VALUES('gcard-94e513b0','acad-357dc181','user-2e560e4c',NULL,'text','UI테스트 문제1 uimny1e3jn',NULL,'정답1','UI테스트',NULL,NULL,1,0,0,NULL,'2026-04-14T03:03:16.557Z',NULL);
INSERT INTO "gacha_cards" ("id","academy_id","teacher_id","student_id","type","question","question_image","answer","topic","chapter","grade","box","success_count","fail_count","last_review","created_at","updated_at") VALUES('gcard-5d23659a','acad-357dc181','user-2e560e4c',NULL,'text','UI테스트 문제2 uimny1e3jn',NULL,'정답2','UI테스트',NULL,NULL,1,0,0,NULL,'2026-04-14T03:03:17.111Z',NULL);
INSERT INTO "gacha_cards" ("id","academy_id","teacher_id","student_id","type","question","question_image","answer","topic","chapter","grade","box","success_count","fail_count","last_review","created_at","updated_at") VALUES('gcard-a55cf010','acad-357dc181','user-2e560e4c',NULL,'text','UI테스트 문제3 uimny1e3jn',NULL,'정답3','UI테스트',NULL,NULL,1,0,0,NULL,'2026-04-14T03:03:17.700Z',NULL);
INSERT INTO "gacha_cards" ("id","academy_id","teacher_id","student_id","type","question","question_image","answer","topic","chapter","grade","box","success_count","fail_count","last_review","created_at","updated_at") VALUES('gcard-234f5098','acad-357dc181','user-2e560e4c',NULL,'text','UI테스트 문제1 uimny1g788',NULL,'정답1','UI테스트',NULL,NULL,1,0,0,NULL,'2026-04-14T03:04:53.152Z',NULL);
INSERT INTO "gacha_cards" ("id","academy_id","teacher_id","student_id","type","question","question_image","answer","topic","chapter","grade","box","success_count","fail_count","last_review","created_at","updated_at") VALUES('gcard-80af6503','acad-357dc181','user-2e560e4c',NULL,'text','UI테스트 문제2 uimny1g788',NULL,'정답2','UI테스트',NULL,NULL,1,0,0,NULL,'2026-04-14T03:04:53.766Z',NULL);
INSERT INTO "gacha_cards" ("id","academy_id","teacher_id","student_id","type","question","question_image","answer","topic","chapter","grade","box","success_count","fail_count","last_review","created_at","updated_at") VALUES('gcard-b157e3ac','acad-357dc181','user-2e560e4c',NULL,'text','UI테스트 문제3 uimny1g788',NULL,'정답3','UI테스트',NULL,NULL,1,0,0,NULL,'2026-04-14T03:04:54.345Z',NULL);
INSERT INTO "gacha_cards" ("id","academy_id","teacher_id","student_id","type","question","question_image","answer","topic","chapter","grade","box","success_count","fail_count","last_review","created_at","updated_at") VALUES('gcard-5570065c','acad-357dc181','user-2e560e4c',NULL,'text','UI테스트 문제1 uimny1iv70',NULL,'정답1','UI테스트',NULL,NULL,1,0,0,NULL,'2026-04-14T03:06:57.999Z',NULL);
INSERT INTO "gacha_cards" ("id","academy_id","teacher_id","student_id","type","question","question_image","answer","topic","chapter","grade","box","success_count","fail_count","last_review","created_at","updated_at") VALUES('gcard-482746b7','acad-357dc181','user-2e560e4c',NULL,'text','UI테스트 문제2 uimny1iv70',NULL,'정답2','UI테스트',NULL,NULL,1,0,0,NULL,'2026-04-14T03:06:58.594Z',NULL);
INSERT INTO "gacha_cards" ("id","academy_id","teacher_id","student_id","type","question","question_image","answer","topic","chapter","grade","box","success_count","fail_count","last_review","created_at","updated_at") VALUES('gcard-3a18acfa','acad-357dc181','user-2e560e4c',NULL,'text','UI테스트 문제3 uimny1iv70',NULL,'정답3','UI테스트',NULL,NULL,1,0,0,NULL,'2026-04-14T03:06:59.231Z',NULL);
INSERT INTO "gacha_cards" ("id","academy_id","teacher_id","student_id","type","question","question_image","answer","topic","chapter","grade","box","success_count","fail_count","last_review","created_at","updated_at") VALUES('migrated-1768979040624','acad-1','user-57ppx9v61','gstu-87473ca0','image','Updated Question via Curl','legacy/1768979027018-435864782.jpg','약분과 통분 설명',NULL,NULL,NULL,1,0,1,'2026-03-15T16:01:50.700Z','2026-01-21T07:04:00.624Z',NULL);
INSERT INTO "gacha_cards" ("id","academy_id","teacher_id","student_id","type","question","question_image","answer","topic","chapter","grade","box","success_count","fail_count","last_review","created_at","updated_at") VALUES('migrated-1768981517446','acad-1','user-57ppx9v61','gstu-87473ca0','image',NULL,'legacy/1768981507369-362609818.jpg','유리수의 수 체계','수체계',NULL,NULL,2,1,0,'2026-03-11T13:50:28.045Z','2026-01-21T07:45:17.446Z',NULL);
INSERT INTO "gacha_cards" ("id","academy_id","teacher_id","student_id","type","question","question_image","answer","topic","chapter","grade","box","success_count","fail_count","last_review","created_at","updated_at") VALUES('migrated-1769071802594','acad-1','user-57ppx9v61','gstu-87473ca0','image',NULL,'legacy/1769071796828-151411793.jpg','소수의 자릿수 변화',NULL,NULL,NULL,1,0,0,NULL,'2026-01-22T08:50:02.594Z',NULL);
INSERT INTO "gacha_cards" ("id","academy_id","teacher_id","student_id","type","question","question_image","answer","topic","chapter","grade","box","success_count","fail_count","last_review","created_at","updated_at") VALUES('migrated-1769071811104','acad-1','user-57ppx9v61','gstu-87473ca0','image',NULL,'legacy/1769071805944-125494158.jpg','순환소수의 분수표현','순환소수',NULL,NULL,1,0,0,NULL,'2026-01-22T08:50:11.104Z',NULL);
INSERT INTO "gacha_cards" ("id","academy_id","teacher_id","student_id","type","question","question_image","answer","topic","chapter","grade","box","success_count","fail_count","last_review","created_at","updated_at") VALUES('migrated-1769683213360','acad-1','user-57ppx9v61','gstu-6378e008','text','소수',NULL,'1보다 큰 자연수 중에서 1과 자기자신만을 약수로 가지는 수',NULL,NULL,NULL,3,2,1,'2026-02-10T05:53:26.067Z','2026-01-29T10:40:13.360Z',NULL);
INSERT INTO "gacha_cards" ("id","academy_id","teacher_id","student_id","type","question","question_image","answer","topic","chapter","grade","box","success_count","fail_count","last_review","created_at","updated_at") VALUES('migrated-1769683235257','acad-1','user-57ppx9v61','gstu-6378e008','text','합성수',NULL,'1보다 큰 자연수 중에서 1과 자기자신 이외의 수를 약수로 가지는 수',NULL,NULL,NULL,3,2,0,'2026-01-29T10:44:49.565Z','2026-01-29T10:40:35.257Z',NULL);
INSERT INTO "gacha_cards" ("id","academy_id","teacher_id","student_id","type","question","question_image","answer","topic","chapter","grade","box","success_count","fail_count","last_review","created_at","updated_at") VALUES('migrated-1769683267476','acad-1','user-57ppx9v61','gstu-6378e008','text','거듭제곱',NULL,'같은 수나 문자를 거듭하여 곱한 것을 간단히 나타낸 것',NULL,NULL,NULL,2,2,1,'2026-03-22T14:27:06.107Z','2026-01-29T10:41:07.476Z',NULL);
INSERT INTO "gacha_cards" ("id","academy_id","teacher_id","student_id","type","question","question_image","answer","topic","chapter","grade","box","success_count","fail_count","last_review","created_at","updated_at") VALUES('migrated-1769683290633','acad-1','user-57ppx9v61','gstu-6378e008','text','밑',NULL,'거듭제곱에서 거듭하여 곱한 수 또는 문자',NULL,NULL,NULL,3,2,0,'2026-02-03T09:18:12.340Z','2026-01-29T10:41:30.633Z',NULL);
INSERT INTO "gacha_cards" ("id","academy_id","teacher_id","student_id","type","question","question_image","answer","topic","chapter","grade","box","success_count","fail_count","last_review","created_at","updated_at") VALUES('migrated-1769683304282','acad-1','user-57ppx9v61','gstu-6378e008','text','지수',NULL,'거듭제곱에서 거듭하여 곱해진 수 또는 문자의 개수',NULL,NULL,NULL,2,1,0,'2026-03-22T14:26:56.775Z','2026-01-29T10:41:44.282Z',NULL);
INSERT INTO "gacha_cards" ("id","academy_id","teacher_id","student_id","type","question","question_image","answer","topic","chapter","grade","box","success_count","fail_count","last_review","created_at","updated_at") VALUES('migrated-1770105519582','acad-1','user-57ppx9v61','gstu-87473ca0','text','유한소수를 다르게 표현하면?',NULL,'10의 거듭제곱으로 나타낼 수 있는가?',NULL,NULL,NULL,2,1,0,'2026-02-05T07:13:10.023Z','2026-02-03T07:58:39.582Z',NULL);
INSERT INTO "gacha_cards" ("id","academy_id","teacher_id","student_id","type","question","question_image","answer","topic","chapter","grade","box","success_count","fail_count","last_review","created_at","updated_at") VALUES('migrated-1770107160584','acad-1','user-57ppx9v61','gstu-87473ca0','image',NULL,'legacy/1770107152660-549137641.jpg','순환소수의 분수 표현 공식','순환소수',NULL,NULL,1,0,0,NULL,'2026-02-03T08:26:00.584Z',NULL);
INSERT INTO "gacha_cards" ("id","academy_id","teacher_id","student_id","type","question","question_image","answer","topic","chapter","grade","box","success_count","fail_count","last_review","created_at","updated_at") VALUES('migrated-1770112398951','acad-1','user-57ppx9v61','gstu-6378e008','text','서로소',NULL,'최대공약수가 1인 자연수',NULL,NULL,NULL,1,0,0,NULL,'2026-02-03T09:53:18.951Z',NULL);
INSERT INTO "gacha_cards" ("id","academy_id","teacher_id","student_id","type","question","question_image","answer","topic","chapter","grade","box","success_count","fail_count","last_review","created_at","updated_at") VALUES('migrated-1770115002020','acad-1','user-57ppx9v61','gstu-6378e008','text','정수에는 **가 있다?',NULL,'양의정수, 음의정수, 0',NULL,NULL,NULL,2,1,0,'2026-02-14T04:10:45.815Z','2026-02-03T10:36:42.020Z',NULL);
INSERT INTO "gacha_cards" ("id","academy_id","teacher_id","student_id","type","question","question_image","answer","topic","chapter","grade","box","success_count","fail_count","last_review","created_at","updated_at") VALUES('migrated-1770278264934','acad-1','user-57ppx9v61','gstu-87473ca0','text','역수란?',NULL,'두 수를 곱해서 1이되는 수',NULL,NULL,NULL,1,0,0,NULL,'2026-02-05T07:57:44.934Z',NULL);
INSERT INTO "gacha_cards" ("id","academy_id","teacher_id","student_id","type","question","question_image","answer","topic","chapter","grade","box","success_count","fail_count","last_review","created_at","updated_at") VALUES('migrated-1770285999489','acad-1','user-57ppx9v61','gstu-6378e008','text','대소관계',NULL,'크다 작다',NULL,NULL,NULL,1,0,0,NULL,'2026-02-05T10:06:39.489Z',NULL);
INSERT INTO "gacha_cards" ("id","academy_id","teacher_id","student_id","type","question","question_image","answer","topic","chapter","grade","box","success_count","fail_count","last_review","created_at","updated_at") VALUES('migrated-1770717051043','acad-1','user-57ppx9v61','gstu-87473ca0','text','동류항',NULL,'문자와 가수가 각각 같은 항',NULL,NULL,NULL,1,0,0,NULL,'2026-02-10T09:50:51.043Z',NULL);
INSERT INTO "gacha_cards" ("id","academy_id","teacher_id","student_id","type","question","question_image","answer","topic","chapter","grade","box","success_count","fail_count","last_review","created_at","updated_at") VALUES('migrated-1770721399384','acad-1','user-57ppx9v61','gstu-6378e008','text','제곱근',NULL,'제곱해서 a가 되는 수',NULL,NULL,NULL,2,2,1,'2026-02-14T04:08:37.088Z','2026-02-10T11:03:19.384Z',NULL);
INSERT INTO "gacha_cards" ("id","academy_id","teacher_id","student_id","type","question","question_image","answer","topic","chapter","grade","box","success_count","fail_count","last_review","created_at","updated_at") VALUES('migrated-1772110064299','acad-1','user-57ppx9v61','migrated-1772110013518','text','삼각형의 넓이 공식은?',NULL,'(밑변)*(높이)/2','삼각형',NULL,NULL,1,0,0,NULL,'2026-02-26T12:47:44.299Z',NULL);
INSERT INTO "gacha_cards" ("id","academy_id","teacher_id","student_id","type","question","question_image","answer","topic","chapter","grade","box","success_count","fail_count","last_review","created_at","updated_at") VALUES('migrated-1772110082920','acad-1','user-57ppx9v61','migrated-1772110013518','text','직사각형의 둘레는?',NULL,'(가로+세로)*2','직사각형',NULL,NULL,1,0,0,NULL,'2026-02-26T12:48:02.920Z',NULL);
INSERT INTO "gacha_cards" ("id","academy_id","teacher_id","student_id","type","question","question_image","answer","topic","chapter","grade","box","success_count","fail_count","last_review","created_at","updated_at") VALUES('migrated-1772110095559','acad-1','user-57ppx9v61','migrated-1772110013518','text','마름모의 성질은?',NULL,'네변의 길이가 모두 같음','마름모',NULL,NULL,1,0,0,NULL,'2026-02-26T12:48:15.559Z',NULL);
INSERT INTO "gacha_cards" ("id","academy_id","teacher_id","student_id","type","question","question_image","answer","topic","chapter","grade","box","success_count","fail_count","last_review","created_at","updated_at") VALUES('migrated-1772110119705','acad-1','user-57ppx9v61','migrated-1772110013518','text','사다리꼴의 넓이는?',NULL,'(윗변+아랫변)*(높이)/2','사다리꼴',NULL,NULL,1,0,0,NULL,'2026-02-26T12:48:39.705Z',NULL);
INSERT INTO "gacha_cards" ("id","academy_id","teacher_id","student_id","type","question","question_image","answer","topic","chapter","grade","box","success_count","fail_count","last_review","created_at","updated_at") VALUES('migrated-1772110215133','acad-1','user-57ppx9v61','migrated-1772110013518','text','대각선 길이가 주어졌을 때 마름모의 넓이는?',NULL,'대각선*대각선/2','마름모',NULL,NULL,2,1,0,'2026-03-16T08:48:47.056Z','2026-02-26T12:50:15.133Z',NULL);
INSERT INTO "gacha_cards" ("id","academy_id","teacher_id","student_id","type","question","question_image","answer","topic","chapter","grade","box","success_count","fail_count","last_review","created_at","updated_at") VALUES('migrated-1772110389555','acad-1','user-57ppx9v61','migrated-1772110013518','text','직사각형이란?',NULL,'네각이 모두 직각이고, 마주 보는 두 변의 길이가 같은 사각형','직사각형',NULL,NULL,1,0,0,NULL,'2026-02-26T12:53:09.555Z',NULL);
INSERT INTO "gacha_cards" ("id","academy_id","teacher_id","student_id","type","question","question_image","answer","topic","chapter","grade","box","success_count","fail_count","last_review","created_at","updated_at") VALUES('migrated-1772110406097','acad-1','user-57ppx9v61','migrated-1772110013518','text','정사각형이란?',NULL,'네 각이 모두 직각이고, 네 변의 길이가 모두 같은 사각형','직사각형',NULL,NULL,1,0,0,NULL,'2026-02-26T12:53:26.097Z',NULL);
INSERT INTO "gacha_cards" ("id","academy_id","teacher_id","student_id","type","question","question_image","answer","topic","chapter","grade","box","success_count","fail_count","last_review","created_at","updated_at") VALUES('migrated-1772110465768','acad-1','user-57ppx9v61','migrated-1772110013518','text','평행사변평이란?',NULL,'마주 보는 두 변이 서로 평핸한 사각형',NULL,NULL,NULL,3,2,0,'2026-03-21T10:06:11.351Z','2026-02-26T12:54:25.768Z',NULL);
INSERT INTO "gacha_cards" ("id","academy_id","teacher_id","student_id","type","question","question_image","answer","topic","chapter","grade","box","success_count","fail_count","last_review","created_at","updated_at") VALUES('migrated-1772110488049','acad-1','user-57ppx9v61','migrated-1772110013518','text','변',NULL,'다각형이나 각을 이루는 선분',NULL,NULL,NULL,1,0,1,'2026-03-21T10:07:50.329Z','2026-02-26T12:54:48.049Z',NULL);
INSERT INTO "gacha_cards" ("id","academy_id","teacher_id","student_id","type","question","question_image","answer","topic","chapter","grade","box","success_count","fail_count","last_review","created_at","updated_at") VALUES('migrated-1772110520870','acad-1','user-57ppx9v61','migrated-1772110013518','text','꼭짓점이란?',NULL,'각을 이루는 변과 변 또는 모서리와 모서리가 만나는 점',NULL,NULL,NULL,1,2,3,'2026-03-21T10:05:21.865Z','2026-02-26T12:55:20.871Z',NULL);
INSERT INTO "gacha_cards" ("id","academy_id","teacher_id","student_id","type","question","question_image","answer","topic","chapter","grade","box","success_count","fail_count","last_review","created_at","updated_at") VALUES('migrated-1772110640402','acad-1','user-57ppx9v61','migrated-1772110013518','text','원이란?',NULL,'한점으로부터 같은 길이가 같은 점들의 집합',NULL,NULL,NULL,1,0,2,'2026-03-21T10:15:09.146Z','2026-02-26T12:57:20.402Z',NULL);
INSERT INTO "gacha_cards" ("id","academy_id","teacher_id","student_id","type","question","question_image","answer","topic","chapter","grade","box","success_count","fail_count","last_review","created_at","updated_at") VALUES('migrated-1772537034589','acad-1','user-57ppx9v61','gstu-550a29e6','text','이차식',NULL,'다항식의 각 항의 차수 중에서 가장 큰 차수가 2인 다항식',NULL,NULL,NULL,2,1,0,'2026-03-05T06:51:02.739Z','2026-03-03T11:23:54.589Z',NULL);
INSERT INTO "gacha_cards" ("id","academy_id","teacher_id","student_id","type","question","question_image","answer","topic","chapter","grade","box","success_count","fail_count","last_review","created_at","updated_at") VALUES('migrated-1772853964723','acad-1','user-57ppx9v61','gstu-87473ca0','text','거리는?',NULL,'속력*시간',NULL,NULL,NULL,1,0,0,NULL,'2026-03-07T03:26:04.723Z',NULL);
INSERT INTO "gacha_cards" ("id","academy_id","teacher_id","student_id","type","question","question_image","answer","topic","chapter","grade","box","success_count","fail_count","last_review","created_at","updated_at") VALUES('migrated-1772853975389','acad-1','user-57ppx9v61','gstu-87473ca0','text','속력은?',NULL,'거리/시간',NULL,NULL,NULL,1,0,0,NULL,'2026-03-07T03:26:15.389Z',NULL);
INSERT INTO "gacha_cards" ("id","academy_id","teacher_id","student_id","type","question","question_image","answer","topic","chapter","grade","box","success_count","fail_count","last_review","created_at","updated_at") VALUES('migrated-1772853982271','acad-1','user-57ppx9v61','gstu-87473ca0','text','속력은?',NULL,'거리/시간',NULL,NULL,NULL,1,0,0,NULL,'2026-03-07T03:26:22.271Z',NULL);
INSERT INTO "gacha_cards" ("id","academy_id","teacher_id","student_id","type","question","question_image","answer","topic","chapter","grade","box","success_count","fail_count","last_review","created_at","updated_at") VALUES('migrated-1773292549282','acad-1','user-57ppx9v61','migrated-1773292535189','text','apple',NULL,'사과',NULL,NULL,NULL,1,0,0,NULL,'2026-03-12T05:15:49.282Z',NULL);
INSERT INTO "gacha_cards" ("id","academy_id","teacher_id","student_id","type","question","question_image","answer","topic","chapter","grade","box","success_count","fail_count","last_review","created_at","updated_at") VALUES('migrated-17736233283691','acad-1','user-57ppx9v61','migrated-1772110013518','text','원에 꼭 맞게 들어가는 마름모의 대각선 길이와 원의 어떤 길이가 같나요?',NULL,'원의 지름 (반지름 × 2)','원내접마름모',NULL,NULL,1,0,0,NULL,'2026-03-16T01:08:48.369Z',NULL);
INSERT INTO "gacha_cards" ("id","academy_id","teacher_id","student_id","type","question","question_image","answer","topic","chapter","grade","box","success_count","fail_count","last_review","created_at","updated_at") VALUES('migrated-17736233283702','acad-1','user-57ppx9v61','migrated-1772110013518','text','직사각형 종이를 대각선으로 접으면 생기는 두 삼각형의 관계는?',NULL,'합동 — 넓이가 서로 같다','종이접기',NULL,NULL,1,0,0,NULL,'2026-03-16T01:08:48.369Z',NULL);
INSERT INTO "gacha_cards" ("id","academy_id","teacher_id","student_id","type","question","question_image","answer","topic","chapter","grade","box","success_count","fail_count","last_review","created_at","updated_at") VALUES('migrated-17736233283713','acad-1','user-57ppx9v61','migrated-1772110013518','text','삼각형의 넓이와 밑변을 알 때, 높이를 구하는 방법은?',NULL,'높이 = 넓이 × 2 ÷ 밑변','넓이역산',NULL,NULL,1,0,0,NULL,'2026-03-16T01:08:48.369Z',NULL);
INSERT INTO "gacha_cards" ("id","academy_id","teacher_id","student_id","type","question","question_image","answer","topic","chapter","grade","box","success_count","fail_count","last_review","created_at","updated_at") VALUES('migrated-17736233283724','acad-1','user-57ppx9v61','migrated-1772110013518','text','복잡한 도형의 넓이를 구하는 전략은?',NULL,'단순 도형으로 분리 후 합산 또는 빼기','복잡한도형',NULL,NULL,1,0,0,NULL,'2026-03-16T01:08:48.369Z',NULL);
INSERT INTO "gacha_cards" ("id","academy_id","teacher_id","student_id","type","question","question_image","answer","topic","chapter","grade","box","success_count","fail_count","last_review","created_at","updated_at") VALUES('migrated-17736233283735','acad-1','user-57ppx9v61','migrated-1772110013518','text','색칠된 부분의 넓이를 구하는 방법은?',NULL,'전체 − 색칠 안 된 부분, 또는 각 도형 넓이 합산','색칠부분',NULL,NULL,1,0,0,NULL,'2026-03-16T01:08:48.369Z',NULL);
INSERT INTO "gacha_cards" ("id","academy_id","teacher_id","student_id","type","question","question_image","answer","topic","chapter","grade","box","success_count","fail_count","last_review","created_at","updated_at") VALUES('migrated-1773649037592','acad-1','user-57ppx9v61','migrated-1772110013518','text','넓이의 단위 변환: 1m² = 몇 cm²인가요?',NULL,'10,000cm²  (1m = 100cm이므로 1m² = 100 × 100 = 10,000cm²)','넓이단위',NULL,NULL,1,0,0,NULL,1773649037592,NULL);
INSERT INTO "gacha_cards" ("id","academy_id","teacher_id","student_id","type","question","question_image","answer","topic","chapter","grade","box","success_count","fail_count","last_review","created_at","updated_at") VALUES('migrated-1773649037593','acad-1','user-57ppx9v61','migrated-1772110013518','text','단위 변환: 1km² = 몇 m²인가요?',NULL,'1,000,000m²  (1km = 1000m이므로 1km² = 1000 × 1000 = 1,000,000m²)','단위변환',NULL,NULL,1,0,0,NULL,1773649037593,NULL);
INSERT INTO "gacha_cards" ("id","academy_id","teacher_id","student_id","type","question","question_image","answer","topic","chapter","grade","box","success_count","fail_count","last_review","created_at","updated_at") VALUES('migrated-1774258847795','acad-1','user-57ppx9v61','migrated-1774258847794','text','(a+b)² = ?',NULL,'a² + 2ab + b²','곱셈공식_기본',NULL,NULL,1,0,0,NULL,'2026-03-23T09:00:00.000Z',NULL);
INSERT INTO "gacha_cards" ("id","academy_id","teacher_id","student_id","type","question","question_image","answer","topic","chapter","grade","box","success_count","fail_count","last_review","created_at","updated_at") VALUES('migrated-1774258847894','acad-1','user-57ppx9v61','gstu-550a29e6','text','(a+b)² = ?',NULL,'a² + 2ab + b²','곱셈공식_기본',NULL,NULL,1,0,0,NULL,'2026-03-23T09:00:00.000Z',NULL);
INSERT INTO "gacha_cards" ("id","academy_id","teacher_id","student_id","type","question","question_image","answer","topic","chapter","grade","box","success_count","fail_count","last_review","created_at","updated_at") VALUES('migrated-1774258847796','acad-1','user-57ppx9v61','migrated-1774258847794','text','(a-b)² = ?',NULL,'a² - 2ab + b²','곱셈공식_기본',NULL,NULL,1,0,0,NULL,'2026-03-23T09:00:00.000Z',NULL);
INSERT INTO "gacha_cards" ("id","academy_id","teacher_id","student_id","type","question","question_image","answer","topic","chapter","grade","box","success_count","fail_count","last_review","created_at","updated_at") VALUES('migrated-1774258847895','acad-1','user-57ppx9v61','gstu-550a29e6','text','(a-b)² = ?',NULL,'a² - 2ab + b²','곱셈공식_기본',NULL,NULL,1,0,0,NULL,'2026-03-23T09:00:00.000Z',NULL);
INSERT INTO "gacha_cards" ("id","academy_id","teacher_id","student_id","type","question","question_image","answer","topic","chapter","grade","box","success_count","fail_count","last_review","created_at","updated_at") VALUES('migrated-1774258847797','acad-1','user-57ppx9v61','migrated-1774258847794','text','(a+b)(a-b) = ?',NULL,'a² - b²','곱셈공식_기본',NULL,NULL,1,0,0,NULL,'2026-03-23T09:00:00.000Z',NULL);
INSERT INTO "gacha_cards" ("id","academy_id","teacher_id","student_id","type","question","question_image","answer","topic","chapter","grade","box","success_count","fail_count","last_review","created_at","updated_at") VALUES('migrated-1774258847896','acad-1','user-57ppx9v61','gstu-550a29e6','text','(a+b)(a-b) = ?',NULL,'a² - b²','곱셈공식_기본',NULL,NULL,1,0,0,NULL,'2026-03-23T09:00:00.000Z',NULL);
INSERT INTO "gacha_cards" ("id","academy_id","teacher_id","student_id","type","question","question_image","answer","topic","chapter","grade","box","success_count","fail_count","last_review","created_at","updated_at") VALUES('migrated-1774258847798','acad-1','user-57ppx9v61','migrated-1774258847794','text','(x+a)(x+b) = ?',NULL,'x² + (a+b)x + ab','곱셈공식_기본',NULL,NULL,1,0,0,NULL,'2026-03-23T09:00:00.000Z',NULL);
INSERT INTO "gacha_cards" ("id","academy_id","teacher_id","student_id","type","question","question_image","answer","topic","chapter","grade","box","success_count","fail_count","last_review","created_at","updated_at") VALUES('migrated-1774258847897','acad-1','user-57ppx9v61','gstu-550a29e6','text','(x+a)(x+b) = ?',NULL,'x² + (a+b)x + ab','곱셈공식_기본',NULL,NULL,1,0,0,NULL,'2026-03-23T09:00:00.000Z',NULL);
INSERT INTO "gacha_cards" ("id","academy_id","teacher_id","student_id","type","question","question_image","answer","topic","chapter","grade","box","success_count","fail_count","last_review","created_at","updated_at") VALUES('migrated-1774258847799','acad-1','user-57ppx9v61','migrated-1774258847794','text','(ax+b)(cx+d) = ?',NULL,'acx² + (ad+bc)x + bd','곱셈공식_기본',NULL,NULL,1,0,0,NULL,'2026-03-23T09:00:00.000Z',NULL);
INSERT INTO "gacha_cards" ("id","academy_id","teacher_id","student_id","type","question","question_image","answer","topic","chapter","grade","box","success_count","fail_count","last_review","created_at","updated_at") VALUES('migrated-1774258847898','acad-1','user-57ppx9v61','gstu-550a29e6','text','(ax+b)(cx+d) = ?',NULL,'acx² + (ad+bc)x + bd','곱셈공식_기본',NULL,NULL,1,0,0,NULL,'2026-03-23T09:00:00.000Z',NULL);
INSERT INTO "gacha_cards" ("id","academy_id","teacher_id","student_id","type","question","question_image","answer","topic","chapter","grade","box","success_count","fail_count","last_review","created_at","updated_at") VALUES('migrated-1774258847800','acad-1','user-57ppx9v61','migrated-1774258847794','text','(a+b+c)² = ?',NULL,'a² + b² + c² + 2ab + 2bc + 2ca','곱셈공식_기본',NULL,NULL,1,0,0,NULL,'2026-03-23T09:00:00.000Z',NULL);
INSERT INTO "gacha_cards" ("id","academy_id","teacher_id","student_id","type","question","question_image","answer","topic","chapter","grade","box","success_count","fail_count","last_review","created_at","updated_at") VALUES('migrated-1774258847899','acad-1','user-57ppx9v61','gstu-550a29e6','text','(a+b+c)² = ?',NULL,'a² + b² + c² + 2ab + 2bc + 2ca','곱셈공식_기본',NULL,NULL,1,0,0,NULL,'2026-03-23T09:00:00.000Z',NULL);
INSERT INTO "gacha_cards" ("id","academy_id","teacher_id","student_id","type","question","question_image","answer","topic","chapter","grade","box","success_count","fail_count","last_review","created_at","updated_at") VALUES('migrated-1774258847801','acad-1','user-57ppx9v61','migrated-1774258847794','text','(a+b)³ = ?',NULL,'a³ + 3a²b + 3ab² + b³','곱셈공식_기본',NULL,NULL,1,0,0,NULL,'2026-03-23T09:00:00.000Z',NULL);
INSERT INTO "gacha_cards" ("id","academy_id","teacher_id","student_id","type","question","question_image","answer","topic","chapter","grade","box","success_count","fail_count","last_review","created_at","updated_at") VALUES('migrated-1774258847900','acad-1','user-57ppx9v61','gstu-550a29e6','text','(a+b)³ = ?',NULL,'a³ + 3a²b + 3ab² + b³','곱셈공식_기본',NULL,NULL,1,0,0,NULL,'2026-03-23T09:00:00.000Z',NULL);
INSERT INTO "gacha_cards" ("id","academy_id","teacher_id","student_id","type","question","question_image","answer","topic","chapter","grade","box","success_count","fail_count","last_review","created_at","updated_at") VALUES('migrated-1774258847802','acad-1','user-57ppx9v61','migrated-1774258847794','text','(a-b)³ = ?',NULL,'a³ - 3a²b + 3ab² - b³','곱셈공식_기본',NULL,NULL,1,0,0,NULL,'2026-03-23T09:00:00.000Z',NULL);
INSERT INTO "gacha_cards" ("id","academy_id","teacher_id","student_id","type","question","question_image","answer","topic","chapter","grade","box","success_count","fail_count","last_review","created_at","updated_at") VALUES('migrated-1774258847901','acad-1','user-57ppx9v61','gstu-550a29e6','text','(a-b)³ = ?',NULL,'a³ - 3a²b + 3ab² - b³','곱셈공식_기본',NULL,NULL,1,0,0,NULL,'2026-03-23T09:00:00.000Z',NULL);
INSERT INTO "gacha_cards" ("id","academy_id","teacher_id","student_id","type","question","question_image","answer","topic","chapter","grade","box","success_count","fail_count","last_review","created_at","updated_at") VALUES('migrated-1774258847803','acad-1','user-57ppx9v61','migrated-1774258847794','text','(a+b)(a²-ab+b²) = ?',NULL,'a³ + b³','곱셈공식_기본',NULL,NULL,1,0,0,NULL,'2026-03-23T09:00:00.000Z',NULL);
INSERT INTO "gacha_cards" ("id","academy_id","teacher_id","student_id","type","question","question_image","answer","topic","chapter","grade","box","success_count","fail_count","last_review","created_at","updated_at") VALUES('migrated-1774258847902','acad-1','user-57ppx9v61','gstu-550a29e6','text','(a+b)(a²-ab+b²) = ?',NULL,'a³ + b³','곱셈공식_기본',NULL,NULL,1,0,0,NULL,'2026-03-23T09:00:00.000Z',NULL);
INSERT INTO "gacha_cards" ("id","academy_id","teacher_id","student_id","type","question","question_image","answer","topic","chapter","grade","box","success_count","fail_count","last_review","created_at","updated_at") VALUES('migrated-1774258847804','acad-1','user-57ppx9v61','migrated-1774258847794','text','(a-b)(a²+ab+b²) = ?',NULL,'a³ - b³','곱셈공식_기본',NULL,NULL,1,0,0,NULL,'2026-03-23T09:00:00.000Z',NULL);
INSERT INTO "gacha_cards" ("id","academy_id","teacher_id","student_id","type","question","question_image","answer","topic","chapter","grade","box","success_count","fail_count","last_review","created_at","updated_at") VALUES('migrated-1774258847903','acad-1','user-57ppx9v61','gstu-550a29e6','text','(a-b)(a²+ab+b²) = ?',NULL,'a³ - b³','곱셈공식_기본',NULL,NULL,1,0,0,NULL,'2026-03-23T09:00:00.000Z',NULL);
INSERT INTO "gacha_cards" ("id","academy_id","teacher_id","student_id","type","question","question_image","answer","topic","chapter","grade","box","success_count","fail_count","last_review","created_at","updated_at") VALUES('migrated-1774258847805','acad-1','user-57ppx9v61','migrated-1774258847794','text','(a+b+c)(a²+b²+c²-ab-bc-ca) = ?',NULL,'a³ + b³ + c³ - 3abc','곱셈공식_기본',NULL,NULL,1,0,0,NULL,'2026-03-23T09:00:00.000Z',NULL);
INSERT INTO "gacha_cards" ("id","academy_id","teacher_id","student_id","type","question","question_image","answer","topic","chapter","grade","box","success_count","fail_count","last_review","created_at","updated_at") VALUES('migrated-1774258847904','acad-1','user-57ppx9v61','gstu-550a29e6','text','(a+b+c)(a²+b²+c²-ab-bc-ca) = ?',NULL,'a³ + b³ + c³ - 3abc','곱셈공식_기본',NULL,NULL,1,0,0,NULL,'2026-03-23T09:00:00.000Z',NULL);
INSERT INTO "gacha_cards" ("id","academy_id","teacher_id","student_id","type","question","question_image","answer","topic","chapter","grade","box","success_count","fail_count","last_review","created_at","updated_at") VALUES('migrated-1774258847806','acad-1','user-57ppx9v61','migrated-1774258847794','text','a² + b² = ? (합으로 표현)',NULL,'(a+b)² - 2ab','곱셈공식_변형',NULL,NULL,1,0,0,NULL,'2026-03-23T09:00:00.000Z',NULL);
INSERT INTO "gacha_cards" ("id","academy_id","teacher_id","student_id","type","question","question_image","answer","topic","chapter","grade","box","success_count","fail_count","last_review","created_at","updated_at") VALUES('migrated-1774258847905','acad-1','user-57ppx9v61','gstu-550a29e6','text','a² + b² = ? (합으로 표현)',NULL,'(a+b)² - 2ab','곱셈공식_변형',NULL,NULL,1,0,0,NULL,'2026-03-23T09:00:00.000Z',NULL);
INSERT INTO "gacha_cards" ("id","academy_id","teacher_id","student_id","type","question","question_image","answer","topic","chapter","grade","box","success_count","fail_count","last_review","created_at","updated_at") VALUES('migrated-1774258847807','acad-1','user-57ppx9v61','migrated-1774258847794','text','a² + b² = ? (차로 표현)',NULL,'(a-b)² + 2ab','곱셈공식_변형',NULL,NULL,1,0,0,NULL,'2026-03-23T09:00:00.000Z',NULL);
INSERT INTO "gacha_cards" ("id","academy_id","teacher_id","student_id","type","question","question_image","answer","topic","chapter","grade","box","success_count","fail_count","last_review","created_at","updated_at") VALUES('migrated-1774258847906','acad-1','user-57ppx9v61','gstu-550a29e6','text','a² + b² = ? (차로 표현)',NULL,'(a-b)² + 2ab','곱셈공식_변형',NULL,NULL,1,0,0,NULL,'2026-03-23T09:00:00.000Z',NULL);
INSERT INTO "gacha_cards" ("id","academy_id","teacher_id","student_id","type","question","question_image","answer","topic","chapter","grade","box","success_count","fail_count","last_review","created_at","updated_at") VALUES('migrated-1774258847808','acad-1','user-57ppx9v61','migrated-1774258847794','text','(a-b)² = ? (합과 곱으로)',NULL,'(a+b)² - 4ab','곱셈공식_변형',NULL,NULL,1,0,0,NULL,'2026-03-23T09:00:00.000Z',NULL);
INSERT INTO "gacha_cards" ("id","academy_id","teacher_id","student_id","type","question","question_image","answer","topic","chapter","grade","box","success_count","fail_count","last_review","created_at","updated_at") VALUES('migrated-1774258847907','acad-1','user-57ppx9v61','gstu-550a29e6','text','(a-b)² = ? (합과 곱으로)',NULL,'(a+b)² - 4ab','곱셈공식_변형',NULL,NULL,1,0,0,NULL,'2026-03-23T09:00:00.000Z',NULL);
INSERT INTO "gacha_cards" ("id","academy_id","teacher_id","student_id","type","question","question_image","answer","topic","chapter","grade","box","success_count","fail_count","last_review","created_at","updated_at") VALUES('migrated-1774258847809','acad-1','user-57ppx9v61','migrated-1774258847794','text','a³ + b³ = ? (세제곱 변형)',NULL,'(a+b)³ - 3ab(a+b)','곱셈공식_변형',NULL,NULL,1,0,0,NULL,'2026-03-23T09:00:00.000Z',NULL);
INSERT INTO "gacha_cards" ("id","academy_id","teacher_id","student_id","type","question","question_image","answer","topic","chapter","grade","box","success_count","fail_count","last_review","created_at","updated_at") VALUES('migrated-1774258847908','acad-1','user-57ppx9v61','gstu-550a29e6','text','a³ + b³ = ? (세제곱 변형)',NULL,'(a+b)³ - 3ab(a+b)','곱셈공식_변형',NULL,NULL,1,0,0,NULL,'2026-03-23T09:00:00.000Z',NULL);
INSERT INTO "gacha_cards" ("id","academy_id","teacher_id","student_id","type","question","question_image","answer","topic","chapter","grade","box","success_count","fail_count","last_review","created_at","updated_at") VALUES('migrated-1774258847810','acad-1','user-57ppx9v61','migrated-1774258847794','text','a³ - b³ = ? (세제곱 변형)',NULL,'(a-b)³ + 3ab(a-b)','곱셈공식_변형',NULL,NULL,1,0,0,NULL,'2026-03-23T09:00:00.000Z',NULL);
INSERT INTO "gacha_cards" ("id","academy_id","teacher_id","student_id","type","question","question_image","answer","topic","chapter","grade","box","success_count","fail_count","last_review","created_at","updated_at") VALUES('migrated-1774258847909','acad-1','user-57ppx9v61','gstu-550a29e6','text','a³ - b³ = ? (세제곱 변형)',NULL,'(a-b)³ + 3ab(a-b)','곱셈공식_변형',NULL,NULL,1,0,0,NULL,'2026-03-23T09:00:00.000Z',NULL);
INSERT INTO "gacha_cards" ("id","academy_id","teacher_id","student_id","type","question","question_image","answer","topic","chapter","grade","box","success_count","fail_count","last_review","created_at","updated_at") VALUES('migrated-1774258847811','acad-1','user-57ppx9v61','migrated-1774258847794','text','a²+b²+c²-ab-bc-ca = ?',NULL,'½[(a-b)² + (b-c)² + (c-a)²]','곱셈공식_변형',NULL,NULL,1,0,0,NULL,'2026-03-23T09:00:00.000Z',NULL);
INSERT INTO "gacha_cards" ("id","academy_id","teacher_id","student_id","type","question","question_image","answer","topic","chapter","grade","box","success_count","fail_count","last_review","created_at","updated_at") VALUES('migrated-1774258847910','acad-1','user-57ppx9v61','gstu-550a29e6','text','a²+b²+c²-ab-bc-ca = ?',NULL,'½[(a-b)² + (b-c)² + (c-a)²]','곱셈공식_변형',NULL,NULL,1,0,0,NULL,'2026-03-23T09:00:00.000Z',NULL);
INSERT INTO "gacha_cards" ("id","academy_id","teacher_id","student_id","type","question","question_image","answer","topic","chapter","grade","box","success_count","fail_count","last_review","created_at","updated_at") VALUES('migrated-1774258847812','acad-1','user-57ppx9v61','migrated-1774258847794','text','(x+a)(x+b)(x+c) = ?',NULL,'x³ + (a+b+c)x² + (ab+bc+ca)x + abc','곱셈공식_고급',NULL,NULL,1,0,0,NULL,'2026-03-23T09:00:00.000Z',NULL);
INSERT INTO "gacha_cards" ("id","academy_id","teacher_id","student_id","type","question","question_image","answer","topic","chapter","grade","box","success_count","fail_count","last_review","created_at","updated_at") VALUES('migrated-1774258847911','acad-1','user-57ppx9v61','gstu-550a29e6','text','(x+a)(x+b)(x+c) = ?',NULL,'x³ + (a+b+c)x² + (ab+bc+ca)x + abc','곱셈공식_고급',NULL,NULL,1,0,0,NULL,'2026-03-23T09:00:00.000Z',NULL);
INSERT INTO "gacha_cards" ("id","academy_id","teacher_id","student_id","type","question","question_image","answer","topic","chapter","grade","box","success_count","fail_count","last_review","created_at","updated_at") VALUES('migrated-1774258847813','acad-1','user-57ppx9v61','migrated-1774258847794','text','(a+b)⁴ = ?',NULL,'a⁴ + 4a³b + 6a²b² + 4ab³ + b⁴','곱셈공식_고급',NULL,NULL,1,0,0,NULL,'2026-03-23T09:00:00.000Z',NULL);
INSERT INTO "gacha_cards" ("id","academy_id","teacher_id","student_id","type","question","question_image","answer","topic","chapter","grade","box","success_count","fail_count","last_review","created_at","updated_at") VALUES('migrated-1774258847912','acad-1','user-57ppx9v61','gstu-550a29e6','text','(a+b)⁴ = ?',NULL,'a⁴ + 4a³b + 6a²b² + 4ab³ + b⁴','곱셈공식_고급',NULL,NULL,1,0,0,NULL,'2026-03-23T09:00:00.000Z',NULL);
INSERT INTO "gacha_cards" ("id","academy_id","teacher_id","student_id","type","question","question_image","answer","topic","chapter","grade","box","success_count","fail_count","last_review","created_at","updated_at") VALUES('migrated-1774258847814','acad-1','user-57ppx9v61','migrated-1774258847794','text','a⁴ + 4b⁴ = ? (소피 제르맹)',NULL,'(a² + 2b² + 2ab)(a² + 2b² - 2ab)','곱셈공식_고급',NULL,NULL,1,0,0,NULL,'2026-03-23T09:00:00.000Z',NULL);
INSERT INTO "gacha_cards" ("id","academy_id","teacher_id","student_id","type","question","question_image","answer","topic","chapter","grade","box","success_count","fail_count","last_review","created_at","updated_at") VALUES('migrated-1774258847913','acad-1','user-57ppx9v61','gstu-550a29e6','text','a⁴ + 4b⁴ = ? (소피 제르맹)',NULL,'(a² + 2b² + 2ab)(a² + 2b² - 2ab)','곱셈공식_고급',NULL,NULL,1,0,0,NULL,'2026-03-23T09:00:00.000Z',NULL);
INSERT INTO "gacha_cards" ("id","academy_id","teacher_id","student_id","type","question","question_image","answer","topic","chapter","grade","box","success_count","fail_count","last_review","created_at","updated_at") VALUES('migrated-1774258847815','acad-1','user-57ppx9v61','migrated-1774258847794','text','(a²+ab+b²)(a²-ab+b²) = ?',NULL,'a⁴ + a²b² + b⁴','곱셈공식_고급',NULL,NULL,1,0,0,NULL,'2026-03-23T09:00:00.000Z',NULL);
INSERT INTO "gacha_cards" ("id","academy_id","teacher_id","student_id","type","question","question_image","answer","topic","chapter","grade","box","success_count","fail_count","last_review","created_at","updated_at") VALUES('migrated-1774258847914','acad-1','user-57ppx9v61','gstu-550a29e6','text','(a²+ab+b²)(a²-ab+b²) = ?',NULL,'a⁴ + a²b² + b⁴','곱셈공식_고급',NULL,NULL,1,0,0,NULL,'2026-03-23T09:00:00.000Z',NULL);
INSERT INTO "gacha_cards" ("id","academy_id","teacher_id","student_id","type","question","question_image","answer","topic","chapter","grade","box","success_count","fail_count","last_review","created_at","updated_at") VALUES('migrated-1774278005858','acad-1','user-57ppx9v61','migrated-1774258847794','text','(x+3)² = ?',NULL,'x² + 6x + 9','곱셈공식_연습',NULL,NULL,1,0,0,NULL,'2026-03-24T00:00:05.000Z',NULL);
INSERT INTO "gacha_cards" ("id","academy_id","teacher_id","student_id","type","question","question_image","answer","topic","chapter","grade","box","success_count","fail_count","last_review","created_at","updated_at") VALUES('migrated-1774278005907','acad-1','user-57ppx9v61','gstu-550a29e6','text','(x+3)² = ?',NULL,'x² + 6x + 9','곱셈공식_연습',NULL,NULL,1,0,0,NULL,'2026-03-24T00:00:05.000Z',NULL);
INSERT INTO "gacha_cards" ("id","academy_id","teacher_id","student_id","type","question","question_image","answer","topic","chapter","grade","box","success_count","fail_count","last_review","created_at","updated_at") VALUES('migrated-1775025083790','acad-1','user-57ppx9v61','migrated-1772110013518','text','약수란 무엇인가?',NULL,'어떤 수를 나누어떨어지게 하는 수','약수',NULL,NULL,1,0,0,NULL,'2026-04-01T06:31:23.790Z',NULL);
INSERT INTO "gacha_cards" ("id","academy_id","teacher_id","student_id","type","question","question_image","answer","topic","chapter","grade","box","success_count","fail_count","last_review","created_at","updated_at") VALUES('migrated-1775025083791','acad-1','user-57ppx9v61','migrated-1772110013518','text','12의 약수를 모두 구하시오',NULL,'1, 2, 3, 4, 6, 12','약수',NULL,NULL,1,0,0,NULL,'2026-04-01T06:31:23.791Z',NULL);
INSERT INTO "gacha_cards" ("id","academy_id","teacher_id","student_id","type","question","question_image","answer","topic","chapter","grade","box","success_count","fail_count","last_review","created_at","updated_at") VALUES('migrated-1775025083792','acad-1','user-57ppx9v61','migrated-1772110013518','text','배수란 무엇인가?',NULL,'어떤 수를 1배, 2배, 3배, … 한 수','배수',NULL,NULL,1,0,0,NULL,'2026-04-01T06:31:23.792Z',NULL);
INSERT INTO "gacha_cards" ("id","academy_id","teacher_id","student_id","type","question","question_image","answer","topic","chapter","grade","box","success_count","fail_count","last_review","created_at","updated_at") VALUES('migrated-1775025083793','acad-1','user-57ppx9v61','migrated-1772110013518','text','7의 배수를 작은 수부터 5개 쓰시오',NULL,'7, 14, 21, 28, 35','배수',NULL,NULL,1,0,0,NULL,'2026-04-01T06:31:23.793Z',NULL);
INSERT INTO "gacha_cards" ("id","academy_id","teacher_id","student_id","type","question","question_image","answer","topic","chapter","grade","box","success_count","fail_count","last_review","created_at","updated_at") VALUES('migrated-1775025083794','acad-1','user-57ppx9v61','migrated-1772110013518','text','공약수란 무엇인가?',NULL,'두 수의 공통된 약수','공약수',NULL,NULL,1,0,0,NULL,'2026-04-01T06:31:23.794Z',NULL);
INSERT INTO "gacha_cards" ("id","academy_id","teacher_id","student_id","type","question","question_image","answer","topic","chapter","grade","box","success_count","fail_count","last_review","created_at","updated_at") VALUES('migrated-1775025083795','acad-1','user-57ppx9v61','migrated-1772110013518','text','12와 18의 공약수를 모두 구하시오',NULL,'1, 2, 3, 6','공약수',NULL,NULL,1,0,0,NULL,'2026-04-01T06:31:23.795Z',NULL);
INSERT INTO "gacha_cards" ("id","academy_id","teacher_id","student_id","type","question","question_image","answer","topic","chapter","grade","box","success_count","fail_count","last_review","created_at","updated_at") VALUES('migrated-1775025083796','acad-1','user-57ppx9v61','migrated-1772110013518','text','최대공약수란 무엇인가?',NULL,'공약수 중 가장 큰 수','최대공약수',NULL,NULL,1,0,0,NULL,'2026-04-01T06:31:23.796Z',NULL);
INSERT INTO "gacha_cards" ("id","academy_id","teacher_id","student_id","type","question","question_image","answer","topic","chapter","grade","box","success_count","fail_count","last_review","created_at","updated_at") VALUES('migrated-1775025083797','acad-1','user-57ppx9v61','migrated-1772110013518','text','24와 36의 최대공약수를 구하시오',NULL,'12','최대공약수',NULL,NULL,1,0,0,NULL,'2026-04-01T06:31:23.797Z',NULL);
INSERT INTO "gacha_cards" ("id","academy_id","teacher_id","student_id","type","question","question_image","answer","topic","chapter","grade","box","success_count","fail_count","last_review","created_at","updated_at") VALUES('migrated-1775025083798','acad-1','user-57ppx9v61','migrated-1772110013518','text','공배수란 무엇인가?',NULL,'두 수의 공통된 배수','공배수',NULL,NULL,1,0,0,NULL,'2026-04-01T06:31:23.798Z',NULL);
INSERT INTO "gacha_cards" ("id","academy_id","teacher_id","student_id","type","question","question_image","answer","topic","chapter","grade","box","success_count","fail_count","last_review","created_at","updated_at") VALUES('migrated-1775025083799','acad-1','user-57ppx9v61','migrated-1772110013518','text','최소공배수란 무엇인가?',NULL,'공배수 중 가장 작은 수','최소공배수',NULL,NULL,1,0,0,NULL,'2026-04-01T06:31:23.799Z',NULL);
INSERT INTO "gacha_cards" ("id","academy_id","teacher_id","student_id","type","question","question_image","answer","topic","chapter","grade","box","success_count","fail_count","last_review","created_at","updated_at") VALUES('migrated-1775025083800','acad-1','user-57ppx9v61','migrated-1772110013518','text','4와 6의 최소공배수를 구하시오',NULL,'12','최소공배수',NULL,NULL,1,0,0,NULL,'2026-04-01T06:31:23.800Z',NULL);
INSERT INTO "gacha_cards" ("id","academy_id","teacher_id","student_id","type","question","question_image","answer","topic","chapter","grade","box","success_count","fail_count","last_review","created_at","updated_at") VALUES('migrated-1775025083801','acad-1','user-57ppx9v61','migrated-1772110013518','text','연필 18자루와 지우개 24개를 최대한 많은 학생에게 똑같이 나누면 몇 명에게 줄 수 있는가?',NULL,'6명','최대공약수응용',NULL,NULL,1,0,0,NULL,'2026-04-01T06:31:23.801Z',NULL);
INSERT INTO "gacha_cards" ("id","academy_id","teacher_id","student_id","type","question","question_image","answer","topic","chapter","grade","box","success_count","fail_count","last_review","created_at","updated_at") VALUES('migrated-1775025083802','acad-1','user-57ppx9v61','migrated-1772110013518','text','두 버스가 각각 8분, 12분 간격으로 출발한다. 동시에 출발 후 다시 동시에 출발하려면 몇 분 후인가?',NULL,'24분','최소공배수응용',NULL,NULL,1,0,0,NULL,'2026-04-01T06:31:23.802Z',NULL);
INSERT INTO "gacha_cards" ("id","academy_id","teacher_id","student_id","type","question","question_image","answer","topic","chapter","grade","box","success_count","fail_count","last_review","created_at","updated_at") VALUES('migrated-1775025083803','acad-1','user-57ppx9v61','migrated-1772110013518','text','1부터 50까지 자연수 중 6의 배수는 몇 개인가?',NULL,'8개','배수응용',NULL,NULL,1,0,0,NULL,'2026-04-01T06:31:23.803Z',NULL);
INSERT INTO "gacha_cards" ("id","academy_id","teacher_id","student_id","type","question","question_image","answer","topic","chapter","grade","box","success_count","fail_count","last_review","created_at","updated_at") VALUES('migrated-1775025083804','acad-1','user-57ppx9v61','migrated-1772110013518','text','어떤 수로 20과 32를 나누면 모두 나머지가 없다. 이런 수 중 가장 큰 수는?',NULL,'4','최대공약수응용',NULL,NULL,1,0,0,NULL,'2026-04-01T06:31:23.804Z',NULL);
INSERT INTO "gacha_cards" ("id","academy_id","teacher_id","student_id","type","question","question_image","answer","topic","chapter","grade","box","success_count","fail_count","last_review","created_at","updated_at") VALUES('migrated-1775025084790','acad-1','user-57ppx9v61','migrated-1775025082790','text','소수란 무엇인가?',NULL,'1보다 큰 자연수 중 1과 자기 자신만을 약수로 가지는 수','소수',NULL,NULL,1,0,0,NULL,'2026-04-01T06:31:24.790Z',NULL);
INSERT INTO "gacha_cards" ("id","academy_id","teacher_id","student_id","type","question","question_image","answer","topic","chapter","grade","box","success_count","fail_count","last_review","created_at","updated_at") VALUES('migrated-1775025084791','acad-1','user-57ppx9v61','migrated-1775025082790','text','1부터 20까지의 소수를 모두 쓰시오',NULL,'2, 3, 5, 7, 11, 13, 17, 19','소수',NULL,NULL,1,0,0,NULL,'2026-04-01T06:31:24.791Z',NULL);
INSERT INTO "gacha_cards" ("id","academy_id","teacher_id","student_id","type","question","question_image","answer","topic","chapter","grade","box","success_count","fail_count","last_review","created_at","updated_at") VALUES('migrated-1775025084792','acad-1','user-57ppx9v61','migrated-1775025082790','text','1은 소수인가?',NULL,'아니다. 소수는 1보다 큰 자연수여야 한다','소수',NULL,NULL,1,0,0,NULL,'2026-04-01T06:31:24.792Z',NULL);
INSERT INTO "gacha_cards" ("id","academy_id","teacher_id","student_id","type","question","question_image","answer","topic","chapter","grade","box","success_count","fail_count","last_review","created_at","updated_at") VALUES('migrated-1775025084793','acad-1','user-57ppx9v61','migrated-1775025082790','text','합성수란 무엇인가?',NULL,'1보다 큰 자연수 중 소수가 아닌 수 (약수가 3개 이상)','합성수',NULL,NULL,1,0,0,NULL,'2026-04-01T06:31:24.793Z',NULL);
INSERT INTO "gacha_cards" ("id","academy_id","teacher_id","student_id","type","question","question_image","answer","topic","chapter","grade","box","success_count","fail_count","last_review","created_at","updated_at") VALUES('migrated-1775025084794','acad-1','user-57ppx9v61','migrated-1775025082790','text','소인수란 무엇인가?',NULL,'어떤 자연수의 약수 중 소수인 것','소인수',NULL,NULL,1,0,0,NULL,'2026-04-01T06:31:24.794Z',NULL);
INSERT INTO "gacha_cards" ("id","academy_id","teacher_id","student_id","type","question","question_image","answer","topic","chapter","grade","box","success_count","fail_count","last_review","created_at","updated_at") VALUES('migrated-1775025084795','acad-1','user-57ppx9v61','migrated-1775025082790','text','소인수분해란 무엇인가?',NULL,'자연수를 소인수들의 곱으로 나타내는 것','소인수분해',NULL,NULL,1,0,0,NULL,'2026-04-01T06:31:24.795Z',NULL);
INSERT INTO "gacha_cards" ("id","academy_id","teacher_id","student_id","type","question","question_image","answer","topic","chapter","grade","box","success_count","fail_count","last_review","created_at","updated_at") VALUES('migrated-1775025084796','acad-1','user-57ppx9v61','migrated-1775025082790','text','60을 소인수분해하시오',NULL,'2² × 3 × 5','소인수분해',NULL,NULL,1,0,0,NULL,'2026-04-01T06:31:24.796Z',NULL);
INSERT INTO "gacha_cards" ("id","academy_id","teacher_id","student_id","type","question","question_image","answer","topic","chapter","grade","box","success_count","fail_count","last_review","created_at","updated_at") VALUES('migrated-1775025084797','acad-1','user-57ppx9v61','migrated-1775025082790','text','72를 소인수분해하시오',NULL,'2³ × 3²','소인수분해',NULL,NULL,1,0,0,NULL,'2026-04-01T06:31:24.797Z',NULL);
INSERT INTO "gacha_cards" ("id","academy_id","teacher_id","student_id","type","question","question_image","answer","topic","chapter","grade","box","success_count","fail_count","last_review","created_at","updated_at") VALUES('migrated-1775025084798','acad-1','user-57ppx9v61','migrated-1775025082790','text','소인수분해를 이용하여 12의 약수의 개수를 구하시오 (12 = 2² × 3)',NULL,'(2+1)×(1+1) = 6개','약수의개수',NULL,NULL,1,0,0,NULL,'2026-04-01T06:31:24.798Z',NULL);
INSERT INTO "gacha_cards" ("id","academy_id","teacher_id","student_id","type","question","question_image","answer","topic","chapter","grade","box","success_count","fail_count","last_review","created_at","updated_at") VALUES('migrated-1775025084799','acad-1','user-57ppx9v61','migrated-1775025082790','text','에라토스테네스의 체란?',NULL,'소수를 찾는 방법으로, 2부터 시작해 각 소수의 배수를 차례로 지워나가는 것','에라토스테네스',NULL,NULL,1,0,0,NULL,'2026-04-01T06:31:24.799Z',NULL);
INSERT INTO "gacha_cards" ("id","academy_id","teacher_id","student_id","type","question","question_image","answer","topic","chapter","grade","box","success_count","fail_count","last_review","created_at","updated_at") VALUES('migrated-1775025084800','acad-1','user-57ppx9v61','migrated-1775025082790','text','180을 소인수분해하시오',NULL,'2² × 3² × 5','소인수분해',NULL,NULL,1,0,0,NULL,'2026-04-01T06:31:24.800Z',NULL);
INSERT INTO "gacha_cards" ("id","academy_id","teacher_id","student_id","type","question","question_image","answer","topic","chapter","grade","box","success_count","fail_count","last_review","created_at","updated_at") VALUES('migrated-1775025084801','acad-1','user-57ppx9v61','migrated-1775025082790','text','2³ × 3²의 약수의 개수는?',NULL,'(3+1)×(2+1) = 12개','약수의개수',NULL,NULL,1,0,0,NULL,'2026-04-01T06:31:24.801Z',NULL);
INSERT INTO "gacha_cards" ("id","academy_id","teacher_id","student_id","type","question","question_image","answer","topic","chapter","grade","box","success_count","fail_count","last_review","created_at","updated_at") VALUES('migrated-1775025084802','acad-1','user-57ppx9v61','migrated-1775025082790','text','두 수 36과 48의 최대공약수를 소인수분해로 구하시오',NULL,'36=2²×3², 48=2⁴×3 → 공통: 2²×3 = 12','소인수분해응용',NULL,NULL,1,0,0,NULL,'2026-04-01T06:31:24.802Z',NULL);
INSERT INTO "gacha_cards" ("id","academy_id","teacher_id","student_id","type","question","question_image","answer","topic","chapter","grade","box","success_count","fail_count","last_review","created_at","updated_at") VALUES('migrated-1775025084803','acad-1','user-57ppx9v61','migrated-1775025082790','text','두 수 12와 18의 최소공배수를 소인수분해로 구하시오',NULL,'12=2²×3, 18=2×3² → 큰 쪽: 2²×3² = 36','소인수분해응용',NULL,NULL,1,0,0,NULL,'2026-04-01T06:31:24.803Z',NULL);
INSERT INTO "gacha_cards" ("id","academy_id","teacher_id","student_id","type","question","question_image","answer","topic","chapter","grade","box","success_count","fail_count","last_review","created_at","updated_at") VALUES('migrated-1775025084804','acad-1','user-57ppx9v61','migrated-1775025082790','text','어떤 자연수 n에 대해 n² = 2⁴ × 3²이면 n은?',NULL,'n = 2² × 3 = 12','소인수분해응용',NULL,NULL,1,0,0,NULL,'2026-04-01T06:31:24.804Z',NULL);
INSERT INTO "gacha_cards" ("id","academy_id","teacher_id","student_id","type","question","question_image","answer","topic","chapter","grade","box","success_count","fail_count","last_review","created_at","updated_at") VALUES('gcard-148de3cc','acad-357dc181','user-2e560e4c',NULL,'text','UI테스트 문제1 uimnzgit97',NULL,'정답1','UI테스트',NULL,NULL,1,0,0,NULL,'2026-04-15T02:54:33.994Z',NULL);
INSERT INTO "gacha_cards" ("id","academy_id","teacher_id","student_id","type","question","question_image","answer","topic","chapter","grade","box","success_count","fail_count","last_review","created_at","updated_at") VALUES('gcard-5670ff48','acad-357dc181','user-2e560e4c',NULL,'text','UI테스트 문제2 uimnzgit97',NULL,'정답2','UI테스트',NULL,NULL,1,0,0,NULL,'2026-04-15T02:54:34.336Z',NULL);
INSERT INTO "gacha_cards" ("id","academy_id","teacher_id","student_id","type","question","question_image","answer","topic","chapter","grade","box","success_count","fail_count","last_review","created_at","updated_at") VALUES('gcard-e9805fdf','acad-357dc181','user-2e560e4c',NULL,'text','UI테스트 문제3 uimnzgit97',NULL,'정답3','UI테스트',NULL,NULL,1,0,0,NULL,'2026-04-15T02:54:34.662Z',NULL);
CREATE TABLE proofs (
  id TEXT PRIMARY KEY,
  academy_id TEXT NOT NULL,
  created_by TEXT NOT NULL,
  title TEXT NOT NULL,
  grade TEXT NOT NULL,
  chapter TEXT,
  difficulty INTEGER DEFAULT 1,
  description TEXT,
  description_image TEXT,
  is_shared INTEGER DEFAULT 0,
  share_count INTEGER DEFAULT 0,
  created_at DATETIME DEFAULT (datetime('now')),
  updated_at DATETIME
, theorem_statement TEXT, subject TEXT, source_path TEXT);
INSERT INTO "proofs" ("id","academy_id","created_by","title","grade","chapter","difficulty","description","description_image","is_shared","share_count","created_at","updated_at","theorem_statement","subject","source_path") VALUES('proof-0f878156','acad-357dc181','user-2e560e4c','E2E-삼각형내각-mny0hcn2','중2','도형의 성질',2,'삼각형의 세 내각의 합이 180°임을 증명하시오.',NULL,0,1,'2026-04-14T02:37:54.445Z','2026-04-14T02:38:24.593Z',NULL,NULL,NULL);
INSERT INTO "proofs" ("id","academy_id","created_by","title","grade","chapter","difficulty","description","description_image","is_shared","share_count","created_at","updated_at","theorem_statement","subject","source_path") VALUES('proof-2df1b03d','acad-357dc181','user-2e560e4c','UI증명-uimny0zdxr','중1',NULL,2,'UI 테스트용 증명',NULL,0,0,'2026-04-14T02:51:50.268Z','2026-04-14T02:51:51.955Z',NULL,NULL,NULL);
INSERT INTO "proofs" ("id","academy_id","created_by","title","grade","chapter","difficulty","description","description_image","is_shared","share_count","created_at","updated_at","theorem_statement","subject","source_path") VALUES('proof-dfd26592','acad-357dc181','user-2e560e4c','UI증명-uimny11bk6','중1',NULL,2,'UI 테스트용 증명',NULL,0,0,'2026-04-14T02:53:21.208Z','2026-04-14T02:53:22.804Z',NULL,NULL,NULL);
INSERT INTO "proofs" ("id","academy_id","created_by","title","grade","chapter","difficulty","description","description_image","is_shared","share_count","created_at","updated_at","theorem_statement","subject","source_path") VALUES('proof-22784a26','acad-357dc181','user-2e560e4c','UI증명-uimny13mqn','중1',NULL,2,'UI 테스트용 증명',NULL,0,0,'2026-04-14T02:55:07.997Z','2026-04-14T02:55:09.785Z',NULL,NULL,NULL);
INSERT INTO "proofs" ("id","academy_id","created_by","title","grade","chapter","difficulty","description","description_image","is_shared","share_count","created_at","updated_at","theorem_statement","subject","source_path") VALUES('proof-0461ade1','acad-357dc181','user-2e560e4c','UI증명-uimny1e3jn','중1',NULL,2,'UI 테스트용 증명',NULL,0,0,'2026-04-14T03:03:18.270Z','2026-04-14T03:03:19.891Z',NULL,NULL,NULL);
INSERT INTO "proofs" ("id","academy_id","created_by","title","grade","chapter","difficulty","description","description_image","is_shared","share_count","created_at","updated_at","theorem_statement","subject","source_path") VALUES('proof-cba077d0','acad-357dc181','user-2e560e4c','UI증명-uimny1g788','중1',NULL,2,'UI 테스트용 증명',NULL,0,0,'2026-04-14T03:04:54.933Z','2026-04-14T03:04:56.731Z',NULL,NULL,NULL);
INSERT INTO "proofs" ("id","academy_id","created_by","title","grade","chapter","difficulty","description","description_image","is_shared","share_count","created_at","updated_at","theorem_statement","subject","source_path") VALUES('proof-29eae6ab','acad-357dc181','user-2e560e4c','UI증명-uimny1iv70','중1',NULL,2,'UI 테스트용 증명',NULL,0,0,'2026-04-14T03:06:59.904Z','2026-04-14T03:07:01.537Z',NULL,NULL,NULL);
INSERT INTO "proofs" ("id","academy_id","created_by","title","grade","chapter","difficulty","description","description_image","is_shared","share_count","created_at","updated_at","theorem_statement","subject","source_path") VALUES('prf_m1_tri_angle_sum','acad-1','system','삼각형 내각의 합','중1','평면도형',2,'꼭짓점을 지나고 대변에 평행한 직선을 그어 엇각·동위각으로 증명',NULL,1,0,'2026-04-15 02:52:59',NULL,'삼각형 ABC에서 ∠A + ∠B + ∠C = 180°','geometry','middle/05_중1_기하/triangle_angle_sum.typ');
INSERT INTO "proofs" ("id","academy_id","created_by","title","grade","chapter","difficulty","description","description_image","is_shared","share_count","created_at","updated_at","theorem_statement","subject","source_path") VALUES('prf_m1_vertical','acad-1','system','맞꼭지각의 크기는 같다','중1','평면도형',1,'두 직선이 한 점에서 만날 때 마주보는 두 각의 크기는 같음을 평각의 성질로 증명',NULL,1,0,'2026-04-15 02:52:59',NULL,'두 직선이 교차할 때 ∠1 = ∠3 (맞꼭지각)','geometry','middle/05_중1_기하/vertical_angles.typ');
INSERT INTO "proofs" ("id","academy_id","created_by","title","grade","chapter","difficulty","description","description_image","is_shared","share_count","created_at","updated_at","theorem_statement","subject","source_path") VALUES('prf_m1_exp_mul','acad-1','system','지수법칙 ① 곱셈','중1','문자와 식',2,'거듭제곱의 정의로부터 a의 m번 곱과 n번 곱을 이어 붙이면 (m+n)번 곱이 된다',NULL,1,0,'2026-04-15 02:52:59',NULL,'양의 정수 m, n에 대하여 aᵐ × aⁿ = aᵐ⁺ⁿ','algebra','middle/02_중1_문자와식/이시은_exp_rule1_곱셈.typ');
INSERT INTO "proofs" ("id","academy_id","created_by","title","grade","chapter","difficulty","description","description_image","is_shared","share_count","created_at","updated_at","theorem_statement","subject","source_path") VALUES('prf_m1_eq_props','acad-1','system','등식의 성질 (이항 원리)','중1','방정식',1,'등식의 양변에 같은 수를 더해도(빼도/곱해도/나눠도) 등식이 성립한다',NULL,1,0,'2026-04-15 02:52:59',NULL,'a=b이면 a+c=b+c, a−c=b−c, ac=bc, a/c=b/c (c≠0)','algebra','middle/03_중1_방정식/equality_properties.typ');
INSERT INTO "proofs" ("id","academy_id","created_by","title","grade","chapter","difficulty","description","description_image","is_shared","share_count","created_at","updated_at","theorem_statement","subject","source_path") VALUES('prf_m1_prime_fact','acad-1','system','소인수분해의 유일성 (개요)','중1','수와 연산',3,'1보다 큰 자연수는 소수들의 곱으로 유일하게 표현됨(순서 제외)을 예시로 이해',NULL,1,0,'2026-04-15 02:52:59',NULL,'1보다 큰 자연수 n은 n = p₁ × p₂ × ... × pₖ (pᵢ는 소수)로 유일하게 표현된다.','number','middle/01_중1_수와연산/prime_factorization.typ');
INSERT INTO "proofs" ("id","academy_id","created_by","title","grade","chapter","difficulty","description","description_image","is_shared","share_count","created_at","updated_at","theorem_statement","subject","source_path") VALUES('proof-d0d55500','acad-357dc181','user-2e560e4c','UI증명-uimnzgit97','중1',NULL,2,'UI 테스트용 증명',NULL,0,0,'2026-04-15T02:54:34.997Z','2026-04-15T02:54:36.330Z',NULL,NULL,NULL);
CREATE TABLE proof_steps (
  id TEXT PRIMARY KEY,
  proof_id TEXT NOT NULL,
  step_order INTEGER NOT NULL,
  content TEXT NOT NULL,
  content_image TEXT,
  blanks_json TEXT,
  hint TEXT,
  FOREIGN KEY (proof_id) REFERENCES proofs(id) ON DELETE CASCADE
);
INSERT INTO "proof_steps" ("id","proof_id","step_order","content","content_image","blanks_json","hint") VALUES('pstep-32b98d22','proof-0f878156',1,'삼각형 ABC에서 꼭짓점 A를 지나고 BC에 평행한 직선 l을 긋는다.',NULL,'[{"position":20,"length":4,"answer":"BC에"}]',NULL);
INSERT INTO "proof_steps" ("id","proof_id","step_order","content","content_image","blanks_json","hint") VALUES('pstep-f81e36a3','proof-0f878156',2,'엇각의 성질에 의해 ∠DAB = ∠ABC이다.',NULL,'[{"position":13,"length":7,"answer":"∠DAB"}]',NULL);
INSERT INTO "proof_steps" ("id","proof_id","step_order","content","content_image","blanks_json","hint") VALUES('pstep-23281933','proof-0f878156',3,'엇각의 성질에 의해 ∠EAC = ∠ACB이다.',NULL,'[{"position":13,"length":7,"answer":"∠EAC"}]',NULL);
INSERT INTO "proof_steps" ("id","proof_id","step_order","content","content_image","blanks_json","hint") VALUES('pstep-7b652f25','proof-0f878156',4,'∠DAB + ∠BAC + ∠EAC = 180° (직선 위의 각)',NULL,NULL,NULL);
INSERT INTO "proof_steps" ("id","proof_id","step_order","content","content_image","blanks_json","hint") VALUES('pstep-c9ebb96d','proof-0f878156',5,'따라서 ∠ABC + ∠BAC + ∠ACB = 180°',NULL,NULL,'대입 정리');
INSERT INTO "proof_steps" ("id","proof_id","step_order","content","content_image","blanks_json","hint") VALUES('pstep-fb60588e','proof-2df1b03d',1,'가정을 세운다',NULL,NULL,NULL);
INSERT INTO "proof_steps" ("id","proof_id","step_order","content","content_image","blanks_json","hint") VALUES('pstep-c244bb7a','proof-2df1b03d',2,'삼각형 ABC를 그린다',NULL,NULL,NULL);
INSERT INTO "proof_steps" ("id","proof_id","step_order","content","content_image","blanks_json","hint") VALUES('pstep-f291e8f8','proof-2df1b03d',3,'내각의 합을 구한다',NULL,NULL,NULL);
INSERT INTO "proof_steps" ("id","proof_id","step_order","content","content_image","blanks_json","hint") VALUES('pstep-2f3906dd','proof-2df1b03d',4,'180도임을 보인다',NULL,NULL,NULL);
INSERT INTO "proof_steps" ("id","proof_id","step_order","content","content_image","blanks_json","hint") VALUES('pstep-6ece1fa1','proof-dfd26592',1,'가정을 세운다',NULL,NULL,NULL);
INSERT INTO "proof_steps" ("id","proof_id","step_order","content","content_image","blanks_json","hint") VALUES('pstep-c85b34e0','proof-dfd26592',2,'삼각형 ABC를 그린다',NULL,NULL,NULL);
INSERT INTO "proof_steps" ("id","proof_id","step_order","content","content_image","blanks_json","hint") VALUES('pstep-eb63cf9f','proof-dfd26592',3,'내각의 합을 구한다',NULL,NULL,NULL);
INSERT INTO "proof_steps" ("id","proof_id","step_order","content","content_image","blanks_json","hint") VALUES('pstep-d8ff3abe','proof-dfd26592',4,'180도임을 보인다',NULL,NULL,NULL);
INSERT INTO "proof_steps" ("id","proof_id","step_order","content","content_image","blanks_json","hint") VALUES('pstep-e7077683','proof-22784a26',1,'가정을 세운다',NULL,NULL,NULL);
INSERT INTO "proof_steps" ("id","proof_id","step_order","content","content_image","blanks_json","hint") VALUES('pstep-50e74902','proof-22784a26',2,'삼각형 ABC를 그린다',NULL,NULL,NULL);
INSERT INTO "proof_steps" ("id","proof_id","step_order","content","content_image","blanks_json","hint") VALUES('pstep-2fd318f4','proof-22784a26',3,'내각의 합을 구한다',NULL,NULL,NULL);
INSERT INTO "proof_steps" ("id","proof_id","step_order","content","content_image","blanks_json","hint") VALUES('pstep-81b5e4d1','proof-22784a26',4,'180도임을 보인다',NULL,NULL,NULL);
INSERT INTO "proof_steps" ("id","proof_id","step_order","content","content_image","blanks_json","hint") VALUES('pstep-caf1675f','proof-0461ade1',1,'가정을 세운다',NULL,NULL,NULL);
INSERT INTO "proof_steps" ("id","proof_id","step_order","content","content_image","blanks_json","hint") VALUES('pstep-e1cc2739','proof-0461ade1',2,'삼각형 ABC를 그린다',NULL,NULL,NULL);
INSERT INTO "proof_steps" ("id","proof_id","step_order","content","content_image","blanks_json","hint") VALUES('pstep-c2a8c6c2','proof-0461ade1',3,'내각의 합을 구한다',NULL,NULL,NULL);
INSERT INTO "proof_steps" ("id","proof_id","step_order","content","content_image","blanks_json","hint") VALUES('pstep-80eaf881','proof-0461ade1',4,'180도임을 보인다',NULL,NULL,NULL);
INSERT INTO "proof_steps" ("id","proof_id","step_order","content","content_image","blanks_json","hint") VALUES('pstep-46c6c23c','proof-cba077d0',1,'가정을 세운다',NULL,NULL,NULL);
INSERT INTO "proof_steps" ("id","proof_id","step_order","content","content_image","blanks_json","hint") VALUES('pstep-310b92d3','proof-cba077d0',2,'삼각형 ABC를 그린다',NULL,NULL,NULL);
INSERT INTO "proof_steps" ("id","proof_id","step_order","content","content_image","blanks_json","hint") VALUES('pstep-98a67ff9','proof-cba077d0',3,'내각의 합을 구한다',NULL,NULL,NULL);
INSERT INTO "proof_steps" ("id","proof_id","step_order","content","content_image","blanks_json","hint") VALUES('pstep-61e83108','proof-cba077d0',4,'180도임을 보인다',NULL,NULL,NULL);
INSERT INTO "proof_steps" ("id","proof_id","step_order","content","content_image","blanks_json","hint") VALUES('pstep-a81c9079','proof-29eae6ab',1,'가정을 세운다',NULL,NULL,NULL);
INSERT INTO "proof_steps" ("id","proof_id","step_order","content","content_image","blanks_json","hint") VALUES('pstep-7fd51aa5','proof-29eae6ab',2,'삼각형 ABC를 그린다',NULL,NULL,NULL);
INSERT INTO "proof_steps" ("id","proof_id","step_order","content","content_image","blanks_json","hint") VALUES('pstep-70e5545f','proof-29eae6ab',3,'내각의 합을 구한다',NULL,NULL,NULL);
INSERT INTO "proof_steps" ("id","proof_id","step_order","content","content_image","blanks_json","hint") VALUES('pstep-ec28363f','proof-29eae6ab',4,'180도임을 보인다',NULL,NULL,NULL);
INSERT INTO "proof_steps" ("id","proof_id","step_order","content","content_image","blanks_json","hint") VALUES('pstep-5965df2f','proof-d0d55500',1,'가정을 세운다',NULL,NULL,NULL);
INSERT INTO "proof_steps" ("id","proof_id","step_order","content","content_image","blanks_json","hint") VALUES('pstep-2a13e61c','proof-d0d55500',2,'삼각형 ABC를 그린다',NULL,NULL,NULL);
INSERT INTO "proof_steps" ("id","proof_id","step_order","content","content_image","blanks_json","hint") VALUES('pstep-e56f4d54','proof-d0d55500',3,'내각의 합을 구한다',NULL,NULL,NULL);
INSERT INTO "proof_steps" ("id","proof_id","step_order","content","content_image","blanks_json","hint") VALUES('pstep-bdcc7c55','proof-d0d55500',4,'180도임을 보인다',NULL,NULL,NULL);
INSERT INTO "proof_steps" ("id","proof_id","step_order","content","content_image","blanks_json","hint") VALUES('step_tas_1','prf_m1_tri_angle_sum',1,'꼭짓점 A를 지나고 BC에 평행한 직선 ℓ을 긋는다.',NULL,NULL,NULL);
INSERT INTO "proof_steps" ("id","proof_id","step_order","content","content_image","blanks_json","hint") VALUES('step_tas_2','prf_m1_tri_angle_sum',2,'ℓ∥BC이므로 엇각에 의해 ∠ABC=∠DAB, ∠ACB=∠EAC.',NULL,NULL,NULL);
INSERT INTO "proof_steps" ("id","proof_id","step_order","content","content_image","blanks_json","hint") VALUES('step_tas_3','prf_m1_tri_angle_sum',3,'꼭짓점 A에서 ℓ 위의 세 각을 보면 ∠DAB + ∠BAC + ∠CAE = 180° (평각).',NULL,NULL,NULL);
INSERT INTO "proof_steps" ("id","proof_id","step_order","content","content_image","blanks_json","hint") VALUES('step_tas_4','prf_m1_tri_angle_sum',4,'엇각 대입: ∠ABC + ∠BAC + ∠BCA = 180°. 증명 완료.',NULL,'[{"placeholder":"평행","answer":"평행"},{"placeholder":"엇각","answer":"엇각"},{"placeholder":"180","answer":"180"}]',NULL);
INSERT INTO "proof_steps" ("id","proof_id","step_order","content","content_image","blanks_json","hint") VALUES('step_va_1','prf_m1_vertical',1,'∠1과 ∠2는 일직선 위의 각이므로 ∠1+∠2=180°.',NULL,NULL,NULL);
INSERT INTO "proof_steps" ("id","proof_id","step_order","content","content_image","blanks_json","hint") VALUES('step_va_2','prf_m1_vertical',2,'∠2+∠3=180°도 평각이므로 성립한다.',NULL,NULL,NULL);
INSERT INTO "proof_steps" ("id","proof_id","step_order","content","content_image","blanks_json","hint") VALUES('step_va_3','prf_m1_vertical',3,'두 식에서 ∠1 = 180°−∠2 = ∠3.',NULL,'[{"placeholder":"180","answer":"180"},{"placeholder":"∠3","answer":"∠3"}]',NULL);
INSERT INTO "proof_steps" ("id","proof_id","step_order","content","content_image","blanks_json","hint") VALUES('step_em_1','prf_m1_exp_mul',1,'aᵐ × aⁿ = (a를 m번 곱한 것) × (a를 n번 곱한 것).',NULL,NULL,NULL);
INSERT INTO "proof_steps" ("id","proof_id","step_order","content","content_image","blanks_json","hint") VALUES('step_em_2','prf_m1_exp_mul',2,'= a를 (m+n)번 곱한 것.',NULL,NULL,NULL);
INSERT INTO "proof_steps" ("id","proof_id","step_order","content","content_image","blanks_json","hint") VALUES('step_em_3','prf_m1_exp_mul',3,'= aᵐ⁺ⁿ. 증명 완료.',NULL,'[{"placeholder":"m","answer":"m"},{"placeholder":"m+n","answer":"m+n"},{"placeholder":"m+n","answer":"m+n"}]',NULL);
INSERT INTO "proof_steps" ("id","proof_id","step_order","content","content_image","blanks_json","hint") VALUES('step_ep_1','prf_m1_eq_props',1,'x+3=7 (주어진 등식).',NULL,NULL,NULL);
INSERT INTO "proof_steps" ("id","proof_id","step_order","content","content_image","blanks_json","hint") VALUES('step_ep_2','prf_m1_eq_props',2,'x+3−3 = 7−3 (양변에서 3을 뺀다).',NULL,NULL,NULL);
INSERT INTO "proof_steps" ("id","proof_id","step_order","content","content_image","blanks_json","hint") VALUES('step_ep_3','prf_m1_eq_props',3,'x=4.',NULL,'[{"placeholder":"b+c","answer":"b+c"},{"placeholder":"b/c","answer":"b/c"},{"placeholder":"5","answer":"5"}]',NULL);
INSERT INTO "proof_steps" ("id","proof_id","step_order","content","content_image","blanks_json","hint") VALUES('step_pf_1','prf_m1_prime_fact',1,'60 = 2 × 30.',NULL,NULL,NULL);
INSERT INTO "proof_steps" ("id","proof_id","step_order","content","content_image","blanks_json","hint") VALUES('step_pf_2','prf_m1_prime_fact',2,'30 = 2 × 15이므로 60 = 2 × 2 × 15.',NULL,NULL,NULL);
INSERT INTO "proof_steps" ("id","proof_id","step_order","content","content_image","blanks_json","hint") VALUES('step_pf_3','prf_m1_prime_fact',3,'15 = 3 × 5이므로 60 = 2 × 2 × 3 × 5.',NULL,NULL,NULL);
INSERT INTO "proof_steps" ("id","proof_id","step_order","content","content_image","blanks_json","hint") VALUES('step_pf_4','prf_m1_prime_fact',4,'∴ 60 = 2² × 3 × 5 (모두 소수).',NULL,'[{"placeholder":"3","answer":"3"},{"placeholder":"3²","answer":"3²"},{"placeholder":"5²","answer":"5²"}]',NULL);
CREATE TABLE proof_shares (
  id TEXT PRIMARY KEY,
  original_proof_id TEXT NOT NULL,
  shared_by TEXT NOT NULL,
  copied_by TEXT,
  copied_academy_id TEXT,
  copied_proof_id TEXT,
  copied_at DATETIME,
  FOREIGN KEY (original_proof_id) REFERENCES proofs(id)
);
INSERT INTO "proof_shares" ("id","original_proof_id","shared_by","copied_by","copied_academy_id","copied_proof_id","copied_at") VALUES('pshare-f7876355','proof-0f878156','user-2e560e4c','user-2e560e4c','acad-357dc181','proof-8ffb665d','2026-04-14T02:38:20.719Z');
CREATE TABLE gacha_sessions (
  id TEXT PRIMARY KEY,
  student_id TEXT NOT NULL,
  session_date TEXT NOT NULL,
  cards_drawn INTEGER DEFAULT 0,
  cards_target INTEGER DEFAULT 10,
  proofs_done INTEGER DEFAULT 0,
  proofs_target INTEGER DEFAULT 5,
  started_at DATETIME DEFAULT (datetime('now')),
  completed_at DATETIME,
  UNIQUE(student_id, session_date),
  FOREIGN KEY (student_id) REFERENCES gacha_students(id) ON DELETE CASCADE
);
INSERT INTO "gacha_sessions" ("id","student_id","session_date","cards_drawn","cards_target","proofs_done","proofs_target","started_at","completed_at") VALUES('gsess-309648c4','gstu-0fdeead7','2026-04-14',0,10,0,5,'2026-04-14 02:52:14',NULL);
INSERT INTO "gacha_sessions" ("id","student_id","session_date","cards_drawn","cards_target","proofs_done","proofs_target","started_at","completed_at") VALUES('gsess-6b53d180','gstu-739ea40c','2026-04-14',0,10,0,5,'2026-04-14 02:53:29',NULL);
INSERT INTO "gacha_sessions" ("id","student_id","session_date","cards_drawn","cards_target","proofs_done","proofs_target","started_at","completed_at") VALUES('gsess-d8469bf6','gstu-af854865','2026-04-14',0,10,0,5,'2026-04-14 02:55:17',NULL);
INSERT INTO "gacha_sessions" ("id","student_id","session_date","cards_drawn","cards_target","proofs_done","proofs_target","started_at","completed_at") VALUES('gsess-40db2362','gstu-83ff4bce','2026-04-14',0,10,0,5,'2026-04-14 03:07:11',NULL);
INSERT INTO "gacha_sessions" ("id","student_id","session_date","cards_drawn","cards_target","proofs_done","proofs_target","started_at","completed_at") VALUES('gsess-a579413d','gstu-f37bff73','2026-04-14',0,10,0,5,'2026-04-14 03:25:34',NULL);
INSERT INTO "gacha_sessions" ("id","student_id","session_date","cards_drawn","cards_target","proofs_done","proofs_target","started_at","completed_at") VALUES('gsess-6c88ffbb','gstu-e1d6a3e4','2026-04-18',0,10,0,5,'2026-04-18 00:09:19',NULL);
INSERT INTO "gacha_sessions" ("id","student_id","session_date","cards_drawn","cards_target","proofs_done","proofs_target","started_at","completed_at") VALUES('gsess-b1643eba','gstu-8590be48','2026-04-18',0,10,0,5,'2026-04-18 00:10:24',NULL);
INSERT INTO "gacha_sessions" ("id","student_id","session_date","cards_drawn","cards_target","proofs_done","proofs_target","started_at","completed_at") VALUES('gsess-49d386b2','gstu-25ae7a2c','2026-04-18',0,10,0,5,'2026-04-18 00:16:11',NULL);
INSERT INTO "gacha_sessions" ("id","student_id","session_date","cards_drawn","cards_target","proofs_done","proofs_target","started_at","completed_at") VALUES('gsess-a2053494','gstu-d8fbe641','2026-04-20',0,10,0,5,'2026-04-20 13:30:05',NULL);
CREATE TABLE gacha_card_results (
  id TEXT PRIMARY KEY,
  student_id TEXT NOT NULL,
  card_id TEXT NOT NULL,
  session_id TEXT,
  result TEXT NOT NULL,
  box_before INTEGER,
  box_after INTEGER,
  reviewed_at DATETIME DEFAULT (datetime('now')),
  FOREIGN KEY (student_id) REFERENCES gacha_students(id) ON DELETE CASCADE,
  FOREIGN KEY (card_id) REFERENCES gacha_cards(id) ON DELETE CASCADE,
  FOREIGN KEY (session_id) REFERENCES gacha_sessions(id) ON DELETE SET NULL
);
CREATE TABLE proof_results (
  id TEXT PRIMARY KEY,
  student_id TEXT NOT NULL,
  proof_id TEXT NOT NULL,
  session_id TEXT,
  mode TEXT NOT NULL,
  score INTEGER,
  time_spent INTEGER,
  detail_json TEXT,
  box INTEGER DEFAULT 1,
  attempted_at DATETIME DEFAULT (datetime('now')),
  FOREIGN KEY (student_id) REFERENCES gacha_students(id) ON DELETE CASCADE,
  FOREIGN KEY (proof_id) REFERENCES proofs(id) ON DELETE CASCADE,
  FOREIGN KEY (session_id) REFERENCES gacha_sessions(id) ON DELETE SET NULL
);
CREATE TABLE proof_assignments (
  id TEXT PRIMARY KEY,
  student_id TEXT NOT NULL,
  proof_id TEXT NOT NULL,
  assigned_by TEXT NOT NULL,
  assigned_at DATETIME DEFAULT (datetime('now')),
  UNIQUE(student_id, proof_id),
  FOREIGN KEY (student_id) REFERENCES gacha_students(id) ON DELETE CASCADE,
  FOREIGN KEY (proof_id) REFERENCES proofs(id) ON DELETE CASCADE
);
INSERT INTO "proof_assignments" ("id","student_id","proof_id","assigned_by","assigned_at") VALUES('passign-e8e40e5b','gstu-af854865','proof-22784a26','user-2e560e4c','2026-04-14T02:55:10.831Z');
INSERT INTO "proof_assignments" ("id","student_id","proof_id","assigned_by","assigned_at") VALUES('passign-7189704c','gstu-2c8e6e26','proof-0461ade1','user-2e560e4c','2026-04-14T03:03:20.965Z');
INSERT INTO "proof_assignments" ("id","student_id","proof_id","assigned_by","assigned_at") VALUES('passign-667d17ba','gstu-ff518b4e','proof-cba077d0','user-2e560e4c','2026-04-14T03:04:57.748Z');
INSERT INTO "proof_assignments" ("id","student_id","proof_id","assigned_by","assigned_at") VALUES('passign-b775d575','gstu-83ff4bce','proof-29eae6ab','user-2e560e4c','2026-04-14T03:07:02.667Z');
INSERT INTO "proof_assignments" ("id","student_id","proof_id","assigned_by","assigned_at") VALUES('passign-0d3ee4af','gstu-17d98fff','proof-d0d55500','user-2e560e4c','2026-04-15T02:54:37.105Z');
CREATE TABLE exam_periods (
  id TEXT PRIMARY KEY,
  academy_id TEXT NOT NULL,
  title TEXT NOT NULL,
  period_month TEXT NOT NULL,
  status TEXT DEFAULT 'preparing',
  created_by TEXT NOT NULL,
  created_at DATETIME DEFAULT (datetime('now')),
  updated_at DATETIME DEFAULT (datetime('now')),
  UNIQUE(academy_id, period_month)
);
INSERT INTO "exam_periods" ("id","academy_id","title","period_month","status","created_by","created_at","updated_at") VALUES('ep-99d0c19a','acad-1','2026년 4월 정기고사','2026-04','preparing','user-57ppx9v61','2026-04-15 01:25:25','2026-04-15 01:25:25');
INSERT INTO "exam_periods" ("id","academy_id","title","period_month","status","created_by","created_at","updated_at") VALUES('ep-da9501b8','acad-1','2026년 5월 정기고사','2026-05','preparing','user-57ppx9v61','2026-04-15 01:44:11','2026-04-15 01:44:11');
INSERT INTO "exam_periods" ("id","academy_id","title","period_month","status","created_by","created_at","updated_at") VALUES('ep-3a2abc9b','acad-1','2026년 6월 정기고사','2026-06','preparing','user-57ppx9v61','2026-04-15 01:47:51','2026-04-15 01:47:51');
INSERT INTO "exam_periods" ("id","academy_id","title","period_month","status","created_by","created_at","updated_at") VALUES('ep-258df104','acad-5386360c','2026년 4월 정기고사','2026-04','preparing','user-canyon-t1','2026-04-15 11:38:22','2026-04-15 11:38:22');
INSERT INTO "exam_periods" ("id","academy_id","title","period_month","status","created_by","created_at","updated_at") VALUES('ep-ca8e1056','acad-1','2026년 3월 정기고사','2026-03','preparing','user-i170bjn6w','2026-04-16 06:05:07','2026-04-16 06:05:07');
CREATE TABLE exam_papers (
  id TEXT PRIMARY KEY,
  exam_period_id TEXT NOT NULL,
  academy_id TEXT NOT NULL,
  title TEXT NOT NULL,
  grade_filter TEXT,
  is_custom INTEGER DEFAULT 0,
  created_at DATETIME DEFAULT (datetime('now')),
  FOREIGN KEY (exam_period_id) REFERENCES exam_periods(id) ON DELETE CASCADE
);
INSERT INTO "exam_papers" ("id","exam_period_id","academy_id","title","grade_filter","is_custom","created_at") VALUES('epaper-32fce044','ep-99d0c19a','acad-1','null 정기고사',NULL,0,'2026-04-15 01:27:27');
INSERT INTO "exam_papers" ("id","exam_period_id","academy_id","title","grade_filter","is_custom","created_at") VALUES('epaper-b7ec53ec','ep-99d0c19a','acad-1','null 정기고사',NULL,0,'2026-04-15 01:41:54');
INSERT INTO "exam_papers" ("id","exam_period_id","academy_id","title","grade_filter","is_custom","created_at") VALUES('epaper-fd97639b','ep-99d0c19a','acad-1','미지정 정기고사','미지정',0,'2026-04-15 01:43:30');
INSERT INTO "exam_papers" ("id","exam_period_id","academy_id","title","grade_filter","is_custom","created_at") VALUES('ep-2604-m1','ep-99d0c19a','acad-1','2026-04 중1 정기고사','중1',0,'2026-04-15 03:34:18');
INSERT INTO "exam_papers" ("id","exam_period_id","academy_id","title","grade_filter","is_custom","created_at") VALUES('ep-2604-m2','ep-99d0c19a','acad-1','2026-04 중2 정기고사','중2',0,'2026-04-15 03:34:18');
INSERT INTO "exam_papers" ("id","exam_period_id","academy_id","title","grade_filter","is_custom","created_at") VALUES('ep-2604-m3','ep-99d0c19a','acad-1','2026-04 중3 정기고사','중3',0,'2026-04-15 03:34:18');
INSERT INTO "exam_papers" ("id","exam_period_id","academy_id","title","grade_filter","is_custom","created_at") VALUES('ep-2604-h1','ep-99d0c19a','acad-1','2026-04 고1 정기고사','고1',0,'2026-04-15 03:34:18');
INSERT INTO "exam_papers" ("id","exam_period_id","academy_id","title","grade_filter","is_custom","created_at") VALUES('ep-2604-h2','ep-99d0c19a','acad-1','2026-04 고2 정기고사','고2',0,'2026-04-15 03:34:18');
INSERT INTO "exam_papers" ("id","exam_period_id","academy_id","title","grade_filter","is_custom","created_at") VALUES('ep-2604-kkm','ep-99d0c19a','acad-1','2026-04 김광민 수학2','고3',1,'2026-04-15 03:42:58');
INSERT INTO "exam_papers" ("id","exam_period_id","academy_id","title","grade_filter","is_custom","created_at") VALUES('ep-2604-pdj','ep-99d0c19a','acad-1','2026-04 박동진 확통','고3',1,'2026-04-15 03:42:58');
INSERT INTO "exam_papers" ("id","exam_period_id","academy_id","title","grade_filter","is_custom","created_at") VALUES('ep-2604-shs','ep-99d0c19a','acad-1','2026-04 송하선 적분미분최적화','고3',1,'2026-04-15 03:42:58');
INSERT INTO "exam_papers" ("id","exam_period_id","academy_id","title","grade_filter","is_custom","created_at") VALUES('ep-2604-kty','ep-99d0c19a','acad-1','2026-04 김태영 분수소수','초4',1,'2026-04-15 03:42:58');
INSERT INTO "exam_papers" ("id","exam_period_id","academy_id","title","grade_filter","is_custom","created_at") VALUES('ep-2604-ysh','ep-99d0c19a','acad-1','2026-04 윤승환 미적분','고3',1,'2026-04-15 03:49:54');
INSERT INTO "exam_papers" ("id","exam_period_id","academy_id","title","grade_filter","is_custom","created_at") VALUES('epaper-d7e91bb1','ep-258df104','acad-5386360c','고1 정기고사','고1',0,'2026-04-17 05:11:03');
INSERT INTO "exam_papers" ("id","exam_period_id","academy_id","title","grade_filter","is_custom","created_at") VALUES('epaper-9fcab73c','ep-258df104','acad-5386360c','중1 정기고사','중1',0,'2026-04-17 05:11:28');
INSERT INTO "exam_papers" ("id","exam_period_id","academy_id","title","grade_filter","is_custom","created_at") VALUES('epaper-00375c72','ep-258df104','acad-5386360c','중2 정기고사','중2',0,'2026-04-17 05:11:29');
INSERT INTO "exam_papers" ("id","exam_period_id","academy_id","title","grade_filter","is_custom","created_at") VALUES('epaper-e223803d','ep-258df104','acad-5386360c','중3 정기고사','중3',0,'2026-04-17 05:11:29');
CREATE TABLE proof_givens (
  id TEXT PRIMARY KEY,
  proof_id TEXT NOT NULL,
  kind TEXT NOT NULL DEFAULT 'definition',
  label TEXT,
  content TEXT NOT NULL,
  order_idx INTEGER DEFAULT 0,
  FOREIGN KEY (proof_id) REFERENCES proofs(id) ON DELETE CASCADE
);
INSERT INTO "proof_givens" ("id","proof_id","kind","label","content","order_idx") VALUES('g_tas_1','prf_m1_tri_angle_sum','definition','평행선의 엇각','두 직선이 평행하면 엇각의 크기가 같다.',0);
INSERT INTO "proof_givens" ("id","proof_id","kind","label","content","order_idx") VALUES('g_tas_2','prf_m1_tri_angle_sum','definition','평각','한 직선 위의 각의 합은 180°이다.',1);
INSERT INTO "proof_givens" ("id","proof_id","kind","label","content","order_idx") VALUES('g_tas_3','prf_m1_tri_angle_sum','assumption','전제','삼각형 ABC가 주어져 있다.',2);
INSERT INTO "proof_givens" ("id","proof_id","kind","label","content","order_idx") VALUES('g_va_1','prf_m1_vertical','definition','평각','일직선 위의 두 각의 합은 180°이다.',0);
INSERT INTO "proof_givens" ("id","proof_id","kind","label","content","order_idx") VALUES('g_va_2','prf_m1_vertical','assumption','전제','두 직선이 한 점에서 만나 네 각 ∠1, ∠2, ∠3, ∠4가 생긴다 (∠1과 ∠3이 맞꼭지각).',1);
INSERT INTO "proof_givens" ("id","proof_id","kind","label","content","order_idx") VALUES('g_em_1','prf_m1_exp_mul','definition','거듭제곱의 정의','aⁿ = a를 n번 곱한 것.',0);
INSERT INTO "proof_givens" ("id","proof_id","kind","label","content","order_idx") VALUES('g_em_2','prf_m1_exp_mul','assumption','전제','a는 실수, m과 n은 양의 정수.',1);
INSERT INTO "proof_givens" ("id","proof_id","kind","label","content","order_idx") VALUES('g_ep_1','prf_m1_eq_props','definition','등호의 정의','a=b는 a와 b가 같은 수임을 의미한다.',0);
INSERT INTO "proof_givens" ("id","proof_id","kind","label","content","order_idx") VALUES('g_ep_2','prf_m1_eq_props','definition','연산의 일관성','같은 수에 같은 연산을 하면 결과도 같다.',1);
INSERT INTO "proof_givens" ("id","proof_id","kind","label","content","order_idx") VALUES('g_pf_1','prf_m1_prime_fact','definition','소수','1과 자기 자신만을 약수로 가지는 1보다 큰 자연수.',0);
INSERT INTO "proof_givens" ("id","proof_id","kind","label","content","order_idx") VALUES('g_pf_2','prf_m1_prime_fact','definition','합성수','소수가 아닌 1보다 큰 자연수는 두 자연수의 곱으로 표현됨.',1);
CREATE TABLE proof_phases (
  id TEXT PRIMARY KEY,
  proof_id TEXT NOT NULL,
  phase_no INTEGER NOT NULL,
  phase_type TEXT NOT NULL,
  prompt TEXT NOT NULL,
  model_answer TEXT,
  UNIQUE(proof_id, phase_no),
  FOREIGN KEY (proof_id) REFERENCES proofs(id) ON DELETE CASCADE
);
INSERT INTO "proof_phases" ("id","proof_id","phase_no","phase_type","prompt","model_answer") VALUES('ph_tas_1','prf_m1_tri_angle_sum',1,'order','증명 단계 A~D를 올바른 순서로 배열하시오.','B,D,A,C');
INSERT INTO "proof_phases" ("id","proof_id","phase_no","phase_type","prompt","model_answer") VALUES('ph_tas_2','prf_m1_tri_angle_sum',2,'blank','빈칸을 채워 증명을 완성하시오.',NULL);
INSERT INTO "proof_phases" ("id","proof_id","phase_no","phase_type","prompt","model_answer") VALUES('ph_tas_3','prf_m1_tri_angle_sum',3,'blank_paper','꼭짓점 A를 지나고 BC에 평행한 직선을 이용하여 ∠A+∠B+∠C=180°임을 증명하시오.','보조선 ℓ∥BC를 A에 긋고, 엇각으로 ∠B=∠DAB, ∠C=∠EAC, 평각으로 ∠DAB+∠BAC+∠CAE=180°, 대입하면 ∠A+∠B+∠C=180°.');
INSERT INTO "proof_phases" ("id","proof_id","phase_no","phase_type","prompt","model_answer") VALUES('ph_va_1','prf_m1_vertical',1,'order','단계 A~C를 순서대로 배열하시오.','B,A,C');
INSERT INTO "proof_phases" ("id","proof_id","phase_no","phase_type","prompt","model_answer") VALUES('ph_va_2','prf_m1_vertical',2,'blank','빈칸을 채우시오.',NULL);
INSERT INTO "proof_phases" ("id","proof_id","phase_no","phase_type","prompt","model_answer") VALUES('ph_va_3','prf_m1_vertical',3,'blank_paper','두 직선의 교점에서 생기는 맞꼭지각 ∠1=∠3을 증명하시오.','∠1+∠2=180°(평각), ∠2+∠3=180°(평각). 두 식에서 ∠1=180°−∠2=∠3.');
INSERT INTO "proof_phases" ("id","proof_id","phase_no","phase_type","prompt","model_answer") VALUES('ph_em_1','prf_m1_exp_mul',1,'order','단계 A~C를 순서대로 배열하시오.','A,B,C');
INSERT INTO "proof_phases" ("id","proof_id","phase_no","phase_type","prompt","model_answer") VALUES('ph_em_2','prf_m1_exp_mul',2,'blank','빈칸을 채우시오.',NULL);
INSERT INTO "proof_phases" ("id","proof_id","phase_no","phase_type","prompt","model_answer") VALUES('ph_em_3','prf_m1_exp_mul',3,'blank_paper','aᵐ × aⁿ = aᵐ⁺ⁿ을 거듭제곱의 정의로부터 증명하시오.','aᵐ×aⁿ = (a×...×a, m개)×(a×...×a, n개) = a×...×a, (m+n)개 = aᵐ⁺ⁿ.');
INSERT INTO "proof_phases" ("id","proof_id","phase_no","phase_type","prompt","model_answer") VALUES('ph_ep_1','prf_m1_eq_props',1,'order','이항 과정을 순서대로 배열하시오: x+3=7 풀기.','B,A,C');
INSERT INTO "proof_phases" ("id","proof_id","phase_no","phase_type","prompt","model_answer") VALUES('ph_ep_2','prf_m1_eq_props',2,'blank','빈칸을 채우시오.',NULL);
INSERT INTO "proof_phases" ("id","proof_id","phase_no","phase_type","prompt","model_answer") VALUES('ph_ep_3','prf_m1_eq_props',3,'blank_paper','등식의 성질을 이용해 2x+5=13을 풀고 각 단계의 근거를 쓰시오.','2x+5=13 → (양변에서 5를 뺌) 2x=8 → (양변을 2로 나눔) x=4.');
INSERT INTO "proof_phases" ("id","proof_id","phase_no","phase_type","prompt","model_answer") VALUES('ph_pf_1','prf_m1_prime_fact',1,'order','60의 소인수분해 과정을 순서대로 배열하시오.','A,B,C,D');
INSERT INTO "proof_phases" ("id","proof_id","phase_no","phase_type","prompt","model_answer") VALUES('ph_pf_2','prf_m1_prime_fact',2,'blank','빈칸을 채우시오.',NULL);
INSERT INTO "proof_phases" ("id","proof_id","phase_no","phase_type","prompt","model_answer") VALUES('ph_pf_3','prf_m1_prime_fact',3,'blank_paper','84를 소인수분해하고, 60과 84의 최대공약수를 구하시오.','84=2²×3×7. 60=2²×3×5. 공통 소인수 최소 지수: 2²×3=12. 따라서 GCD=12.');
CREATE TABLE proof_phase_items (
  id TEXT PRIMARY KEY,
  phase_id TEXT NOT NULL,
  item_key TEXT NOT NULL,
  content TEXT NOT NULL,
  correct_answer TEXT,
  meta_json TEXT,
  order_idx INTEGER DEFAULT 0,
  FOREIGN KEY (phase_id) REFERENCES proof_phases(id) ON DELETE CASCADE
);
INSERT INTO "proof_phase_items" ("id","phase_id","item_key","content","correct_answer","meta_json","order_idx") VALUES('it_tas_1a','ph_tas_1','A','꼭짓점 A에서 ℓ 위의 세 각을 보면 ∠DAB + ∠BAC + ∠CAE = 180° (평각).','3',NULL,0);
INSERT INTO "proof_phase_items" ("id","phase_id","item_key","content","correct_answer","meta_json","order_idx") VALUES('it_tas_1b','ph_tas_1','B','꼭짓점 A를 지나고 BC에 평행한 직선 ℓ을 긋는다.','1',NULL,1);
INSERT INTO "proof_phase_items" ("id","phase_id","item_key","content","correct_answer","meta_json","order_idx") VALUES('it_tas_1c','ph_tas_1','C','엇각 대입: ∠ABC + ∠BAC + ∠BCA = 180°. 증명 완료.','4',NULL,2);
INSERT INTO "proof_phase_items" ("id","phase_id","item_key","content","correct_answer","meta_json","order_idx") VALUES('it_tas_1d','ph_tas_1','D','ℓ∥BC이므로 엇각에 의해 ∠ABC=∠DAB, ∠ACB=∠EAC.','2',NULL,3);
INSERT INTO "proof_phase_items" ("id","phase_id","item_key","content","correct_answer","meta_json","order_idx") VALUES('it_tas_2_1','ph_tas_2','blank_1','꼭짓점 A를 지나고 BC에 ( ? )한 직선 ℓ을 긋는다.','평행',NULL,0);
INSERT INTO "proof_phase_items" ("id","phase_id","item_key","content","correct_answer","meta_json","order_idx") VALUES('it_tas_2_2','ph_tas_2','blank_2','ℓ∥BC이므로 ( ? )에 의해 ∠B=∠DAB, ∠C=∠EAC.','엇각',NULL,1);
INSERT INTO "proof_phase_items" ("id","phase_id","item_key","content","correct_answer","meta_json","order_idx") VALUES('it_tas_2_3','ph_tas_2','blank_3','A에서의 평각: ∠DAB + ∠BAC + ∠CAE = ( ? )°.','180',NULL,2);
INSERT INTO "proof_phase_items" ("id","phase_id","item_key","content","correct_answer","meta_json","order_idx") VALUES('it_tas_2_4','ph_tas_2','blank_4','따라서 ∠A + ∠B + ∠C = ( ? )°.','180',NULL,3);
INSERT INTO "proof_phase_items" ("id","phase_id","item_key","content","correct_answer","meta_json","order_idx") VALUES('it_va_1a','ph_va_1','A','∠2+∠3=180°도 평각이므로 성립한다.','2',NULL,0);
INSERT INTO "proof_phase_items" ("id","phase_id","item_key","content","correct_answer","meta_json","order_idx") VALUES('it_va_1b','ph_va_1','B','∠1과 ∠2는 일직선 위의 각이므로 ∠1+∠2=180°.','1',NULL,1);
INSERT INTO "proof_phase_items" ("id","phase_id","item_key","content","correct_answer","meta_json","order_idx") VALUES('it_va_1c','ph_va_1','C','두 식에서 ∠1 = 180°−∠2 = ∠3.','3',NULL,2);
INSERT INTO "proof_phase_items" ("id","phase_id","item_key","content","correct_answer","meta_json","order_idx") VALUES('it_va_2_1','ph_va_2','blank_1','∠1+∠2=( ? )° (평각).','180',NULL,0);
INSERT INTO "proof_phase_items" ("id","phase_id","item_key","content","correct_answer","meta_json","order_idx") VALUES('it_va_2_2','ph_va_2','blank_2','∠2+∠3=( ? )° (평각).','180',NULL,1);
INSERT INTO "proof_phase_items" ("id","phase_id","item_key","content","correct_answer","meta_json","order_idx") VALUES('it_va_2_3','ph_va_2','blank_3','∠1 = 180°−∠2 = ( ? ).','∠3',NULL,2);
INSERT INTO "proof_phase_items" ("id","phase_id","item_key","content","correct_answer","meta_json","order_idx") VALUES('it_em_1a','ph_em_1','A','aᵐ × aⁿ = (a를 m번 곱한 것) × (a를 n번 곱한 것).','1',NULL,0);
INSERT INTO "proof_phase_items" ("id","phase_id","item_key","content","correct_answer","meta_json","order_idx") VALUES('it_em_1b','ph_em_1','B','= a를 (m+n)번 곱한 것.','2',NULL,1);
INSERT INTO "proof_phase_items" ("id","phase_id","item_key","content","correct_answer","meta_json","order_idx") VALUES('it_em_1c','ph_em_1','C','= aᵐ⁺ⁿ. 증명 완료.','3',NULL,2);
INSERT INTO "proof_phase_items" ("id","phase_id","item_key","content","correct_answer","meta_json","order_idx") VALUES('it_em_2_1','ph_em_2','blank_1','aᵐ = a를 ( ? )번 곱한 것.','m',NULL,0);
INSERT INTO "proof_phase_items" ("id","phase_id","item_key","content","correct_answer","meta_json","order_idx") VALUES('it_em_2_2','ph_em_2','blank_2','aᵐ × aⁿ = a를 ( ? )번 곱한 것.','m+n',NULL,1);
INSERT INTO "proof_phase_items" ("id","phase_id","item_key","content","correct_answer","meta_json","order_idx") VALUES('it_em_2_3','ph_em_2','blank_3','따라서 aᵐ × aⁿ = a^( ? ).','m+n',NULL,2);
INSERT INTO "proof_phase_items" ("id","phase_id","item_key","content","correct_answer","meta_json","order_idx") VALUES('it_em_2_check','ph_em_2','check','검증: 2³ × 2² = 8 × 4 = ( ? ), 2⁵ = ( ? ).','32,32',NULL,3);
INSERT INTO "proof_phase_items" ("id","phase_id","item_key","content","correct_answer","meta_json","order_idx") VALUES('it_ep_1a','ph_ep_1','A','x+3−3 = 7−3 (양변에서 3을 뺀다).','2',NULL,0);
INSERT INTO "proof_phase_items" ("id","phase_id","item_key","content","correct_answer","meta_json","order_idx") VALUES('it_ep_1b','ph_ep_1','B','x+3=7 (주어진 등식).','1',NULL,1);
INSERT INTO "proof_phase_items" ("id","phase_id","item_key","content","correct_answer","meta_json","order_idx") VALUES('it_ep_1c','ph_ep_1','C','x=4.','3',NULL,2);
INSERT INTO "proof_phase_items" ("id","phase_id","item_key","content","correct_answer","meta_json","order_idx") VALUES('it_ep_2_1','ph_ep_2','blank_1','a=b이면 a+c = ( ? ).','b+c',NULL,0);
INSERT INTO "proof_phase_items" ("id","phase_id","item_key","content","correct_answer","meta_json","order_idx") VALUES('it_ep_2_2','ph_ep_2','blank_2','a=b, c≠0이면 a/c = ( ? ).','b/c',NULL,1);
INSERT INTO "proof_phase_items" ("id","phase_id","item_key","content","correct_answer","meta_json","order_idx") VALUES('it_ep_2_3','ph_ep_2','blank_3','2x+5=13의 양변에서 ( ? )를 빼면 2x=8.','5',NULL,2);
INSERT INTO "proof_phase_items" ("id","phase_id","item_key","content","correct_answer","meta_json","order_idx") VALUES('it_pf_1a','ph_pf_1','A','60 = 2 × 30.','1',NULL,0);
INSERT INTO "proof_phase_items" ("id","phase_id","item_key","content","correct_answer","meta_json","order_idx") VALUES('it_pf_1b','ph_pf_1','B','30 = 2 × 15이므로 60 = 2 × 2 × 15.','2',NULL,1);
INSERT INTO "proof_phase_items" ("id","phase_id","item_key","content","correct_answer","meta_json","order_idx") VALUES('it_pf_1c','ph_pf_1','C','15 = 3 × 5이므로 60 = 2 × 2 × 3 × 5.','3',NULL,2);
INSERT INTO "proof_phase_items" ("id","phase_id","item_key","content","correct_answer","meta_json","order_idx") VALUES('it_pf_1d','ph_pf_1','D','∴ 60 = 2² × 3 × 5 (모두 소수).','4',NULL,3);
INSERT INTO "proof_phase_items" ("id","phase_id","item_key","content","correct_answer","meta_json","order_idx") VALUES('it_pf_2_1','ph_pf_2','blank_1','12 = 2² × ( ? ).','3',NULL,0);
INSERT INTO "proof_phase_items" ("id","phase_id","item_key","content","correct_answer","meta_json","order_idx") VALUES('it_pf_2_2','ph_pf_2','blank_2','45 = ( ? ) × 5.','3²',NULL,1);
INSERT INTO "proof_phase_items" ("id","phase_id","item_key","content","correct_answer","meta_json","order_idx") VALUES('it_pf_2_3','ph_pf_2','blank_3','100 = 2² × ( ? ).','5²',NULL,2);
INSERT INTO "proof_phase_items" ("id","phase_id","item_key","content","correct_answer","meta_json","order_idx") VALUES('it_pf_2_check','ph_pf_2','check','검증: 2²×3×5 = ( ? ).','60',NULL,3);
CREATE TABLE proof_phase_results (
  id TEXT PRIMARY KEY,
  student_id TEXT NOT NULL,
  proof_id TEXT NOT NULL,
  phase_no INTEGER NOT NULL,
  session_id TEXT,
  submitted_json TEXT NOT NULL,
  verify_status TEXT,
  score INTEGER,
  issues_json TEXT,
  time_spent INTEGER,
  attempted_at DATETIME DEFAULT (datetime('now')),
  FOREIGN KEY (student_id) REFERENCES gacha_students(id) ON DELETE CASCADE,
  FOREIGN KEY (proof_id) REFERENCES proofs(id) ON DELETE CASCADE,
  FOREIGN KEY (session_id) REFERENCES gacha_sessions(id) ON DELETE SET NULL
);
CREATE TABLE proof_figures (
  id TEXT PRIMARY KEY,
  proof_id TEXT NOT NULL,
  phase_id TEXT,
  svg_content TEXT NOT NULL,
  coords_json TEXT NOT NULL,
  verify_meta_json TEXT,
  verify_result_json TEXT,
  highlight_keys TEXT,
  alt_text TEXT NOT NULL,
  review_status TEXT DEFAULT 'pending',
  created_at DATETIME DEFAULT (datetime('now')),
  FOREIGN KEY (proof_id) REFERENCES proofs(id) ON DELETE CASCADE,
  FOREIGN KEY (phase_id) REFERENCES proof_phases(id) ON DELETE SET NULL
);
INSERT INTO "proof_figures" ("id","proof_id","phase_id","svg_content","coords_json","verify_meta_json","verify_result_json","highlight_keys","alt_text","review_status","created_at") VALUES('fig_tas_main','prf_m1_tri_angle_sum',NULL,replace('<svg xmlns="http://www.w3.org/2000/svg" viewBox="0 0 300 260" width="300" height="260">\n    <style>\n      .tri{fill:none;stroke:#1e40af;stroke-width:2.2}\n      .aux{stroke:#9ca3af;stroke-width:1.5;stroke-dasharray:5 3}\n      .arc{fill:none;stroke-width:1.6}\n      .vlabel{font:bold 14px sans-serif;fill:#111}\n      .alabel{font:italic 11px sans-serif}\n      .aux-label{font:11px sans-serif;fill:#6b7280}\n    </style>\n    <line id="line_l" class="aux" x1="20" y1="40" x2="280" y2="40"/>\n    <text class="aux-label" x="5" y="44">ℓ</text>\n    <polygon id="triangle_abc" class="tri" points="150,40 40,220 260,220"/>\n    <line id="line_ad" class="aux" x1="40" y1="40" x2="150" y2="40" stroke="#6b7280" stroke-dasharray="0"/>\n    <line id="line_ae" class="aux" x1="150" y1="40" x2="260" y2="40" stroke="#6b7280" stroke-dasharray="0"/>\n    <path id="arc_DAB" class="arc" stroke="#dc2626" d="M 120,40 A 30,30 0 0,0 135,56"/>\n    <text class="alabel" fill="#dc2626" x="100" y="58">∠DAB</text>\n    <path id="arc_BAC" class="arc" stroke="#059669" d="M 135,56 A 24,24 0 0,0 166,56"/>\n    <text class="alabel" fill="#059669" x="142" y="76">∠A</text>\n    <path id="arc_CAE" class="arc" stroke="#d97706" d="M 166,56 A 30,30 0 0,0 180,40"/>\n    <text class="alabel" fill="#d97706" x="175" y="58">∠CAE</text>\n    <path id="arc_B" class="arc" stroke="#dc2626" d="M 56,214 A 20,20 0 0,1 72,202"/>\n    <text class="alabel" fill="#dc2626" x="60" y="200">∠B</text>\n    <path id="arc_C" class="arc" stroke="#d97706" d="M 244,214 A 20,20 0 0,0 228,202"/>\n    <text class="alabel" fill="#d97706" x="222" y="200">∠C</text>\n    <circle cx="150" cy="40" r="3" fill="#111"/>\n    <circle cx="40" cy="220" r="3" fill="#111"/>\n    <circle cx="260" cy="220" r="3" fill="#111"/>\n    <circle cx="40" cy="40" r="2.5" fill="#6b7280"/>\n    <circle cx="260" cy="40" r="2.5" fill="#6b7280"/>\n    <text class="vlabel" x="145" y="30">A</text>\n    <text class="vlabel" x="26" y="236">B</text>\n    <text class="vlabel" x="265" y="236">C</text>\n    <text class="aux-label" x="28" y="34">D</text>\n    <text class="aux-label" x="265" y="34">E</text>\n  </svg>','\n',char(10)),'{"A":[150,40],"B":[40,220],"C":[260,220],"D":[40,40],"E":[260,40]}',replace('{"assertions":[\n    {"type":"collinear","points":["D","A","E"]},\n    {"type":"parallel","line1":["D","E"],"line2":["B","C"]},\n    {"type":"triangle_angle_sum","vertices":["A","B","C"],"expected":180},\n    {"type":"alternate_angles","a1":["B","-","ABC"],"a2":["DAB"]},\n    {"type":"alternate_angles","a1":["C","-","ACB"],"a2":["EAC"]},\n    {"type":"straight_at","vertex":"A","angles":["DAB","BAC","CAE"],"expected":180}\n  ]}','\n',char(10)),replace('{"status":"PASS","checks":[\n    {"name":"D,A,E 공선","result":"PASS","detail":"∠DAE=180.000°"},\n    {"name":"ℓ ∥ BC","result":"PASS","detail":"slope(DE)=0.000, slope(BC)=0.000"},\n    {"name":"∠A+∠B+∠C=180°","result":"PASS","detail":"62.86+58.57+58.57=180.000"},\n    {"name":"∠B=∠DAB","result":"PASS","detail":"58.570=58.570"},\n    {"name":"∠C=∠EAC","result":"PASS","detail":"58.570=58.570"},\n    {"name":"A에서 평각 180°","result":"PASS","detail":"합=180.000°"}\n  ],"verified_at":"2026-04-15"}','\n',char(10)),'triangle_abc,line_l,arc_DAB,arc_BAC,arc_CAE,arc_B,arc_C','삼각형 ABC와 꼭짓점 A를 지나고 BC에 평행한 보조선 ℓ. ℓ 위의 두 점 D(왼쪽), E(오른쪽). 엇각 ∠B=∠DAB, ∠C=∠EAC, 그리고 A에서의 평각 ∠DAB+∠BAC+∠CAE=180° 표시됨.','approved','2026-04-15 03:03:43');
CREATE TABLE paper_handouts (
  id TEXT PRIMARY KEY,
  academy_id TEXT NOT NULL,
  title TEXT NOT NULL,
  exam_type TEXT NOT NULL,         -- 'midterm' | 'final' | 'performance'
  subject TEXT,
  school TEXT,
  grade TEXT,
  exam_year INTEGER,
  semester INTEGER,                -- 1 | 2
  file_key TEXT,
  file_name TEXT,
  file_size INTEGER,
  content_type TEXT,
  memo TEXT DEFAULT '',
  created_by TEXT NOT NULL,
  created_at TEXT NOT NULL DEFAULT (datetime('now')),
  updated_at TEXT NOT NULL DEFAULT (datetime('now'))
);
INSERT INTO "paper_handouts" ("id","academy_id","title","exam_type","subject","school","grade","exam_year","semester","file_key","file_name","file_size","content_type","memo","created_by","created_at","updated_at") VALUES('206313ed-16a1-414f-8345-e8004b8d1042','acad-1','수직선위에 무리수 나타내기','performance','수학','고산중','중3',2026,1,NULL,NULL,NULL,NULL,'정지효','user-57ppx9v61','2026-04-16 06:29:40','2026-04-16 06:29:40');
INSERT INTO "paper_handouts" ("id","academy_id","title","exam_type","subject","school","grade","exam_year","semester","file_key","file_name","file_size","content_type","memo","created_by","created_at","updated_at") VALUES('7264cdc4-6bc3-411f-9bc6-9816448ca912','acad-1','2026년도 시지고 중간고사 범위','midterm','수학','시지고','고2',2026,1,'exam-papers/acad-1/1776350524559-1aacd2c8-0c92-4c42-b21d-0fc19ed783b6.jpg','KakaoTalk_20260416_233519127.jpg',388455,'image/jpeg',replace('1. 확률과 통계\n시험 범위:\n\nI. 경우의 수\n\nII. 확률: 01. 조건부확률까지\n\n교과서: p.10 ~ p.62, p.67 ~ p.73 중 시험 범위에 해당되는 모든 문제\n\n기타: 수업 시간에 나눠준 학습지 전부\n\n문항 수: 객관식 15문항 내외, 서술형 6문항 내외\n\n2. 대수 (Algebra)\n시험 범위:\n\nI. 지수와 로그\n\nII. 지수함수와 로그함수\n\nIII. 삼각함수\n\n일반각과 호도법\n\n삼각함수의 뜻\n\n삼각함수의 그래프\n\n교과서: 처음 ~ p.89의 모든 내용, p.98 ~ p.100 중 해당 내용\n\n기타: 수업 시간에 나눠준 학습지 전부\n\n문항 수: 객관식 15문항 내외, 단답형 1문항(5점), 서술형 5문항 내외','\n',char(10)),'user-57ppx9v61','2026-04-16 14:42:05','2026-04-16 14:42:05');
INSERT INTO "paper_handouts" ("id","academy_id","title","exam_type","subject","school","grade","exam_year","semester","file_key","file_name","file_size","content_type","memo","created_by","created_at","updated_at") VALUES('477fbb18-8dab-41c6-8c4d-d7f69981d64b','acad-1','2026년도 고산중 중간고사 범위','midterm','수학','고산중','중3',2026,1,'exam-papers/acad-1/1776350796681-1848284b-21f0-4576-9f34-340a05403d6e.jpg','KakaoTalk_20260415_180029068.jpg',2366841,'image/jpeg',replace('교과서: p.11 ~ p.83 내용 및 문제\n\n교과서 추가: p.107 ~ p.109에서 내용 시험 범위 문제만 해당\n\n기타: 교과서 범위에 해당하는 학습지','\n',char(10)),'user-57ppx9v61','2026-04-16 14:46:38','2026-04-16 14:46:38');
INSERT INTO "paper_handouts" ("id","academy_id","title","exam_type","subject","school","grade","exam_year","semester","file_key","file_name","file_size","content_type","memo","created_by","created_at","updated_at") VALUES('1118a6d8-94cd-4de5-9c48-4a5630d8a855','acad-1','2026년도 노변중 중간고사','midterm','수학','노변중','중2',2026,1,'exam-papers/acad-1/1776350884649-66c96b65-52cd-49d6-9ba8-cfa1b8a44389.png','KakaoTalk_20260414_161200237.png',206351,'image/png',replace('- 교과서: 처음 ~ p.71\n\n\n- 교과서 추가: p.90 ~ p.91 (대단원 평가 중 해당 범위 문제)\n\n\n- 교과서 추가: p.262 ~ p.264\n\n\n- 기타: 해당 범위 학습지','\n',char(10)),'user-57ppx9v61','2026-04-16 14:48:06','2026-04-16 14:48:06');
INSERT INTO "paper_handouts" ("id","academy_id","title","exam_type","subject","school","grade","exam_year","semester","file_key","file_name","file_size","content_type","memo","created_by","created_at","updated_at") VALUES('47b44e45-bc70-4317-b30d-49b1650a8927','acad-1','2026년도 삼육고 중간고사','midterm','수학','삼육고','고1',2026,1,NULL,NULL,NULL,NULL,replace('범위: 처음 ~ Ⅱ. 방정식과 부등식 - 2. 복소수와 이차방정식 - 02. 이차방정식과 이차함수\n\n페이지: ~ p.75까지\n\n주요 내용: 다항식의 연산부터 복소수, 그리고 이차함수의 그래프와 그 관계까지 포함되는 범위입니다.','\n',char(10)),'user-57ppx9v61','2026-04-16 14:51:38','2026-04-16 14:51:38');
CREATE TABLE paper_handout_distributions (
  id TEXT PRIMARY KEY,
  paper_id TEXT NOT NULL,
  student_id TEXT NOT NULL,
  academy_id TEXT NOT NULL,
  source TEXT NOT NULL DEFAULT 'auto',
  distributed_at TEXT NOT NULL DEFAULT (datetime('now')),
  viewed_at TEXT,
  UNIQUE(paper_id, student_id),
  FOREIGN KEY (paper_id) REFERENCES paper_handouts(id) ON DELETE CASCADE,
  FOREIGN KEY (student_id) REFERENCES students(id) ON DELETE CASCADE
);
INSERT INTO "paper_handout_distributions" ("id","paper_id","student_id","academy_id","source","distributed_at","viewed_at") VALUES('924db2bf-df5f-45f9-a915-809cd854acdb','206313ed-16a1-414f-8345-e8004b8d1042','student-a7wi0zma6','acad-1','auto','2026-04-16 06:29:40',NULL);
INSERT INTO "paper_handout_distributions" ("id","paper_id","student_id","academy_id","source","distributed_at","viewed_at") VALUES('10178a88-9f47-4857-9a99-b8f43cbeb556','7264cdc4-6bc3-411f-9bc6-9816448ca912','student-ni7f87smv','acad-1','auto','2026-04-16 14:42:05',NULL);
INSERT INTO "paper_handout_distributions" ("id","paper_id","student_id","academy_id","source","distributed_at","viewed_at") VALUES('c8a5a387-382c-4480-b4fc-e5fb50f900b0','7264cdc4-6bc3-411f-9bc6-9816448ca912','student-nb8y8m656','acad-1','auto','2026-04-16 14:42:05',NULL);
INSERT INTO "paper_handout_distributions" ("id","paper_id","student_id","academy_id","source","distributed_at","viewed_at") VALUES('335ecf4c-4dac-437e-a01d-d3f2f733a5cb','477fbb18-8dab-41c6-8c4d-d7f69981d64b','student-a7wi0zma6','acad-1','auto','2026-04-16 14:46:38',NULL);
INSERT INTO "paper_handout_distributions" ("id","paper_id","student_id","academy_id","source","distributed_at","viewed_at") VALUES('c918a5df-3de3-47db-80cc-ffd9cfa2c1bd','1118a6d8-94cd-4de5-9c48-4a5630d8a855','student-ggf2bon55','acad-1','auto','2026-04-16 14:48:06',NULL);
INSERT INTO "paper_handout_distributions" ("id","paper_id","student_id","academy_id","source","distributed_at","viewed_at") VALUES('ec832562-75c7-4f6a-a35f-795a602326a6','1118a6d8-94cd-4de5-9c48-4a5630d8a855','student-0mc8orloi','acad-1','auto','2026-04-16 14:48:06',NULL);
INSERT INTO "paper_handout_distributions" ("id","paper_id","student_id","academy_id","source","distributed_at","viewed_at") VALUES('a3ab0eed-4633-4dce-9687-6273a49e80dc','1118a6d8-94cd-4de5-9c48-4a5630d8a855','student-q5ecu8748','acad-1','auto','2026-04-16 14:48:06',NULL);
INSERT INTO "paper_handout_distributions" ("id","paper_id","student_id","academy_id","source","distributed_at","viewed_at") VALUES('8fd31d45-dac7-4614-aba9-85cf5d9300e8','47b44e45-bc70-4317-b30d-49b1650a8927','student-6cxbm886s','acad-1','auto','2026-04-16 14:51:38',NULL);
INSERT INTO "paper_handout_distributions" ("id","paper_id","student_id","academy_id","source","distributed_at","viewed_at") VALUES('843a449f-815d-49c5-ac87-2edfcc7a2983','47b44e45-bc70-4317-b30d-49b1650a8927','student-mtoq5wqb6','acad-1','auto','2026-04-16 14:51:38',NULL);
INSERT INTO "paper_handout_distributions" ("id","paper_id","student_id","academy_id","source","distributed_at","viewed_at") VALUES('f52455f6-1bbc-4368-a5ae-395068f24281','47b44e45-bc70-4317-b30d-49b1650a8927','student-rks9au7mm','acad-1','auto','2026-04-16 14:51:38',NULL);
CREATE TABLE IF NOT EXISTS "exam_assignments" (
  id TEXT PRIMARY KEY,
  exam_period_id TEXT NOT NULL,
  exam_paper_id TEXT NOT NULL,
  student_id TEXT NOT NULL,
  academy_id TEXT NOT NULL,
  created_check INTEGER DEFAULT 0,
  printed INTEGER DEFAULT 0,
  reviewed INTEGER DEFAULT 0,
  drive_link TEXT,
  score REAL,
  memo TEXT,
  created_at DATETIME DEFAULT (datetime('now')), exam_date TEXT, exam_status TEXT DEFAULT 'scheduled', absence_reason TEXT, rescheduled_date TEXT, rescheduled_memo TEXT, adhoc_session_id TEXT,
  UNIQUE(exam_period_id, student_id),
  FOREIGN KEY (exam_period_id) REFERENCES exam_periods(id) ON DELETE CASCADE,
  FOREIGN KEY (exam_paper_id) REFERENCES exam_papers(id),
  FOREIGN KEY (student_id) REFERENCES students(id)
);
INSERT INTO "exam_assignments" ("id","exam_period_id","exam_paper_id","student_id","academy_id","created_check","printed","reviewed","drive_link","score","memo","created_at","exam_date","exam_status","absence_reason","rescheduled_date","rescheduled_memo","adhoc_session_id") VALUES('ea-2604-01','ep-99d0c19a','ep-2604-m1','student-5645a3fs4','acad-1',1,1,1,'https://wawa-smart-erp-api.zeskywa499.workers.dev/api/exam-papers/file/exam-papers/acad-1/2026-04/중1_정기고사.pdf',NULL,NULL,'2026-04-15 03:34:18',NULL,'scheduled',NULL,NULL,NULL,NULL);
INSERT INTO "exam_assignments" ("id","exam_period_id","exam_paper_id","student_id","academy_id","created_check","printed","reviewed","drive_link","score","memo","created_at","exam_date","exam_status","absence_reason","rescheduled_date","rescheduled_memo","adhoc_session_id") VALUES('ea-2604-02','ep-99d0c19a','ep-2604-m1','student-9bsetl4ct','acad-1',1,1,1,'https://wawa-smart-erp-api.zeskywa499.workers.dev/api/exam-papers/file/exam-papers/acad-1/2026-04/중1_정기고사.pdf',NULL,NULL,'2026-04-15 03:34:18',NULL,'rescheduled',NULL,'2026-04-21',NULL,NULL);
INSERT INTO "exam_assignments" ("id","exam_period_id","exam_paper_id","student_id","academy_id","created_check","printed","reviewed","drive_link","score","memo","created_at","exam_date","exam_status","absence_reason","rescheduled_date","rescheduled_memo","adhoc_session_id") VALUES('ea-2604-03','ep-99d0c19a','ep-2604-m2','student-0mc8orloi','acad-1',1,1,1,'https://wawa-smart-erp-api.zeskywa499.workers.dev/api/exam-papers/file/exam-papers/acad-1/2026-04/중2_정기고사.pdf',NULL,NULL,'2026-04-15 03:34:18',NULL,'scheduled',NULL,NULL,NULL,NULL);
INSERT INTO "exam_assignments" ("id","exam_period_id","exam_paper_id","student_id","academy_id","created_check","printed","reviewed","drive_link","score","memo","created_at","exam_date","exam_status","absence_reason","rescheduled_date","rescheduled_memo","adhoc_session_id") VALUES('ea-2604-04','ep-99d0c19a','ep-2604-m2','student-ggf2bon55','acad-1',1,1,1,'https://wawa-smart-erp-api.zeskywa499.workers.dev/api/exam-papers/file/exam-papers/acad-1/2026-04/중2_정기고사.pdf',NULL,NULL,'2026-04-15 03:34:18',NULL,'scheduled',NULL,NULL,NULL,NULL);
INSERT INTO "exam_assignments" ("id","exam_period_id","exam_paper_id","student_id","academy_id","created_check","printed","reviewed","drive_link","score","memo","created_at","exam_date","exam_status","absence_reason","rescheduled_date","rescheduled_memo","adhoc_session_id") VALUES('ea-2604-05','ep-99d0c19a','ep-2604-m2','student-q5ecu8748','acad-1',1,1,1,'https://wawa-smart-erp-api.zeskywa499.workers.dev/api/exam-papers/file/exam-papers/acad-1/2026-04/중2_정기고사.pdf',NULL,NULL,'2026-04-15 03:34:18',NULL,'scheduled',NULL,NULL,NULL,NULL);
INSERT INTO "exam_assignments" ("id","exam_period_id","exam_paper_id","student_id","academy_id","created_check","printed","reviewed","drive_link","score","memo","created_at","exam_date","exam_status","absence_reason","rescheduled_date","rescheduled_memo","adhoc_session_id") VALUES('ea-2604-06','ep-99d0c19a','ep-2604-m2','student-p3kgxnsyw','acad-1',1,1,1,'https://wawa-smart-erp-api.zeskywa499.workers.dev/api/exam-papers/file/exam-papers/acad-1/2026-04/중2_정기고사.pdf',NULL,NULL,'2026-04-15 03:34:18',NULL,'scheduled',NULL,NULL,NULL,NULL);
INSERT INTO "exam_assignments" ("id","exam_period_id","exam_paper_id","student_id","academy_id","created_check","printed","reviewed","drive_link","score","memo","created_at","exam_date","exam_status","absence_reason","rescheduled_date","rescheduled_memo","adhoc_session_id") VALUES('ea-2604-07','ep-99d0c19a','ep-2604-m3','student-a7wi0zma6','acad-1',1,1,1,'https://wawa-smart-erp-api.zeskywa499.workers.dev/api/exam-papers/file/exam-papers/acad-1/2026-04/중3_정기고사.pdf',NULL,NULL,'2026-04-15 03:34:18',NULL,'scheduled',NULL,NULL,NULL,NULL);
INSERT INTO "exam_assignments" ("id","exam_period_id","exam_paper_id","student_id","academy_id","created_check","printed","reviewed","drive_link","score","memo","created_at","exam_date","exam_status","absence_reason","rescheduled_date","rescheduled_memo","adhoc_session_id") VALUES('ea-2604-08','ep-99d0c19a','ep-2604-h1','student-rks9au7mm','acad-1',1,1,1,'https://wawa-smart-erp-api.zeskywa499.workers.dev/api/exam-papers/file/exam-papers/acad-1/2026-04/고1_정기고사.pdf',NULL,NULL,'2026-04-15 03:34:18',NULL,'scheduled',NULL,NULL,NULL,NULL);
INSERT INTO "exam_assignments" ("id","exam_period_id","exam_paper_id","student_id","academy_id","created_check","printed","reviewed","drive_link","score","memo","created_at","exam_date","exam_status","absence_reason","rescheduled_date","rescheduled_memo","adhoc_session_id") VALUES('ea-2604-09','ep-99d0c19a','ep-2604-h1','student-t1xikskhy','acad-1',1,1,1,'https://wawa-smart-erp-api.zeskywa499.workers.dev/api/exam-papers/file/exam-papers/acad-1/2026-04/고1_정기고사.pdf',NULL,NULL,'2026-04-15 03:34:18',NULL,'scheduled',NULL,NULL,NULL,NULL);
INSERT INTO "exam_assignments" ("id","exam_period_id","exam_paper_id","student_id","academy_id","created_check","printed","reviewed","drive_link","score","memo","created_at","exam_date","exam_status","absence_reason","rescheduled_date","rescheduled_memo","adhoc_session_id") VALUES('ea-2604-10','ep-99d0c19a','ep-2604-h1','student-fbcy3xfzp','acad-1',1,1,1,'https://wawa-smart-erp-api.zeskywa499.workers.dev/api/exam-papers/file/exam-papers/acad-1/2026-04/고1_정기고사.pdf',NULL,NULL,'2026-04-15 03:34:18',NULL,'scheduled',NULL,NULL,NULL,NULL);
INSERT INTO "exam_assignments" ("id","exam_period_id","exam_paper_id","student_id","academy_id","created_check","printed","reviewed","drive_link","score","memo","created_at","exam_date","exam_status","absence_reason","rescheduled_date","rescheduled_memo","adhoc_session_id") VALUES('ea-2604-11','ep-99d0c19a','ep-2604-h1','student-6cxbm886s','acad-1',1,1,1,'https://wawa-smart-erp-api.zeskywa499.workers.dev/api/exam-papers/file/exam-papers/acad-1/2026-04/고1_정기고사.pdf',NULL,NULL,'2026-04-15 03:34:18',NULL,'scheduled',NULL,NULL,NULL,NULL);
INSERT INTO "exam_assignments" ("id","exam_period_id","exam_paper_id","student_id","academy_id","created_check","printed","reviewed","drive_link","score","memo","created_at","exam_date","exam_status","absence_reason","rescheduled_date","rescheduled_memo","adhoc_session_id") VALUES('ea-2604-12','ep-99d0c19a','ep-2604-h1','student-mtoq5wqb6','acad-1',1,1,1,'https://wawa-smart-erp-api.zeskywa499.workers.dev/api/exam-papers/file/exam-papers/acad-1/2026-04/고1_정기고사.pdf',NULL,NULL,'2026-04-15 03:34:18',NULL,'scheduled',NULL,NULL,NULL,NULL);
INSERT INTO "exam_assignments" ("id","exam_period_id","exam_paper_id","student_id","academy_id","created_check","printed","reviewed","drive_link","score","memo","created_at","exam_date","exam_status","absence_reason","rescheduled_date","rescheduled_memo","adhoc_session_id") VALUES('ea-2604-13','ep-99d0c19a','ep-2604-h2','student-ni7f87smv','acad-1',1,1,1,'https://wawa-smart-erp-api.zeskywa499.workers.dev/api/exam-papers/file/exam-papers/acad-1/2026-04/고2_정기고사.pdf',NULL,NULL,'2026-04-15 03:34:18',NULL,'scheduled',NULL,NULL,NULL,NULL);
INSERT INTO "exam_assignments" ("id","exam_period_id","exam_paper_id","student_id","academy_id","created_check","printed","reviewed","drive_link","score","memo","created_at","exam_date","exam_status","absence_reason","rescheduled_date","rescheduled_memo","adhoc_session_id") VALUES('ea-2604-14','ep-99d0c19a','ep-2604-h2','student-nb8y8m656','acad-1',1,1,1,'https://wawa-smart-erp-api.zeskywa499.workers.dev/api/exam-papers/file/exam-papers/acad-1/2026-04/고2_정기고사.pdf',NULL,NULL,'2026-04-15 03:34:18',NULL,'scheduled',NULL,NULL,NULL,NULL);
INSERT INTO "exam_assignments" ("id","exam_period_id","exam_paper_id","student_id","academy_id","created_check","printed","reviewed","drive_link","score","memo","created_at","exam_date","exam_status","absence_reason","rescheduled_date","rescheduled_memo","adhoc_session_id") VALUES('ea-2604-15','ep-99d0c19a','ep-2604-h1','student-ue92sdab0','acad-1',1,1,1,'https://wawa-smart-erp-api.zeskywa499.workers.dev/api/exam-papers/file/exam-papers/acad-1/2026-04/고1_정기고사.pdf',NULL,NULL,'2026-04-15 03:37:31',NULL,'scheduled',NULL,NULL,NULL,NULL);
INSERT INTO "exam_assignments" ("id","exam_period_id","exam_paper_id","student_id","academy_id","created_check","printed","reviewed","drive_link","score","memo","created_at","exam_date","exam_status","absence_reason","rescheduled_date","rescheduled_memo","adhoc_session_id") VALUES('ea-2604-16','ep-99d0c19a','ep-2604-kkm','student-b8tu5sggp','acad-1',1,1,1,'https://wawa-smart-erp-api.zeskywa499.workers.dev/api/exam-papers/file/exam-papers/acad-1/2026-04/김광민_수학2.pdf',NULL,NULL,'2026-04-15 03:42:58',NULL,'scheduled',NULL,NULL,NULL,NULL);
INSERT INTO "exam_assignments" ("id","exam_period_id","exam_paper_id","student_id","academy_id","created_check","printed","reviewed","drive_link","score","memo","created_at","exam_date","exam_status","absence_reason","rescheduled_date","rescheduled_memo","adhoc_session_id") VALUES('ea-2604-17','ep-99d0c19a','ep-2604-pdj','student-s54ihowlx','acad-1',1,1,1,'https://wawa-smart-erp-api.zeskywa499.workers.dev/api/exam-papers/file/exam-papers/acad-1/2026-04/박동진_확통.pdf',NULL,NULL,'2026-04-15 03:42:58',NULL,'scheduled',NULL,NULL,NULL,NULL);
INSERT INTO "exam_assignments" ("id","exam_period_id","exam_paper_id","student_id","academy_id","created_check","printed","reviewed","drive_link","score","memo","created_at","exam_date","exam_status","absence_reason","rescheduled_date","rescheduled_memo","adhoc_session_id") VALUES('ea-2604-18','ep-99d0c19a','ep-2604-shs','student-7gioy6c0x','acad-1',1,1,1,'https://wawa-smart-erp-api.zeskywa499.workers.dev/api/exam-papers/file/exam-papers/acad-1/2026-04/송하선_적분미분최적화.pdf',NULL,NULL,'2026-04-15 03:42:58',NULL,'scheduled',NULL,NULL,NULL,NULL);
INSERT INTO "exam_assignments" ("id","exam_period_id","exam_paper_id","student_id","academy_id","created_check","printed","reviewed","drive_link","score","memo","created_at","exam_date","exam_status","absence_reason","rescheduled_date","rescheduled_memo","adhoc_session_id") VALUES('ea-2604-19','ep-99d0c19a','ep-2604-kty','student-r558f899h','acad-1',1,1,1,'https://wawa-smart-erp-api.zeskywa499.workers.dev/api/exam-papers/file/exam-papers/acad-1/2026-04/김태영_분수소수.pdf',NULL,NULL,'2026-04-15 03:42:58',NULL,'scheduled',NULL,NULL,NULL,NULL);
INSERT INTO "exam_assignments" ("id","exam_period_id","exam_paper_id","student_id","academy_id","created_check","printed","reviewed","drive_link","score","memo","created_at","exam_date","exam_status","absence_reason","rescheduled_date","rescheduled_memo","adhoc_session_id") VALUES('ea-2604-20','ep-99d0c19a','ep-2604-ysh','student-vosetxjdm','acad-1',1,1,1,'https://wawa-smart-erp-api.zeskywa499.workers.dev/api/exam-papers/file/exam-papers/acad-1/2026-04/윤승환_미적분.pdf',NULL,NULL,'2026-04-15 03:49:54',NULL,'rescheduled',NULL,'2026-04-16',NULL,NULL);
INSERT INTO "exam_assignments" ("id","exam_period_id","exam_paper_id","student_id","academy_id","created_check","printed","reviewed","drive_link","score","memo","created_at","exam_date","exam_status","absence_reason","rescheduled_date","rescheduled_memo","adhoc_session_id") VALUES('eassign-072babdd','ep-258df104','epaper-d7e91bb1','stu-cy-07','acad-5386360c',1,1,0,NULL,NULL,NULL,'2026-04-17 05:11:03',NULL,'scheduled',NULL,NULL,NULL,NULL);
INSERT INTO "exam_assignments" ("id","exam_period_id","exam_paper_id","student_id","academy_id","created_check","printed","reviewed","drive_link","score","memo","created_at","exam_date","exam_status","absence_reason","rescheduled_date","rescheduled_memo","adhoc_session_id") VALUES('eassign-275761be','ep-258df104','epaper-9fcab73c','stu-cy-02','acad-5386360c',0,0,0,NULL,NULL,NULL,'2026-04-17 05:11:29',NULL,'scheduled',NULL,NULL,NULL,NULL);
INSERT INTO "exam_assignments" ("id","exam_period_id","exam_paper_id","student_id","academy_id","created_check","printed","reviewed","drive_link","score","memo","created_at","exam_date","exam_status","absence_reason","rescheduled_date","rescheduled_memo","adhoc_session_id") VALUES('eassign-34720b73','ep-258df104','epaper-00375c72','stu-cy-04','acad-5386360c',0,0,0,NULL,NULL,NULL,'2026-04-17 05:11:29',NULL,'scheduled',NULL,NULL,NULL,NULL);
INSERT INTO "exam_assignments" ("id","exam_period_id","exam_paper_id","student_id","academy_id","created_check","printed","reviewed","drive_link","score","memo","created_at","exam_date","exam_status","absence_reason","rescheduled_date","rescheduled_memo","adhoc_session_id") VALUES('eassign-eed2e7f5','ep-258df104','epaper-e223803d','stu-cy-06','acad-5386360c',0,0,0,NULL,NULL,NULL,'2026-04-17 05:11:29',NULL,'scheduled',NULL,NULL,NULL,NULL);
CREATE TABLE adhoc_sessions (
  id TEXT PRIMARY KEY,
  student_id TEXT NOT NULL,
  teacher_id TEXT NOT NULL,
  academy_id TEXT NOT NULL,
  date TEXT NOT NULL,              -- 'YYYY-MM-DD'
  start_time TEXT NOT NULL,        -- 'HH:mm'
  end_time TEXT NOT NULL,          -- 'HH:mm'
  subject TEXT,
  reason TEXT,                     -- '시간표변경','보충수업','시험대비','대타','기타'
  status TEXT DEFAULT 'scheduled', -- 'scheduled'|'completed'|'cancelled'
  created_at TEXT DEFAULT (datetime('now')),
  FOREIGN KEY (student_id) REFERENCES students(id) ON DELETE CASCADE,
  FOREIGN KEY (teacher_id) REFERENCES users(id),
  FOREIGN KEY (academy_id) REFERENCES academies(id)
);
INSERT INTO "adhoc_sessions" ("id","student_id","teacher_id","academy_id","date","start_time","end_time","subject","reason","status","created_at") VALUES('0a3fefa1-221a-4349-a4be-d407641cf33c','student-ue92sdab0','user-57ppx9v61','acad-1','2026-04-19','16:00','18:00',NULL,'시간표변경','scheduled','2026-04-19 06:33:53');
INSERT INTO "adhoc_sessions" ("id","student_id","teacher_id","academy_id","date","start_time","end_time","subject","reason","status","created_at") VALUES('1e5047ef-a977-4760-b4b1-3b1d643bf8c7','student-a7wi0zma6','user-57ppx9v61','acad-1','2026-04-19','16:00','18:00',NULL,'시간표변경','scheduled','2026-04-19 07:42:06');
INSERT INTO "adhoc_sessions" ("id","student_id","teacher_id","academy_id","date","start_time","end_time","subject","reason","status","created_at") VALUES('b9801690-5f8b-4b48-b1f4-27e1af7f81bb','student-6cxbm886s','user-57ppx9v61','acad-1','2026-04-21','16:00','18:00',NULL,'시간표변경','scheduled','2026-04-21 09:16:29');
INSERT INTO "adhoc_sessions" ("id","student_id","teacher_id","academy_id","date","start_time","end_time","subject","reason","status","created_at") VALUES('47e3d8f1-afd4-4c74-bc4b-4c3f785b3f20','student-ggf2bon55','user-57ppx9v61','acad-1','2026-04-21','16:00','18:00',NULL,'시간표변경','scheduled','2026-04-21 09:22:04');
CREATE TABLE IF NOT EXISTS "grades" (
  id TEXT PRIMARY KEY,
  student_id TEXT NOT NULL,
  exam_id TEXT NOT NULL,
  score REAL,
  comments TEXT,
  graded_at DATETIME,
  graded_by TEXT,
  created_at DATETIME DEFAULT (datetime('now')),
  year_month TEXT,
  FOREIGN KEY (student_id) REFERENCES students(id) ON DELETE CASCADE,
  FOREIGN KEY (exam_id) REFERENCES exams(id) ON DELETE CASCADE
);
INSERT INTO "grades" ("id","student_id","exam_id","score","comments","graded_at","graded_by","created_at","year_month") VALUES('grade-7b53e675','student-wfade2mly','exam-april-korean',92,'탁월한 학습 태도','2026-04-09T13:00:49.187Z','user-57ppx9v61','2026-04-09T13:00:49.187Z','2026-04');
INSERT INTO "grades" ("id","student_id","exam_id","score","comments","graded_at","graded_by","created_at","year_month") VALUES('grade-f80e02f4','student-wfade2mly','exam-b4b4cd4e',34,'좋은 점수','2026-04-09T09:35:31.987Z','user-57ppx9v61','2026-04-09T09:35:31.987Z','2026-04');
INSERT INTO "grades" ("id","student_id","exam_id","score","comments","graded_at","graded_by","created_at","year_month") VALUES('grade-425bf24b','student-fbcy3xfzp','exam-march-25767a87',73,' 이번 정기고사에서는 73점을 받았습니다. 기본적인 문제들에 대해서 잘 풀고 있습니다. 문제를 응용하는 경우에는 조금은 어려워 하는 모습을 보이고 있습니다.특히 조건이나 상황이 복잡해는 경우에 이러한 경향이 크게 나타납니다. 기존의 메인교제와 병행으로 학생이 어려워하는 부분들에 대해서 수업중이나 따로 숙제로 혼자서 연습을 해줄 수 있게 숙제로 내고 있습니다. 평소에 수업태도도 좋은 편입니다. 수학개념 암기를 잘 할 수 있도록, 제가 만들어놓은 암기 시스템으로 이번에 틀린 곱셈공식을 외우게 할 생각입니다. ','2026-04-09 09:59:10','user-57ppx9v61','2026-04-09 09:59:10','2026-03');
INSERT INTO "grades" ("id","student_id","exam_id","score","comments","graded_at","graded_by","created_at","year_month") VALUES('grade-4a96e577','student-rks9au7mm','exam-march-25767a87',34,'이번 3월 정기고사에서는 34점을 받았습니다. 기존에 나간 지도가 적기도하고, 계산을 어려워해서 계산을 위주로 시험을 냈습니다. 수업을 진행했을떄 수학에 대해서 띄엄띄엄 모르고 있어서 문제를 풀기를 어려워하고 있습니다. 그럴때에는 교제보다 약간 쉬운 문제를 풀이를 하고 있습니다. 그러고 난 이후에 다시 본교제를 들어가면 어느정도 문제를 잘 풀고 있습니다. 하기싫어하는 학생이라기 보다는 할려고하는데 잘 안되는 학생에 가까운것 같습니다. 그래서 쉬운문제를 단계단계별로 할려고 생각하고 있습니다. ','2026-04-09 09:59:10','user-57ppx9v61','2026-04-09 09:59:10','2026-03');
INSERT INTO "grades" ("id","student_id","exam_id","score","comments","graded_at","graded_by","created_at","year_month") VALUES('grade-0db095f4','student-q5ecu8748','exam-march-25767a87',79,replace('이번 정기고사에서는 79점을 받았습니다.\n수업태도나 문제풀이, 끈기와 같은 성향들이 좋은편이다보니 수업이나 시험을 잘하고 있습니다.수업 떄 수학 문제를 모델링하는 일차방정식이나 부등식의 응용에 대해서 어려워하고 있습니다.\n이러한 문제들은 독해력이 필요한 문제다보니 수학뿐만 아니라 문장 속 조건을 수식으로 바꾸는 훈련이 필요해서, 비슷한 유형을 반복적으로 많이 풀려서 익히게 하고 있습니다. \n지금은 방정식 풀이를 많이 틀리고 계산 실수를 줄이는 단계라서 부담 없이 매일 7문제씩 꾸준히 풀게 하고 있습니다. 이 루틴이 쌓이면 응용 문제로 넘어갈 예정입니다.\n\n학생의 경우에는 수업태도도 좋고, 문제도 잘 풀고 있다보니 제가 자체 제작한 증명이나 서술형을 잘 풀 수 있는 교제도 같이 숙제로 내주고 있습니다. 학생도 잘 풀고 있고, 줘도 군말없이 잘하고 있습니다. 서술형이나 수행평가는 문제 풀이를 비롯해서 사고력을 요구를 하는 문제들이 많다보니 미리미리 준비를 하고 있습니다','\n',char(10)),'2026-04-09 09:59:10','user-57ppx9v61','2026-04-09 09:59:10','2026-03');
INSERT INTO "grades" ("id","student_id","exam_id","score","comments","graded_at","graded_by","created_at","year_month") VALUES('grade-74488053','student-p3kgxnsyw','exam-march-25767a87',45,replace('이번 정기고사에서는 55점을 받았습니다. 앞의 순환소수와 방정식부분에서 계산을 잘하고 있습니다. 하지만 뒤에 연립방정식에서 손도 못대고 있었습니다. 최근에 배운것에 대해서 충분한 학습이 되지 않아서 그런것도 있어보입니다. 칭잔하고 싶은점은 학교에서 모르는 유인물이나 내가 모르는것들을 선생님한테 요청을 해서 문제를 많이 풀어보려고 하고 있습니다. 평소에는 숙제를 10문제 내외로 적게 숙제를 주고 있었습니다. 슬슬 시험기간이고 학교유인물이나 학생이 어려워하는 문제들에 대해서 조금더 많이 풀리게하면서 문제에 대한 자신감을 가지고 문제를 풀 수 있도록 지도를 하겠습니다.\n\n화요일 수업의 경우에는 주도적으로 순환소수의 자릿수 계산을 어려워해서 20문제 정도 뽑아주고, 풀어보고 같이 메겨봤는데 문제를 충분히 풀고 이해가 되다 보니 학생도 잘 하고 있습니다','\n',char(10)),'2026-04-09 09:59:10','user-57ppx9v61','2026-04-09 09:59:10','2026-03');
INSERT INTO "grades" ("id","student_id","exam_id","score","comments","graded_at","graded_by","created_at","year_month") VALUES('grade-8158a3c2','student-r558f899h','exam-march-25767a87',60,replace('태영이는 수업 태도도 정말 좋고 숙제도 빠짐없이 잘 해오고 있습니다. \n지금 아쉬운 부분은 올림 계산을 가끔 실수하는 것과, 구구단이 아직 완전히 손에 익지 않아서 곱셈·나눗셈에서 조금 어려워하지만, 자주 반복하면서 훈련하면서 실수를 줄여갈 예정입니댜.\n또한 앞으로 매 수업마다 구구단을 짧게 반복하는 루틴을 넣어서 조금씩 손에 익혀갈 예정입니다.','\n',char(10)),'2026-04-09 09:59:10','user-57ppx9v61','2026-04-09 09:59:10','2026-03');
INSERT INTO "grades" ("id","student_id","exam_id","score","comments","graded_at","graded_by","created_at","year_month") VALUES('grade-1da67fb7','student-a7wi0zma6','exam-march-25767a87',44,replace('  우선 좋은 소식부터 말씀드리면, 방정식과 부등식 문제는 전부 다 맞췄습니다. 사실 지효가 처음 왔을 때 기초 계산부터 다시 잡아야 하는\n  상황이었어요. 그래서 매 수업 시작할 때 5분씩 기초 계산을 꾸준히 시켜왔는데, 그게 이번 시험에서 그대로 결과로 나온 거라 저도\n  뿌듯했습니다.\n\n  점수가 44점으로 낮아 보이실 수 있는데, 사실 이번 시험 범위 뒤쪽이 중학교 3학년 새 단원인 제곱근(루트) 파트였어요. 이제 막 배우기 시작한\n  단원이다 보니 아직 익숙하지 않아서 거기서 많이 빠졌고, 그 부분을 빼면 앞부분은 완벽하게 맞은 거예요.\n\n  앞으로는 제곱근 단원도 지금까지 해온 방식 그대로, 개념 설명보다는 문제를 많이 풀면서 자연스럽게 익숙해지게 할 생각입니다. 지효가 문제를\n  직접 풀 때 집중력이 확 올라오는 스타일이에요. 그래서 설명은 짧게 하고 바로 문제로 들어가는 방식으로 수업하고 있는데, 이번 방정식 결과를\n  보니 이 방법이 지효한테 잘 맞는 것 같습니다.\n','\n',char(10)),'2026-04-09 09:59:10','user-57ppx9v61','2026-04-09 09:59:10','2026-03');
INSERT INTO "grades" ("id","student_id","exam_id","score","comments","graded_at","graded_by","created_at","year_month") VALUES('grade-d9e192c2','student-nb8y8m656','exam-march-25767a87',71,replace('이번 정기고사에서는 71점이 나왔는데, 과목별로 보면 확률과 통계는 8문제 중 7개를 맞출 만큼 안정적으로 잘 하고 있습니다. 지수 쪽은 응용 문제에서 조금 더   보강이 필요한 상황이라 지금 집중적으로 다루고 있습니다.\n\n학생이 모르는 문제를 그냥 넘기지 않고 다시 돌아와서 확인하는 습관이 있습니다. 이게 생각보다 쉽지 않은 건데, 이 학생은 자연스럽게 하고 있어서 저도 보면서 좋다고 생각하고 있습니다. \n그 습관을 살려서 취약한 유형은 문제를 많이 풀면서 손에 익히게 하는 방향으로 수업하고 있습니다.\n\n한 가지 더, 요즘 실수가 간간이 나오는 편인데, 앞으로는 틀린 문제를 오답노트에 직접 정리하는 방식을 도입해서 같은 실수를 반복하지 않도록 잡아갈 예정입니다.\n','\n',char(10)),'2026-04-09 09:59:10','user-57ppx9v61','2026-04-09 09:59:10','2026-03');
INSERT INTO "grades" ("id","student_id","exam_id","score","comments","graded_at","graded_by","created_at","year_month") VALUES('grade-ddbc27ff','student-9bsetl4ct','exam-march-25767a87',13,NULL,'2026-04-09T16:24:38.319Z','user-57ppx9v61','2026-04-09 09:59:10','2026-03');
INSERT INTO "grades" ("id","student_id","exam_id","score","comments","graded_at","graded_by","created_at","year_month") VALUES('grade-c087720e','student-6cxbm886s','exam-march-25767a87',7,'이번 정기고사에서는 7점을 받았습니다. 베이직쎈을 숭버을 하고 있는데, 개념이 살짝만 바꿔도 어려워 하고 있습니다. 무리하게 진도나 어려운 문제를 나기보다는 풀었던 문제를 숫자만 바꿔서 문제를 풀게하고 있습니다.','2026-04-09 09:59:10','user-57ppx9v61','2026-04-09 09:59:10','2026-03');
INSERT INTO "grades" ("id","student_id","exam_id","score","comments","graded_at","graded_by","created_at","year_month") VALUES('grade-9f0b1491','student-0mc8orloi','exam-march-25767a87',27,'이번 정기고사에서는 27점을 받았습니다. 문제는 잘 풀고 있으나, 문제를 꼬운 문제들이나 사고력을 필요로 하는 문제들은 어려워합니다. 그리고 어느정도 개념을 충분히 숙지가 필요한데 그 부분도 부분부분이 안되어 있는 모습을 보입니다. 개념이 외우거나 그러한 부분들에 대해서는 제가 수업 외적으로 프로그램을 통해서 외우게하고, 수업중에는 문제에 대해서 사고를 할 수 있도록 문제를 왜 이렇게 풀었는지 물어보고 있습니다.','2026-04-09 09:59:10','user-57ppx9v61','2026-04-09 09:59:10','2026-03');
INSERT INTO "grades" ("id","student_id","exam_id","score","comments","graded_at","graded_by","created_at","year_month") VALUES('grade-b3034f51','student-t1xikskhy','exam-march-25767a87',20,'이번 정기고사에서는 20점을 받았습니다. 평소에도 과묵하게 주는 문제들을 잘 풀고 있습니다. 푸는 양은 많은데 실수가 자주 보입니다. 부호 실수 또는 개념 적용을 어려워하고 있습니다. 그래서 옆에서 제가 지도를 해주는 식으로 많이 하고 있습니다.','2026-04-09 09:59:10','user-57ppx9v61','2026-04-09 09:59:10','2026-03');
INSERT INTO "grades" ("id","student_id","exam_id","score","comments","graded_at","graded_by","created_at","year_month") VALUES('grade-d6599632','student-mtoq5wqb6','exam-march-25767a87',16,'이번 정기고사에서는 16점을 받았습니다. 어려운 문제보다는 교과서 또는 중간정도 수준의 문제를 실수를 줄이는 쪽으로 방향을 잡아서 수업을 하고 있습니다. 학생이 사용하는 학교교제를 이용한 문제 은행을 구축을 해서, 학생이 모르거나 어려워하는 문제들에 대해서 맞춤형으로 숙제 및 진도를 나가고 있습니다. 아직까지는 문제는 어려워하고, 문제 푸록 쉬고 하는게 많으나 처음 봤을 때보다는 이제는 7문제 정도는 연속적으로 풀 수 있습니다','2026-04-09 09:59:10','user-57ppx9v61','2026-04-09 09:59:10','2026-03');
INSERT INTO "grades" ("id","student_id","exam_id","score","comments","graded_at","graded_by","created_at","year_month") VALUES('grade-4a930eee','student-ue92sdab0','exam-march-25767a87',34,'이번 정기고사에서는 34점을 받았습니다. 난이도 있는 문제보다는 기초적인 문제에 대해서 계산실수 또는 개념을 적용을 하는 것을 어려워 합니다. 그렇다보니 실수하는 부분을 하나하나 잡아가면서 수업을 하고 있습니다. 수학적 개념을 암기를 하기를 어려워하고 있습니다. 그래서 같은 문제에 대해서 유사한 문제를 많이 풀어보면서 자신감을 가지는 방법으로 수업을 진행하고 있습니다','2026-04-09 09:59:10','user-57ppx9v61','2026-04-09 09:59:10','2026-03');
INSERT INTO "grades" ("id","student_id","exam_id","score","comments","graded_at","graded_by","created_at","year_month") VALUES('grade-ea4f4722','student-5645a3fs4','exam-march-25767a87',80,'이번 정기고사에서는 80점을 받았습니다. 다른 학생들에 비해서 이해력도 뛰어나고 실수도 별로 안하는 학생입니다. 하나 아쉬운점이 수업시간에 이야기를 많이 할려다보니, 집중력이 풀어질 떄가 종종 있습니다. 이럴때는 강하게 잡아서 다시 수업을 하도록 하고 있습니다. 실수가 많지 않고, 사고력이 뛰어난 학생입니다. 그래서 다른 학생들은 개념이나 실수에 대해서 제가 고치려고 하는데 학생은 이미 잘하다보니 조금더 고난이도 문제를 더 풀어보게 할 생각입니다','2026-04-09 09:59:10','user-57ppx9v61','2026-04-09 09:59:10','2026-03');
INSERT INTO "grades" ("id","student_id","exam_id","score","comments","graded_at","graded_by","created_at","year_month") VALUES('grade-895eadec','student-4s1rdnhpb','exam-march-25767a87',41,'시험대비 문제풀이와 오답정리에 집중하고 있습니다. 오답 정리를 통해 어떤 유형의 문제들을 집중해서 다루어 봐야 하는지 체크하면서 수업 진행할 예정입니다.','2026-04-09 09:59:10','user-57ppx9v61','2026-04-09 09:59:10','2026-03');
INSERT INTO "grades" ("id","student_id","exam_id","score","comments","graded_at","graded_by","created_at","year_month") VALUES('grade-1ed1ab48','student-b8tu5sggp','exam-march-25767a87',16,'이번 정기고사에서는 16점을 받았습니다. 선생님의 도움 없이 혼자서 해결을 할려고 하는 학생입니다.제가 문제풀이를 봐도 실수를 하는 경향이 있기는 하지만, 자신이 실수를 하고 있다는 점이나 자신이 어려워하는 부분을 잘 인지를 하고 있습니다. 그렇다보니, 서술형으로 문제를 더 잘 풀어 볼 수 있도록 문제를 따로 제작을 할 예정입니다','2026-04-09 09:59:10','user-57ppx9v61','2026-04-09 09:59:10','2026-03');
INSERT INTO "grades" ("id","student_id","exam_id","score","comments","graded_at","graded_by","created_at","year_month") VALUES('grade-99e0c5a1','student-k8kamd4y8','exam-march-25767a87',54,'시험대비 문제풀이와 오답정리에 집중하고 있습니다. 오답 정리를 통해 어떤 유형의 문제들을 집중해서 다루어 봐야 하는지 체크하면서 수업 진행할 예정입니다.','2026-04-09 09:59:10','user-57ppx9v61','2026-04-09 09:59:10','2026-03');
INSERT INTO "grades" ("id","student_id","exam_id","score","comments","graded_at","graded_by","created_at","year_month") VALUES('grade-a3e43f0a','student-s54ihowlx','exam-march-25767a87',47,'이번 정기고사에서는 47점을 받았습니다. 문제지보다는 학교수업을 집중으로 준비를 하고 있습니다. 학교교제를 바탕으로 문제은행을 구축을 해서 학생이 어려워하는 문제를 꾸준히 풀어보게 하고 있습니다. 개념적인 문제들을 어려워하는데 충분한 설명과 많은 문제들을 통해서 수정해나가고 있습니다','2026-04-09 09:59:10','user-57ppx9v61','2026-04-09 09:59:10','2026-03');
INSERT INTO "grades" ("id","student_id","exam_id","score","comments","graded_at","graded_by","created_at","year_month") VALUES('grade-ddd30562','student-vosetxjdm','exam-march-25767a87',34,'이번 정기고사에서는 34점을 받았습니다. 이번 중간고사가 없습니다. 문제를 RPM 문제지를 풀기 어려워하는 모습을 보입니다. 제가 물어봐서 문제점을 파악을 했는데, 문제풀이에 집중을 하다보니, 선행개념이나 현행 개념들이 암기가 안되어 있어서 어려워합니다. 그렇다보니 제가 만든 암기 프로그램을 통해서 이러한 부분들 학원이나 학원외에도 암기를 하기 쉽게 만들어서 하고 있습니다. 고3이고 모르는 개념을 암기를 하거나 수업을 하기보다는 그때그떄모르는 부분을 설명을해주고 암기 시스템으로 제대로 외웠는지 관리를 합니다','2026-04-09 09:59:10','user-57ppx9v61','2026-04-09 09:59:10','2026-03');
INSERT INTO "grades" ("id","student_id","exam_id","score","comments","graded_at","graded_by","created_at","year_month") VALUES('grade-67cb934d','student-j5ohbrke6','exam-march-25767a87',21,'이번 정고고사에서는 21점을 받았습니다. 수업태도도 좋고, 열심히 하다보니 1학년 진도를 잘나가고 있습니다. 이번 시험에는 어려운 문제와 쉬운 문제를 섞어서 출제를 했는데, 쉬운 문제는 다 맞추는 모습을 보이고 있습니다. 난이도 있는 문제를 나기기보다는, 기존의 진도는 그대로 나가면서, 문제의 중간 난이도의 문제와 검정고시 문제를 가져와서 수업시간에도 이러한 개념들이 검정고시에서 어떻게 사용되고 어떻게 풀면 되는지에 대한 수업을 진행을 할 예정입니다','2026-04-09 09:59:10','user-57ppx9v61','2026-04-09 09:59:10','2026-03');
INSERT INTO "grades" ("id","student_id","exam_id","score","comments","graded_at","graded_by","created_at","year_month") VALUES('grade-ed097e34','student-tme649c7a','exam-march-25767a87',73,'시험대비 문제풀이와 오답정리에 집중하고 있습니다. 오답 정리를 통해 어떤 유형의 문제들을 집중해서 다루어 봐야 하는지 체크하면서 수업 진행할 예정입니다.','2026-04-09 09:59:10','user-57ppx9v61','2026-04-09 09:59:10','2026-03');
INSERT INTO "grades" ("id","student_id","exam_id","score","comments","graded_at","graded_by","created_at","year_month") VALUES('grade-4f597332','student-xi4i833h1','exam-march-25767a87',33,'시험대비 문제풀이와 오답정리에 집중하고 있습니다. 오답 정리를 통해 어떤 유형의 문제들을 집중해서 다루어 봐야 하는지 체크하면서 수업 진행할 예정입니다.','2026-04-09 09:59:10','user-57ppx9v61','2026-04-09 09:59:10','2026-03');
INSERT INTO "grades" ("id","student_id","exam_id","score","comments","graded_at","graded_by","created_at","year_month") VALUES('grade-8d1a1dc8','student-j59157jnh','exam-march-25767a87',87,'분수의 나눗셈 단원 마무리 하고 각기둥 진도 나가고 있습니다. 도형 단원은 태현이가 어렵지 않게 받아들이고 있어서 잘 따라오고 있습니다.','2026-04-09 09:59:10','user-57ppx9v61','2026-04-09 09:59:10','2026-03');
INSERT INTO "grades" ("id","student_id","exam_id","score","comments","graded_at","graded_by","created_at","year_month") VALUES('grade-a425a86b','student-a7wi0zma6','exam-march-2f177042',86,'현재 중간고사 시험 범위 진도는 완료되었습니다. 앞으로 다양한 유형의 문제풀이와 심화 문제풀이 그리고 서술형문제풀이를 중심으로 수업을 진행할 예정입니다. ','2026-04-09 09:59:10','user-57ppx9v61','2026-04-09 09:59:10','2026-03');
INSERT INTO "grades" ("id","student_id","exam_id","score","comments","graded_at","graded_by","created_at","year_month") VALUES('grade-b9ca7c18','student-odmyl712f','exam-march-2f177042',77,'','2026-04-09 09:59:10','user-57ppx9v61','2026-04-09 09:59:10','2026-03');
INSERT INTO "grades" ("id","student_id","exam_id","score","comments","graded_at","graded_by","created_at","year_month") VALUES('grade-dae9e62b','student-qv5fihk50','exam-march-2f177042',73,'현재 중간고사 시험 범위의 진도는 완료된 상태입니다. 현재 기본 개념 문제풀이는 실수가 적지만 심화 유형이나 서술형 유형의 문제를 풀 때, 1단원 시분야에서 실수가 많이 있습니다. 문학분야 문제를 많이 어려워 해서 앞으로의 수업동안 도현이가 어려워하는 부분의 심화문제와 서술형 문제풀이를 통해서 꼼꼼하게 중간고사를 준비하려고 합니다. ','2026-04-09 09:59:10','user-57ppx9v61','2026-04-09 09:59:10','2026-03');
INSERT INTO "grades" ("id","student_id","exam_id","score","comments","graded_at","graded_by","created_at","year_month") VALUES('grade-c5f05d67','student-s54ihowlx','exam-march-2f177042',45,'현재 수능특강과 국어 어휘공부를 중심으로 수업을 진행하고 있습니다. 아직 국어 문제를 풀 때, 모르는 어휘가 많지만, 매 수업마다 어휘를 꾸준하게 공부해서 실력을 쌓을 수 있도록 수업을 진행할 예정입니다 ','2026-04-09 09:59:10','user-57ppx9v61','2026-04-09 09:59:10','2026-03');
INSERT INTO "grades" ("id","student_id","exam_id","score","comments","graded_at","graded_by","created_at","year_month") VALUES('grade-05adbb1f','student-i7k4uy8ml','exam-march-2f177042',73,'현재 시험범위 단원의 개념 기본 문제는 잘 풀지만 심화 문제나 사고력 문제 풀이에는 실수가 있습니다. 중간고사는 국어를 중심으로 수업을 진행할 예정입니다. ','2026-04-09 09:59:10','user-57ppx9v61','2026-04-09 09:59:10','2026-03');
INSERT INTO "grades" ("id","student_id","exam_id","score","comments","graded_at","graded_by","created_at","year_month") VALUES('grade-fb1bd0ea','student-egoh2pw9x','exam-march-2f177042',86,'현재 중간고사 시험 범위의 진도는 완료된 상태입니다. 현재 기본 개념 문제풀이는 실수가 적지만 심화 유형이나 서술형 유형의 문제를 풀 때, 1단원 시분야에서 실수가 많이 있습니다. 문학분야 문제를 많이 어려워 해서 앞으로의 수업동안 도현이가 어려워하는 부분의 심화문제와 서술형 문제풀이를 통해서 꼼꼼하게 중간고사를 준비하려고 합니다. ','2026-04-09 09:59:10','user-57ppx9v61','2026-04-09 09:59:10','2026-03');
INSERT INTO "grades" ("id","student_id","exam_id","score","comments","graded_at","graded_by","created_at","year_month") VALUES('grade-ed9192d2','student-k8kamd4y8','exam-march-2f177042',54,'현재 1단원 진도가 완료되고 시험 범위인 2단원은 곧 마무리 됩니다. 기본 개념 문제는 실수가 적은 편이나 아직까지 어휘력이 부족해서 문제를 분석할 때 실수가 있어서 아는 문제도 틀리는 경우가 많이 있습니다. 앞으로 어휘공부와 다양한 유형의 문제풀이를 통해서 중간고사 대비를 꼼꼼하게 진행할 예정입니다. ','2026-04-09 09:59:10','user-57ppx9v61','2026-04-09 09:59:10','2026-03');
INSERT INTO "grades" ("id","student_id","exam_id","score","comments","graded_at","graded_by","created_at","year_month") VALUES('grade-7a60e33c','student-p3kgxnsyw','exam-march-2f177042',60,'현재 정화중은 시험범위가 계속 바뀌고 있습니다. 그래서 중간고사 대비를 더 꼼꼼하게 진행하고 있습니다. 예지는 기본개념문제풀이는 실수가 적은 편이나 복수정답 유형의 문제나 심화문제풀이시 실수가 있어서 앞으로의 수업을 통해서 이러한 부족한 부분을 채울 수 있도록 수업을 진행할 예정입니다. ','2026-04-09 09:59:10','user-57ppx9v61','2026-04-09 09:59:10','2026-03');
INSERT INTO "grades" ("id","student_id","exam_id","score","comments","graded_at","graded_by","created_at","year_month") VALUES('grade-574c8d61','student-j59157jnh','exam-march-2f177042',100,'이번 정기고사 시험범위는 3단원입니다. 3단원의 개념을 확실하게 알고 있고 수업시간에 어려워 했던 문제도 잘 풀었습니다. 앞으로 진도와 복습 함께 병행하면서 중학교 대비를 조금씩 진행하도록 하겠습니다. ','2026-04-09 09:59:10','user-57ppx9v61','2026-04-09 09:59:10','2026-03');
INSERT INTO "grades" ("id","student_id","exam_id","score","comments","graded_at","graded_by","created_at","year_month") VALUES('grade-fd4bd5a4','student-enwewi2vj','exam-march-2f177042',67,'현재 시험 범위 진도는 완료된 상태이고 앞으로 수업시간에 다양한 유형의 문제풀이와 심화 문제, 서술형 문제풀이를 하면서 시험 준비를 꼼꼼하게 진행할 예정입니다. ','2026-04-09 09:59:10','user-57ppx9v61','2026-04-09 09:59:10','2026-03');
INSERT INTO "grades" ("id","student_id","exam_id","score","comments","graded_at","graded_by","created_at","year_month") VALUES('grade-89dbe218','student-ue92sdab0','exam-march-2f177042',50,'현재 학교진도에 맞추어서 수업을 진행하고 있습니다. 하진이 학교는 중간고사 5월달에 진행되기에 개념과 문제를 반복하면서 중간고사를 준비할 예정입니다. 객관식 위주의 시험이기에 반복 훈련을 통해서 꼼꼼하게 시험을 준비할 예정입니다. ','2026-04-09 09:59:10','user-57ppx9v61','2026-04-09 09:59:10','2026-03');
INSERT INTO "grades" ("id","student_id","exam_id","score","comments","graded_at","graded_by","created_at","year_month") VALUES('grade-93f76b80','student-nb8y8m656','exam-march-8fdb908d',67,replace('루다는 영어 공부에 대한 열의가 대단하며, 수업 분위기를 밝고 긍정적으로 만들어주는 큰 장점을 가진 학생입니다. 매번 숙제를 완벽히 해결해 오는 것은 물론, 모르는 부분이 생기면 주저 없이 질문하여 자기 것으로 만드는 능동적인 태도가 돋보입니다.\n특히 자기주도적 학습 능력이 잘 갖춰져 있어 앞으로의 성장이 더욱 기대됩니다. 다가오는 시험 대비 기간에도 지금의 활기찬 에너지를 바탕으로 최선의 결과를 낼 수 있도록 곁에서 철저히 지도하겠습니다.','\n',char(10)),'2026-04-09 09:59:10','user-57ppx9v61','2026-04-09 09:59:10','2026-03');
INSERT INTO "grades" ("id","student_id","exam_id","score","comments","graded_at","graded_by","created_at","year_month") VALUES('grade-fcb502ec','student-2vqo23cgs','exam-march-8fdb908d',80,replace('민준이는 항상 밝고 건강한 에너지를 뿜어내어 주변까지 기분 좋게 만드는 학생입니다. 수업 시간에는 선생님의 지도에 귀를 잘 기울이며, 맡겨진 과제를 거부감 없이 차근차근 해나가는 모습이 무척 대견합니다.\n민준이가 영어 공부에 흥미를 잃지 않고 즐겁게 한 걸음씩 나아갈 수 있도록 칭찬과 격려로 세심하게 지도하겠습니다.','\n',char(10)),'2026-04-09 09:59:10','user-57ppx9v61','2026-04-09 09:59:10','2026-03');
INSERT INTO "grades" ("id","student_id","exam_id","score","comments","graded_at","graded_by","created_at","year_month") VALUES('grade-1674989b','student-0mc8orloi','exam-march-8fdb908d',60,replace('새로운 개념을 설명해 주면 금방 파악하고 따라오는 영리함이 돋보입니다.\n본인이 마음먹고 집중할 때는 충분히 좋은 성과를 낼 수 있는 능력을 갖추고 있습니다. 다가오는 시험 기간에는 성준이가 가진 이러한 재능을 십분 발휘하여 실질적인 점수 향상으로 이어질 수 있도록 곁에서 강하게 독려하겠습니다.','\n',char(10)),'2026-04-09 09:59:10','user-57ppx9v61','2026-04-09 09:59:10','2026-03');
INSERT INTO "grades" ("id","student_id","exam_id","score","comments","graded_at","graded_by","created_at","year_month") VALUES('grade-92e98f5a','student-a7wi0zma6','exam-march-8fdb908d',13,replace('지효는 항상 밝고 활기찬 에너지로 수업 분위기를 좋게 만들어주는 매력적인 학생입니다. 비록 당장의 시험 성적은 조금 아쉬움이 남지만, 주어진 과업을 완수하기 위해 끝까지 노력하는 모습이 무척 대견합니다.\n지효처럼 바른 학습 태도와 의지를 갖춘 학생은 시간이 흐를수록 더 큰 성장을 보여줍니다. 다가오는 시험 대비 기간에는 지효가 노력한 만큼 성취감을 맛볼 수 있도록 더욱 세심하게 이끌고 지도하겠습니다.','\n',char(10)),'2026-04-09 09:59:10','user-57ppx9v61','2026-04-09 09:59:10','2026-03');
INSERT INTO "grades" ("id","student_id","exam_id","score","comments","graded_at","graded_by","created_at","year_month") VALUES('grade-2a21daba','student-rks9au7mm','exam-march-8fdb908d',47,replace('하진이는 항상 밝고 긍정적인 태도로 수업에 임하며, 주어진 과업을 성실하게 완수해내는 믿음직한 학생입니다. 특히 수행평가나 영어듣기 평가처럼 대비가 필요한 영역에서 누구보다 열정적으로 준비하는 모습이 무척 대견합니다.\n평소의 유연한 모습 속에, 꼭 해내야 하는 중요한 순간에는 무서운 집중력을 발휘하는 강점이 있습니다. 이번 시험 대비 기간에도 하진이가 가진 이 집중력을 십분 발휘하여 만족스러운 결과를 얻을 수 있도록 세심하게 지도하겠습니다.','\n',char(10)),'2026-04-09 09:59:10','user-57ppx9v61','2026-04-09 09:59:10','2026-03');
INSERT INTO "grades" ("id","student_id","exam_id","score","comments","graded_at","graded_by","created_at","year_month") VALUES('grade-be552348','student-fbcy3xfzp','exam-march-8fdb908d',53,replace('지후는 다른 학생들과는 다르게 수업 시간 중 휴대폰을 만지는 등의 흐트러지는 모습 없이 묵묵히 제 자리를 지키는 성실함을 가지고 있습니다. 때때로 조금 느슨해질 때도 있지만, 적절한 격려와 응원을 보내주면 금세 의욕을 보이며 곧잘 따라와 주는 학생입니다.\n특히 이번 학교 수행평가 기간에는 본인이 맡은 부분을 성실하게 준비하는 모습이 인상적이었습니다. 지후가 가진 성실한 기본기에 자신감만 더해진다면 앞으로 더 큰 성장을 이룰 수 있을 것입니다.','\n',char(10)),'2026-04-09 09:59:10','user-57ppx9v61','2026-04-09 09:59:10','2026-03');
INSERT INTO "grades" ("id","student_id","exam_id","score","comments","graded_at","graded_by","created_at","year_month") VALUES('grade-a0723881','student-ue92sdab0','exam-march-8fdb908d',33,replace('최근 하진이는 수업 태도에서 긍정적인 변화를 보여주고 있습니다. 초반에 비해 수업 중 집중력이 좋아졌으며, 끝까지 깨어 있으려 노력하며 수업에 참여하고 있습니다.\n이러한 집중력의 개선은 곧 성적 향상으로 이어질 소중한 신호입니다. 지금의 태도를 꾸준히 유지하여 실질적인 점수 상승을 경험할 수 있도록 곁에서 잘 이끌겠습니다.','\n',char(10)),'2026-04-09 09:59:10','user-57ppx9v61','2026-04-09 09:59:10','2026-03');
INSERT INTO "grades" ("id","student_id","exam_id","score","comments","graded_at","graded_by","created_at","year_month") VALUES('grade-37ecb724','student-y1ov7jvh5','exam-march-8fdb908d',80,replace('예원이는 수업 태도가 바르고, 주어진 학습 과제를 성실하게 이행하는 학생입니다. 현재는 기초 지식을 쌓아가는 단계라 보완할 점이 있지만, 모르는 부분이 생기면 적극적으로 질문하여 해결하려는 자세가 아주 훌륭합니다.\n특히 이번 영어듣기 평가를 위해 열심히 준비한 결과, 100점이라는 최고의 성적을 거두었습니다. 이러한 성공 경험을 바탕으로 자신감을 가지고 꾸준히 정진한다면, 중간고사에서도 분명 좋은 결실을 볼 수 있을 것이라 믿습니다.','\n',char(10)),'2026-04-09 09:59:10','user-57ppx9v61','2026-04-09 09:59:10','2026-03');
INSERT INTO "grades" ("id","student_id","exam_id","score","comments","graded_at","graded_by","created_at","year_month") VALUES('grade-03926915','student-8p9l1h85l','exam-march-8fdb908d',20,replace('슬아는 성품이 착하고 고우며, 특히 집중했을 때 영어 단어를 암기하는 감각이 좋습니다.\n이제 곧 다가올 시험을 대비하여 슬아 스스로도 마음을 다잡고 열심히 준비해보겠다는 의지를 보이고 있습니다. 슬아가 자신의 암기 재능을 발휘해 좋은 성과를 거두고 성취감을 맛볼 수 있도록 곁에서 적극적으로 격려하며 지도하겠습니다.','\n',char(10)),'2026-04-09 09:59:10','user-57ppx9v61','2026-04-09 09:59:10','2026-03');
INSERT INTO "grades" ("id","student_id","exam_id","score","comments","graded_at","graded_by","created_at","year_month") VALUES('grade-d367b734','student-xi4i833h1','exam-march-8fdb908d',20,replace('채원이는 학습 태도가 매우 성실하고 공부하려는 의지가 강한 학생입니다. 현재는 기초 지식을 쌓아가는 단계라 절대적인 학습량이 다소 부족하여 성적 면에서 아쉬움이 남습니다.\n하지만 지금처럼 바른 태도를 유지하며 꾸준히 학습 총량을 늘려간다면, 부족한 부분이 채워지면서 점진적으로 실력이 향상될 것입니다.','\n',char(10)),'2026-04-09 09:59:10','user-57ppx9v61','2026-04-09 09:59:10','2026-03');
INSERT INTO "grades" ("id","student_id","exam_id","score","comments","graded_at","graded_by","created_at","year_month") VALUES('grade-136377c9','student-j5ohbrke6','exam-march-8fdb908d',73,replace('도윤이는 항상 성실한 태도로 수업에 임하며, 수업 시간 내내 흐트러짐 없는 집중력을 보여주는 모범적인 학생입니다. 특히 독해 능력이 매우 뛰어나 문장 구조를 파악하는 힘이 좋습니다. 무엇보다 스스로 모르는 단어를 갈무리하여 ‘자기만의 단어장’을 만드는 모습에서 영어 학습에 대한 깊은 열정과 주도적인 학습 습관을 확인할 수 있었습니다.\n\n지금처럼 꾸준히 정진한다면 수능에서도 충분히 상위권 성적을 거둘 것으로 기대됩니다. 다만, 탄탄한 실력을 갖춘 만큼 스스로 확신을 가질 때 간혹 세부적인 부분을 놓쳐 발생하는 실수가 종종 보입니다. 도윤이가 자신의 실력에 자만하지 않고 끝까지 꼼꼼함을 유지할 수 있도록 원에서 세밀하게 지도하겠습니다.','\n',char(10)),'2026-04-09 09:59:10','user-57ppx9v61','2026-04-09 09:59:10','2026-03');
INSERT INTO "grades" ("id","student_id","exam_id","score","comments","graded_at","graded_by","created_at","year_month") VALUES('grade-a4dd91b6','student-odmyl712f','exam-march-8fdb908d',60,'도훈이는 겉으로 드러나는 모습보다 훨씬 내실 있고 책임감이 강한 학생입니다. 언뜻 무심해 보일 때도 있지만, 정작 학습 지시를 내리면 단 한 번도 빠뜨리지 않고 묵묵히 성실하게 이행해냅니다.','2026-04-09 09:59:10','user-57ppx9v61','2026-04-09 09:59:10','2026-03');
INSERT INTO "grades" ("id","student_id","exam_id","score","comments","graded_at","graded_by","created_at","year_month") VALUES('grade-d9294605','student-t1xikskhy','exam-march-8fdb908d',20,replace('동민이는 수업 시간 내내 흐트러짐 없는 집중력을 유지하며, 맡은 바를 끝까지 완수해내는 근성이 뛰어난 학생입니다.\n어떠한 과제에도 뒤로 물러나지 않고 묵묵히 정진하는 모습에서 영어 학습에 대한 진지함을 느낄 수 있습니다. 이러한 훌륭한 수업 태도는 성적 향상의 가장 단단한 밑거름이 될 것이라 믿습니다.','\n',char(10)),'2026-04-09 09:59:10','user-57ppx9v61','2026-04-09 09:59:10','2026-03');
INSERT INTO "grades" ("id","student_id","exam_id","score","comments","graded_at","graded_by","created_at","year_month") VALUES('grade-b2c84996','student-ryf96197t','exam-march-8fdb908d',40,replace('지안이는 특유의 밝고 명랑한 성격으로 수업 분위기를 기분 좋게 만들어 주는 학생입니다. 가끔 본인의 영어 실력에 대해 다소 조심스럽거나 자신감이 부족한 모습을 보일 때도 있지만, 실제 학습 태도는 누구보다 훌륭합니다.\n\n주어진 과제나 수업 내용을 요령 피우지 않고 성실하게 이행하는 모습이 인상적입니다. 이러한 노력이 쌓이면 곧 실력 향상이라는 결과로 이어져 큰 자신감을 얻게 될 것입니다. 지안이가 본인의 가능성을 믿고 즐겁게 공부할 수 있도록 칭찬과 격려로 세심하게 지도하겠습니다.','\n',char(10)),'2026-04-09 09:59:10','user-57ppx9v61','2026-04-09 09:59:10','2026-03');
INSERT INTO "grades" ("id","student_id","exam_id","score","comments","graded_at","graded_by","created_at","year_month") VALUES('grade-294e0686','student-j59157jnh','exam-march-8fdb908d',53,replace('태현이는 수업 태도가 매우 성실하며, 평소 내어주는 숙제 또한 빠짐없이 잘 해오는 학생입니다. 이번에는 태현이의 실력을 확인해보고자 초등 과정을 넘어선 중등 수준의 시험을 치르게 했습니다.\n난이도가 높은 문제였음에도 불구하고 곧잘 풀어내는 모습에서 학습 잠재력을 확인할 수 있었습니다. 표면적인 점수보다 상급 수준의 문항을 소화해냈다는 점에 더 큰 의미가 있습니다. 앞으로도 태현이가 더욱 자신감을 가지고 실력을 쌓아갈 수 있도록 성실히 지도하겠습니다.','\n',char(10)),'2026-04-09 09:59:10','user-57ppx9v61','2026-04-09 09:59:10','2026-03');
INSERT INTO "grades" ("id","student_id","exam_id","score","comments","graded_at","graded_by","created_at","year_month") VALUES('grade-c7c06aeb','student-yxu4r4ae9','exam-march-8fdb908d',73,replace('예지는 수업 태도가 매우 성실하며, 주어진 숙제와 과업을 잘 이행해 오는 신뢰감 있는 학생입니다. 특히 영어에 대한 이해도가 높아 새로운 개념을 빠르게 습득하며, 스스로 학습을 이끌어가는 능력이 무척 뛰어납니다.\n자기주도적인 학습 습관이 잘 잡혀 있어 지도하는 입장에서 큰 걱정이 되지 않을 만큼 믿음직스럽습니다. 지금처럼 흔들림 없이 정진한다면 앞으로도 안정적으로 좋은 성적을 낼 수 있을거라 생각합니다.','\n',char(10)),'2026-04-09 09:59:10','user-57ppx9v61','2026-04-09 09:59:10','2026-03');
INSERT INTO "grades" ("id","student_id","exam_id","score","comments","graded_at","graded_by","created_at","year_month") VALUES('grade-d41a583d','student-4s1rdnhpb','exam-march-8fdb908d',40,replace('순우는 평소 수업 태도가 매우 성실하며, 단 한 번의 딴짓도 없이 오직 학습에만 전념하는 모습이 무척 대견한 학생입니다.\n비록 당장의 시험 성적은 조금 아쉬움이 남지만, 순우가 보여주는 흔들림 없는 태도를 유지한다면 반드시 성적이 오를 것이라 확신합니다. 다가오는 시험을 철저히 준비하여 순우의 성실함이 빛을 발할 수 있도록 최선을 다해 지도하겠습니다.','\n',char(10)),'2026-04-09 09:59:10','user-57ppx9v61','2026-04-09 09:59:10','2026-03');
INSERT INTO "grades" ("id","student_id","exam_id","score","comments","graded_at","graded_by","created_at","year_month") VALUES('grade-95ff1979','student-egoh2pw9x','exam-march-8fdb908d',87,replace('승민이는 자기주도적 학습 습관이 잘 잡혀 있는 뛰어난 모범생입니다. 압박을 가하지 않아도 스스로 공부할 거리를 찾아내며 선생님에게 더 공부시켜달라고 요구하는 성실한 학생입니다. 높은 이해력을 바탕으로 고등학교 수준의 문항들까지 잘 풀어내고 있습니다.\n수업 태도 또한 나무랄 데 없이 훌륭하여 매 시간 깊이 있는 학습이 이루어지고 있습니다. 이번 중간고사를 철저히 준비하여 승민이의 탄탄한 실력이 실질적인 성적 향상으로 증명될 수 있도록 만전을 기하겠습니다.','\n',char(10)),'2026-04-09 09:59:10','user-57ppx9v61','2026-04-09 09:59:10','2026-03');
INSERT INTO "grades" ("id","student_id","exam_id","score","comments","graded_at","graded_by","created_at","year_month") VALUES('grade-e263c4d1','student-6cxbm886s','exam-march-8fdb908d',27,replace('윤재는 시험 성적과 별개로 수업 시간에는 꾸준한 성실함을 보여주고 있습니다. 다만 아직은 절대적인 학습량이 다소 부족하여 실질적인 점수 상승으로 이어지기까지 시간이 필요한 단계입니다.\n최근 학교 수행평가를 매우 착실히 준비하는 모습을 보여준 만큼, 이러한 성실함을 꾸준히 유지하여 전체적인 학습량을 늘려간다면 앞으로 더 나은 결과를 얻을 수 있을 것입니다.','\n',char(10)),'2026-04-09 09:59:10','user-57ppx9v61','2026-04-09 09:59:10','2026-03');
INSERT INTO "grades" ("id","student_id","exam_id","score","comments","graded_at","graded_by","created_at","year_month") VALUES('grade-badad828','student-k8kamd4y8','exam-march-8fdb908d',27,replace('도은이는 수업 시간에 지시하는 학습 내용을 끝까지 완수해내려는 의지가 돋보이는 학생입니다.\n이러한 끈기는 실력 향상을 위한 가장 중요한 밑거름입니다. 다가오는 시험 대비 기간에는 도은이의 눈높이에 맞춘 반복 학습과 세밀한 지도를 통해, 아이가 공부에 대한 자신감을 얻고 성취감을 느낄 수 있도록 최선을 다하겠습니다.','\n',char(10)),'2026-04-09 09:59:10','user-57ppx9v61','2026-04-09 09:59:10','2026-03');
INSERT INTO "grades" ("id","student_id","exam_id","score","comments","graded_at","graded_by","created_at","year_month") VALUES('grade-f76caa7f','student-q5ecu8748','exam-march-8fdb908d',60,replace('지후는 항상 묵묵하게 자신이 맡은 학습량을 채워 나가는 믿음직한 학생입니다. 주어진 숙제를 빠짐없이 해결해 오는 성실함은 물론, 수업 시간에도 흐트러짐 없는 좋은 태도를 유지하고 있습니다.\n이러한 꾸준함이 지후의 실력을 지탱하는 가장 큰 힘이 될 것입니다. 이번 시험 대비 기간에도 지후가 최선의 결과를 낼 수 있도록 꼼꼼히 지도하겠습니다.','\n',char(10)),'2026-04-09 09:59:10','user-57ppx9v61','2026-04-09 09:59:10','2026-03');
INSERT INTO "grades" ("id","student_id","exam_id","score","comments","graded_at","graded_by","created_at","year_month") VALUES('grade-8446797f','student-tx3blu2og','exam-march-8fdb908d',60,replace('혜연이는 영어에 대한 이해도가 높으며, 수업 시간에 집중하는 태도가 아주 우수한 학생입니다. 특히 학습량이 적지 않음에도 불구하고 항상 숙제를 완벽하게 해결해 오는 꾸준함이 혜연이의 가장 큰 자산입니다.\n기본 실력과 성실함을 고루 갖추고 있어 앞으로의 성장이 더욱 기대되는 학생입니다. 다가오는 시험 대비 기간에도 지금의 페이스를 잘 유지하며 실전에서 최고의 실력을 발휘할 수 있도록 꼼꼼하게 지도하겠습니다.','\n',char(10)),'2026-04-09 09:59:10','user-57ppx9v61','2026-04-09 09:59:10','2026-03');
INSERT INTO "grades" ("id","student_id","exam_id","score","comments","graded_at","graded_by","created_at","year_month") VALUES('grade-5000ef25','student-3mzmc3kin','exam-march-8fdb908d',33,replace('혜정이는 항상 밝고 긍정적인 모습으로 수업 분위기를 활기차게 만들어주는 학생입니다. 수업 시간에는 항상 바른 태도로 임하며, 학습 지시를 내리면 집중력을 발휘해 완수해내는 수행 능력이 뛰어납니다.\n이러한 몰입도는 실전에서 실수를 줄이고 실력을 발휘하는 데 큰 밑거름이 될 것입니다. 다가오는 시험 대비 기간에도 혜정이가 지금의 에너지를 잃지 않고 즐겁게 몰입하여 최상의 결과를 얻을 수 있도록 곁에서 힘껏 응원하며 지도하겠습니다.','\n',char(10)),'2026-04-09 09:59:10','user-57ppx9v61','2026-04-09 09:59:10','2026-03');
INSERT INTO "grades" ("id","student_id","exam_id","score","comments","graded_at","graded_by","created_at","year_month") VALUES('grade-3711c435','student-y1ov7jvh5','exam-march-3fb325cc',73,'지난 정기고사 대비 정답률이 다소 낮아졌습니다. 남은 진도 마무리하고 다시 복습하면서 어떤 개념들을 집중해서 공부해야 되는지 체크할 예정입니다.','2026-04-09 09:59:10','user-57ppx9v61','2026-04-09 09:59:10','2026-03');
INSERT INTO "grades" ("id","student_id","exam_id","score","comments","graded_at","graded_by","created_at","year_month") VALUES('grade-27f07070','student-rks9au7mm','exam-march-3fb325cc',27,'고등으로 들어오면서 과학의 개념 자체의 난이도가 많이 상승했습니다. 따라서 개념을 확실하게 숙지하지 않으면 모든 문제들이 선택지 하나에 의해 정답이 갈릴 수 있습니다. 좀 더 개념을 확실하게 숙지할 수 있도록 수업 진행할 예정입니다.','2026-04-09 09:59:10','user-57ppx9v61','2026-04-09 09:59:10','2026-03');
INSERT INTO "grades" ("id","student_id","exam_id","score","comments","graded_at","graded_by","created_at","year_month") VALUES('grade-905eaaa9','student-fbcy3xfzp','exam-march-3fb325cc',60,'지난 정기고사 대비 정답률이 다소 상승했습니다. 다만 난이도가 낮은 개념 문제들에 오답이 많이 나왔는데 좀 더 확실하게 개념을 숙지할 수 있도록 수업 진행할 예정입니다.','2026-04-09 09:59:10','user-57ppx9v61','2026-04-09 09:59:10','2026-03');
INSERT INTO "grades" ("id","student_id","exam_id","score","comments","graded_at","graded_by","created_at","year_month") VALUES('grade-b7492cff','student-i7k4uy8ml','exam-march-3fb325cc',80,'시험대비 문제풀이와 오답정리에 집중하고 있습니다. 오답 정리를 통해 어떤 개념을 좀 더 확실하게 숙지해야 되는지 체크하면서 수업 진행할 예정입니다.','2026-04-09 09:59:10','user-57ppx9v61','2026-04-09 09:59:10','2026-03');
INSERT INTO "grades" ("id","student_id","exam_id","score","comments","graded_at","graded_by","created_at","year_month") VALUES('grade-a90a3621','student-mtoq5wqb6','exam-march-3fb325cc',27,'고등으로 들어오면서 과학의 개념 자체의 난이도가 많이 상승했습니다. 따라서 개념을 확실하게 숙지하지 않으면 모든 문제들이 선택지 하나에 의해 정답이 갈릴 수 있습니다. 좀 더 개념을 확실하게 숙지할 수 있도록 수업 진행할 예정입니다.','2026-04-09 09:59:10','user-57ppx9v61','2026-04-09 09:59:10','2026-03');
INSERT INTO "grades" ("id","student_id","exam_id","score","comments","graded_at","graded_by","created_at","year_month") VALUES('grade-3e815d04','student-p3kgxnsyw','exam-march-3fb325cc',73,'시험대비 문제풀이와 오답정리에 집중하고 있습니다. 오답 정리를 통해 어떤 개념을 좀 더 확실하게 숙지해야 되는지 체크하면서 수업 진행할 예정입니다.','2026-04-09 09:59:10','user-57ppx9v61','2026-04-09 09:59:10','2026-03');
INSERT INTO "grades" ("id","student_id","exam_id","score","comments","graded_at","graded_by","created_at","year_month") VALUES('grade-1be188a0','student-nb8y8m656','exam-march-3fb325cc',53,'화학양론과 양적관계에서 나오는 고난이도 추론문제 위주로 출제하였습니다. 추론문제의 정답률이 다소 낮게 형성되었기 때문에 추론문제 풀이 연습에 좀 더 시간을 많이 투자할 예정입니다.','2026-04-09 09:59:10','user-57ppx9v61','2026-04-09 09:59:10','2026-03');
INSERT INTO "grades" ("id","student_id","exam_id","score","comments","graded_at","graded_by","created_at","year_month") VALUES('grade-7aec8415','student-yxu4r4ae9','exam-march-3fb325cc',93,'시험대비 문제풀이와 오답정리에 집중하고 있습니다. 오답 정리를 통해 어떤 개념을 좀 더 확실하게 숙지해야 되는지 체크하면서 수업 진행할 예정입니다.','2026-04-09 09:59:10','user-57ppx9v61','2026-04-09 09:59:10','2026-03');
INSERT INTO "grades" ("id","student_id","exam_id","score","comments","graded_at","graded_by","created_at","year_month") VALUES('grade-38e72f0d','student-7gioy6c0x','exam-march-3fb325cc',53,'생명체의 중심이론과 DNA복제에 대해서 진도 나가고 있습니다. 개념이 다소 어렵지만 방학 중 한번 다루었던 내용들이기 때문에 잘 따라오고 있습니다.','2026-04-09 09:59:10','user-57ppx9v61','2026-04-09 09:59:10','2026-03');
INSERT INTO "grades" ("id","student_id","exam_id","score","comments","graded_at","graded_by","created_at","year_month") VALUES('grade-97f54ecf','student-m154cgywx','exam-march-3fb325cc',40,'자료해석 문제와 추론문제에서 오답이 주로 나왔습니다. 좀 더 다양한 문제들을 풀고 여러 유형들에 대처할 수 있도록 수업 진행할 예정입니다.','2026-04-09 09:59:10','user-57ppx9v61','2026-04-09 09:59:10','2026-03');
INSERT INTO "grades" ("id","student_id","exam_id","score","comments","graded_at","graded_by","created_at","year_month") VALUES('grade-568dbc87','student-tdx0c9nmo','exam-march-3fb325cc',87,'지층 단원 마무리 하고 빛의 성질에 대해서 진도 나가고 있습니다. 다시 복습하면서 승윤이가 좀 더 탄탄하게 개념 숙지할 수 있도록 수업 진행하겠습니다.','2026-04-09 09:59:10','user-57ppx9v61','2026-04-09 09:59:10','2026-03');
INSERT INTO "grades" ("id","student_id","exam_id","score","comments","graded_at","graded_by","created_at","year_month") VALUES('grade-c56d3621','student-enwewi2vj','exam-march-3fb325cc',53,'시험대비 문제풀이와 오답정리에 집중하고 있습니다. 오답 정리를 통해 어떤 개념을 좀 더 확실하게 숙지해야 되는지 체크하면서 수업 진행할 예정입니다.','2026-04-09 09:59:10','user-57ppx9v61','2026-04-09 09:59:10','2026-03');
INSERT INTO "grades" ("id","student_id","exam_id","score","comments","graded_at","graded_by","created_at","year_month") VALUES('grade-6cabdea4','student-6cxbm886s','exam-march-3fb325cc',33,'고등으로 들어오면서 과학의 개념 자체의 난이도가 많이 상승했습니다. 따라서 개념을 확실하게 숙지하지 않으면 모든 문제들이 선택지 하나에 의해 정답이 갈릴 수 있습니다. 좀 더 개념을 확실하게 숙지할 수 있도록 수업 진행할 예정입니다.','2026-04-09 09:59:10','user-57ppx9v61','2026-04-09 09:59:10','2026-03');
INSERT INTO "grades" ("id","student_id","exam_id","score","comments","graded_at","graded_by","created_at","year_month") VALUES('grade-d2c73959','student-ap2p40lx7','exam-march-3fb325cc',20,'고등으로 들어오면서 과학의 개념 자체의 난이도가 많이 상승했습니다. 따라서 개념을 확실하게 숙지하지 않으면 모든 문제들이 선택지 하나에 의해 정답이 갈릴 수 있습니다. 좀 더 개념을 확실하게 숙지할 수 있도록 수업 진행할 예정입니다.','2026-04-09 09:59:10','user-57ppx9v61','2026-04-09 09:59:10','2026-03');
INSERT INTO "grades" ("id","student_id","exam_id","score","comments","graded_at","graded_by","created_at","year_month") VALUES('grade-c0a15f52','student-j59157jnh','exam-march-3fb325cc',93,'물체의 운동 단원 마무리 하고 식물과 현미경 진도 나갈 예정입니다. 이번 단원도 태현이가 잘 이해하고 넘어갈 수 있도록 수업 진행 하겠습니다.','2026-04-09 09:59:10','user-57ppx9v61','2026-04-09 09:59:10','2026-03');
INSERT INTO "grades" ("id","student_id","exam_id","score","comments","graded_at","graded_by","created_at","year_month") VALUES('grade-35189a70','student-a7wi0zma6','exam-march-3fb325cc',60,'시험대비 문제풀이와 오답정리에 집중하고 있습니다. 오답 정리를 통해 어떤 개념을 좀 더 확실하게 숙지해야 되는지 체크하면서 수업 진행할 예정입니다.','2026-04-09 09:59:10','user-57ppx9v61','2026-04-09 09:59:10','2026-03');
INSERT INTO "grades" ("id","student_id","exam_id","score","comments","graded_at","graded_by","created_at","year_month") VALUES('grade-561c7efc','student-0spi35f7j','exam-march-7bd10c98',40,'화학은 화학양론과 양적관계에서 나오는 고난이도 추론문제 위주로 출제하였습니다. 추론문제의 정답률이 다소 낮게 형성되었기 때문에 추론문제 풀이 연습에 좀 더 시간을 많이 투자할 예정입니다.','2026-04-09 09:59:10','user-57ppx9v61','2026-04-09 09:59:10','2026-03');
INSERT INTO "grades" ("id","student_id","exam_id","score","comments","graded_at","graded_by","created_at","year_month") VALUES('grade-ed02a1e1','student-0spi35f7j','exam-march-6794c68f',80,'생명과학은 자료해석 문제와 추론문제에서 오답이 주로 나왔습니다. 좀 더 다양한 문제들을 풀고 여러 유형에 대처할 수 있도록 수업 진행할 예정입니다.','2026-04-09 09:59:10','user-57ppx9v61','2026-04-09 09:59:10','2026-03');
INSERT INTO "grades" ("id","student_id","exam_id","score","comments","graded_at","graded_by","created_at","year_month") VALUES('grade-8fd4dbac','student-p3kgxnsyw','exam-march-ca534978',53,' 예지는 기본개념문제풀이는 실수가 적은 편이나 복수정답 유형의 문제나 심화문제풀이 특히, 지도문제에 실수가 있어서 앞으로의 수업을 통해서 이러한 부족한 부분을 채울 수 있도록 수업을 진행할 예정입니다. ','2026-04-09 09:59:10','user-57ppx9v61','2026-04-09 09:59:10','2026-03');
INSERT INTO "grades" ("id","student_id","exam_id","score","comments","graded_at","graded_by","created_at","year_month") VALUES('grade-23cd1869','student-i7k4uy8ml','exam-march-ca534978',80,'기본개념문제풀이는 실수가 적은 편이나 복수정답 유형의 문제나 심화 문제에는 실수가 있습니다. 중간고사 때는 한국사 시험이 미실시되지만 기말고사 준비를 수업시간마다 조금씩 진행해서 기말고사 준비를 잘 할 수 있도록 수업을 진행할 예정입니다. ','2026-04-09 09:59:10','user-57ppx9v61','2026-04-09 09:59:10','2026-03');
INSERT INTO "grades" ("id","student_id","exam_id","score","comments","graded_at","graded_by","created_at","year_month") VALUES('grade-c66c8d8f','student-wfade2mly','exam-17c94e85',45,'test 학생의 4월 수학 월말평가 결과','2026-04-09T16:08:00.404Z','user-57ppx9v61','2026-04-09T14:21:38.302Z','2026-04');
INSERT INTO "grades" ("id","student_id","exam_id","score","comments","graded_at","graded_by","created_at","year_month") VALUES('grade-334bd8ef','student-wfade2mly','exam-b8473539',45,'나는 모른다','2026-04-09T15:12:43.635Z','user-57ppx9v61','2026-04-09T14:21:38.442Z','2026-04');
INSERT INTO "grades" ("id","student_id","exam_id","score","comments","graded_at","graded_by","created_at","year_month") VALUES('grade-7f359c0f','student-5645a3fs4','exam-17c94e85',90,replace('이번 정기고사에서는 90점을 받았습니다. 객관식및 서술형으로 문제를 구성을 헀는데 서술형 1문제 객관식 1문제를 틀렸습니다. \n가끔 집중력을 읽고, 이야기를 할려고 하지만 그것말고는 괜찮습니다. 센스와 머리가 좋은 학생입니다. 정의 문제와 풀이가 어려운 한문제씩 틀렸고, 정의도 슬쩍 문제를 몇 번 풀리면 이해를 할 것 같고, 고난이도 문제를 많이 풀어보게 하면서 실수를 유도를 하면서 혼자서 생각을 해보도록 지도를 하겠습니다','\n',char(10)),'2026-04-21T08:36:05.578Z','user-57ppx9v61','2026-04-09T14:57:30.740Z','2026-04');
INSERT INTO "grades" ("id","student_id","exam_id","score","comments","graded_at","graded_by","created_at","year_month") VALUES('grade-0d426ccf','student-wfade2mly','exam-march-2f177042',85,'탁월한 학습 태도','2026-04-10T15:44:38.019Z','user-57ppx9v61','2026-04-09T17:48:17.212Z','2026-03');
INSERT INTO "grades" ("id","student_id","exam_id","score","comments","graded_at","graded_by","created_at","year_month") VALUES('grade-15ff6176','student-wfade2mly','exam-march-25767a87',67,'웬수야 웬수야','2026-04-10T07:03:46.854Z','user-57ppx9v61','2026-04-09T17:48:18.988Z','2026-03');
INSERT INTO "grades" ("id","student_id","exam_id","score","comments","graded_at","graded_by","created_at","year_month") VALUES('grade-cb6db93a','student-wfade2mly','exam-march-8fdb908d',23,'쌀숭이','2026-04-10T07:03:51.201Z','user-57ppx9v61','2026-04-09T18:31:44.191Z','2026-03');
INSERT INTO "grades" ("id","student_id","exam_id","score","comments","graded_at","graded_by","created_at","year_month") VALUES('grade-89372dc7','student-yxu4r4ae9','exam-march-2f177042',0,'이번 정기고사에는 국어 시험은 미실시하였습니다. 국어의 개념을 잘 이해하고 객관식 문제풀이에는 실수가 없는 편이지만, 서술형 문제나 객관식 문제중 복수정답 유형의 문제에는 실수가 있어서 앞으로 수업을 통해서 부족한 부분을 채울 수 있도록 수업을 진행할 예정입니다. ','2026-04-10T05:33:01.294Z','user-1fk6dqck6','2026-04-10T05:31:45.996Z','2026-03');
INSERT INTO "grades" ("id","student_id","exam_id","score","comments","graded_at","graded_by","created_at","year_month") VALUES('grade-9836b19f','student-fbcy3xfzp','exam-march-2f177042',80,'윤지후 학생의 3월 국어 월말평가 결과, 80점으로 양호한 수준을 보여주었습니다. 기본 개념을 묻는 문제에서는 정확하게 풀이하는 능력이 돋보였으나, 지문 분석을 통해 답을 도출해야 하는 문제에서 다소 아쉬운 실수가 발견되었습니다. 이러한 부분은 지문을 꼼꼼하게 읽고 핵심 내용을 파악하는 연습을 꾸준히 하면 충분히 개선될 수 있을 것으로 기대됩니다. 곧 다가올 중간고사를 대비하며, 이번 달에 부족했던 지문 분석 능력을 집중적으로 보완하는 학습을 진행할 예정입니다. 앞으로 꾸준한 노력과 함께라면 더욱 향상된 성취를 보여줄 것이라 확신합니다.','2026-04-10T06:15:40.019Z','user-1fk6dqck6','2026-04-10T06:11:21.556Z','2026-03');
INSERT INTO "grades" ("id","student_id","exam_id","score","comments","graded_at","graded_by","created_at","year_month") VALUES('grade-296e06ca','student-8p9l1h85l','exam-march-2f177042',70,'기본개념문제풀이에는 실수가 적은 편이지만 현재 문제를 꼼꼼하게 읽지 않아서 아는 문제도 실수를 하고 있습니다. 앞으로 다양한 유형의 문제풀이과 심화 및 서술형 문제풀이를 통해서 문제를 꼼꼼하게 분석하고 공부할 수 있도록 수업을 진행할 예정입니다. ','2026-04-10T06:21:42.263Z','user-1fk6dqck6','2026-04-10T06:16:21.073Z','2026-03');
INSERT INTO "grades" ("id","student_id","exam_id","score","comments","graded_at","graded_by","created_at","year_month") VALUES('grade-483dbcaf','student-8p9l1h85l','exam-march-ca534978',45,'세계사의 개념을 많이 어려워하고 이해가 되는데 시간이 많이 필요한 상황입니다. 현재 진도는 95% 진행된 상태이고 앞으로 개념문제풀이를 시작으로 다양한 유형의 문제풀이고 중간고사를 대비할 예정입니다. ','2026-04-10T06:21:48.210Z','user-1fk6dqck6','2026-04-10T06:17:48.203Z','2026-03');
INSERT INTO "grades" ("id","student_id","exam_id","score","comments","graded_at","graded_by","created_at","year_month") VALUES('grade-1cb3fea3','student-ap2p40lx7','exam-march-2f177042',74,'고등유형의 문제풀이에 적응하고 있습니다. 개념문제에는 실수가 적지만, 복수정답문제나 지문을 세부적으로 분석해서 문제를 풀어야 하는 문제에 실수가 많이 있습니다. 앞으로의 수업을 통해서 이러한 부족한 부분을 채우면서 중간고사를 준비할 예정입니다. ','2026-04-10T06:28:02.800Z','user-1fk6dqck6','2026-04-10T06:25:48.309Z','2026-03');
INSERT INTO "grades" ("id","student_id","exam_id","score","comments","graded_at","graded_by","created_at","year_month") VALUES('grade-8cf42885','student-ap2p40lx7','exam-march-ca534978',67,'고등한국사 개념은 중학교 때 배우지 않는 단원이라 많이 어려워 하지만 앞으로의 수업을 통해서 이러한 부분을 채워나가면서 수업을 진행할 예정입니다. ','2026-04-10T06:28:58.688Z','user-1fk6dqck6','2026-04-10T06:25:53.476Z','2026-03');
INSERT INTO "grades" ("id","student_id","exam_id","score","comments","graded_at","graded_by","created_at","year_month") VALUES('grade-f1dbc592','student-ap2p40lx7','exam-march-social01',67,'통합사회 개념이 많이 어렵고 문제가 복수정답 유형의 문제가 많이 출제가 됩니다. 개념공부와 함께 다양한 유형의 문제풀이를 통해서 중간고사 준비를 진행할 예정입니다. ','2026-04-10T06:46:51.963Z','user-1fk6dqck6','2026-04-10T06:45:45.163Z','2026-03');
INSERT INTO "grades" ("id","student_id","exam_id","score","comments","graded_at","graded_by","created_at","year_month") VALUES('grade-2f37430d','student-tx3blu2og','exam-march-2f177042',73,'기본개념문제 풀이는 잘 진행하나 지문을 상세하게 분학하는 문제나 복수정답 유형의 문제풀이시 실수가 있습니다. 앞으로 수업에서 다양한 문제풀이를 통해서 부족한 부분을 채우면서 중간고사를 준비할 예정입니다. ','2026-04-10T06:51:48.619Z','user-1fk6dqck6','2026-04-10T06:50:49.517Z','2026-03');
INSERT INTO "grades" ("id","student_id","exam_id","score","comments","graded_at","graded_by","created_at","year_month") VALUES('grade-1b1c9955','student-3mzmc3kin','exam-march-2f177042',74,'기본개념문제 풀이는 잘 진행하나 지문을 상세하게 분학하는 문제나 복수정답 유형의 문제풀이시 실수가 있습니다. 앞으로 수업에서 개념을 더 꼼꼼하게 공부하고 다양한 문제풀이를 통해서 부족한 부분을 채우면서 중간고사를 준비할 예정입니다. ','2026-04-10T06:55:11.693Z','user-1fk6dqck6','2026-04-10T06:54:21.766Z','2026-03');
INSERT INTO "grades" ("id","student_id","exam_id","score","comments","graded_at","graded_by","created_at","year_month") VALUES('grade-dd779fb2','student-wfade2mly','exam-49a229b2',85,'중간고사 E2E 테스트','2026-04-11T13:27:59.970Z','user-57ppx9v61','2026-04-11T13:27:59.970Z','2025-10');
INSERT INTO "grades" ("id","student_id","exam_id","score","comments","graded_at","graded_by","created_at","year_month") VALUES('grade-87bfac01','student-wfade2mly','exam-04549c4b',85,'중간고사 E2E 테스트','2026-04-11T13:28:25.574Z','user-57ppx9v61','2026-04-11T13:28:25.574Z','2025-10');
INSERT INTO "grades" ("id","student_id","exam_id","score","comments","graded_at","graded_by","created_at","year_month") VALUES('grade-7c8d6c83','student-ni7f87smv','exam-e964ba0f',95,NULL,'2026-04-21T06:47:52.503Z','user-57ppx9v61','2026-04-12T05:13:03.139Z','2025-10');
INSERT INTO "grades" ("id","student_id","exam_id","score","comments","graded_at","graded_by","created_at","year_month") VALUES('grd-cy-0301','stu-cy-01','exam-cy-0326',72,'탐험하듯 문제를 풀지만 계산 실수가 잦음. 집중력 훈련 필요','2026-03-27','user-canyon-t1','2026-03-27','2026-03');
INSERT INTO "grades" ("id","student_id","exam_id","score","comments","graded_at","graded_by","created_at","year_month") VALUES('grd-cy-0302','stu-cy-02','exam-cy-0326',94,'빛나는 성적. 심화문제도 정확하게 풀어냄','2026-03-27','user-canyon-t1','2026-03-27','2026-03');
INSERT INTO "grades" ("id","student_id","exam_id","score","comments","graded_at","graded_by","created_at","year_month") VALUES('grd-cy-0303','stu-cy-03','exam-cy-0326',58,'재능은 있으나 결석과 지각이 잦아 진도가 밀림. 바람처럼 왔다 감','2026-03-27','user-canyon-t1','2026-03-27','2026-03');
INSERT INTO "grades" ("id","student_id","exam_id","score","comments","graded_at","graded_by","created_at","year_month") VALUES('grd-cy-0304','stu-cy-04','exam-cy-0326',89,'매력적인 풀이과정. 응용력이 뛰어남','2026-03-27','user-canyon-t1','2026-03-27','2026-03');
INSERT INTO "grades" ("id","student_id","exam_id","score","comments","graded_at","graded_by","created_at","year_month") VALUES('grd-cy-0305','stu-cy-05','exam-cy-0326',81,'파괴적인 속도로 풀지만 서술형에서 감점. 풀이를 좀 더 차분하게','2026-03-27','user-canyon-t1','2026-03-27','2026-03');
INSERT INTO "grades" ("id","student_id","exam_id","score","comments","graded_at","graded_by","created_at","year_month") VALUES('grd-cy-0306','stu-cy-07','exam-cy-0326',96,'완벽에 가까운 답안. 칼날같은 정확도','2026-03-27','user-canyon-t1','2026-03-27','2026-03');
INSERT INTO "grades" ("id","student_id","exam_id","score","comments","graded_at","graded_by","created_at","year_month") VALUES('grd-cy-0307','stu-cy-08','exam-cy-0326',85,'시간이 부족했다며 아쉬워함. 시간관리 연습 필요','2026-03-27','user-canyon-t1','2026-03-27','2026-03');
INSERT INTO "grades" ("id","student_id","exam_id","score","comments","graded_at","graded_by","created_at","year_month") VALUES('grd-cy-0308','stu-cy-02','exam-cy-0327',97,'문법과 독해 모두 완벽. 빛의 속도로 풀어냄','2026-03-28','user-canyon-t2','2026-03-28','2026-03');
INSERT INTO "grades" ("id","student_id","exam_id","score","comments","graded_at","graded_by","created_at","year_month") VALUES('grd-cy-0309','stu-cy-04','exam-cy-0327',91,'매혹적인 영작문 실력. 어휘력 우수','2026-03-28','user-canyon-t2','2026-03-28','2026-03');
INSERT INTO "grades" ("id","student_id","exam_id","score","comments","graded_at","graded_by","created_at","year_month") VALUES('grd-cy-0310','stu-cy-06','exam-cy-0327',88,'칼처럼 정확한 문법. 독해 속도 향상 중','2026-03-28','user-canyon-t2','2026-03-28','2026-03');
INSERT INTO "grades" ("id","student_id","exam_id","score","comments","graded_at","graded_by","created_at","year_month") VALUES('grd-cy-0311','stu-cy-07','exam-cy-0327',93,'영어도 수학처럼 정확함. 흠잡을 데 없음','2026-03-28','user-canyon-t2','2026-03-28','2026-03');
INSERT INTO "grades" ("id","student_id","exam_id","score","comments","graded_at","graded_by","created_at","year_month") VALUES('grade-8b06e991','stu-cy-02','exam-cy-0410',85,'방정식 기초가 많이 개선되었습니다. 연립방정식으로 넘어가도 좋을 것 같습니다.','2026-04-13T09:28:12.525Z','user-canyon-t1','2026-04-13T06:06:27.286Z','2026-04');
INSERT INTO "grades" ("id","student_id","exam_id","score","comments","graded_at","graded_by","created_at","year_month") VALUES('grade-2d8d108b','student-vosetxjdm','exam-e964ba0f',33,'이번 정기고사에서는 33점을 받았습니다. 기본문제와 응용문제를 냈습니다. 문제를 살짝 변형을 해도 어려워하고 있습니다. 그래서 기존의 RPM 교재를 변경을 하고, 제가 자체 제작하는 수능준비 교재로 수업을 하고자 합니다. 기존의 교재에서는 못 다루는  이전의 선행개념이나 팁 같은것들을 주고, 충분히 연습이 가능하는 교재로 만들고 있습니다. 당연히 수업중에 어렵다고 하는 문제들은 자세히 설명을 하고, 이거에 대해서 혼자서 풀어 볼 수 있도록 유인물도 같이 제공을 해주고 있습니다. 학교 내신도 없다보니 수능준비를 할 수 있도록 준비를 하겠습니다.','2026-04-16T09:28:03.990Z','user-57ppx9v61','2026-04-16T09:00:58.064Z','2025-10');
INSERT INTO "grades" ("id","student_id","exam_id","score","comments","graded_at","graded_by","created_at","year_month") VALUES('grade-50fc7c56','stu-cy-02','exam-cy-0411',11,'ㅇㅇ','2026-04-17T05:12:27.762Z','user-canyon-t2','2026-04-17T05:12:09.505Z','2026-04');
INSERT INTO "grades" ("id","student_id","exam_id","score","comments","graded_at","graded_by","created_at","year_month") VALUES('grade-f0bbf95c','student-mtoq5wqb6','exam-e964ba0f',0,NULL,'2026-04-21T06:52:03.474Z','user-57ppx9v61','2026-04-21T06:09:05.775Z','2025-10');
INSERT INTO "grades" ("id","student_id","exam_id","score","comments","graded_at","graded_by","created_at","year_month") VALUES('grade-c32f0294','student-s54ihowlx','exam-e964ba0f',0,'4월 정기고사에서는 37점을 받았습니다. 학사일정이나 이러한 부분들로 학교에서 수학 수업을 느리게 나가서 진도가 느린 편입니다. 문제 자체는 잘 푸는 편입니다. 문제안에 수학적인 정의를 묻는 문제에 대해서는 어려워하는게 보입니다. 기존의 수업에서는 다각적으로 사고를 할 수 있는 문제보다는 기출이나 그러한 문제를 많이 풀고 있습니다. 중간고사를 치지 않지만, 그래도 나중에 기말고사나 수능같은 시험을 대비를 하기 위해서 정의를 확실히 암기 및 이해를 할 수있게하고, 서술형 적는 연습도 준비를 하고자 합니다. 확률과 통계의 경우의 수를 어려워해서 제가 따로 학생의 눈높이에 맞춰서 교재로 수업을 하고자 합니다. 앞으로 학생이 어려워하는 부분에 대해서는 제가 따로 자료 및 교재를 준비를 해서 수업을 할 생각입니다. 감사합니다','2026-04-21T06:33:47.763Z','user-57ppx9v61','2026-04-21T06:23:41.251Z','2025-10');
INSERT INTO "grades" ("id","student_id","exam_id","score","comments","graded_at","graded_by","created_at","year_month") VALUES('grade-c0a89d5b','student-6cxbm886s','exam-e964ba0f',34,'이번 정기고사에서는 34점을 받았습니다. 시험지가 깔끔하다보니 찍어서 맞춘게 많은 것 같습니다. 실제로 푼 문제는 4문제 정도로 보입니다. 매번 학원안에서 휴대폰을 하다가 걸리는 경우가 많습니다. 학생이 어려워하는 다항식의 나눗셈과 이차방정식에 대해서 조금더 시험 대비용으로 볼려고 합니다. 학생이 다른 공부할것도 많고 하다보니 조금 무리하게 수학을 하게 보다는 조금은 여유롭게 할려고 합니다. 저는 학생별로 맞춤형 교재를 제작을 해주고 있습니다. 중간고사 끝나자말자 빠르게 기말고사 대비용 진도를 나가면서 ','2026-04-21T06:51:05.018Z','user-57ppx9v61','2026-04-21T06:37:16.920Z','2025-10');
INSERT INTO "grades" ("id","student_id","exam_id","score","comments","graded_at","graded_by","created_at","year_month") VALUES('grade-ddb024a1','student-6cxbm886s','exam-april-math',34,'이번 정기고사에서는 34점을 받았습니다. 시험지가 깔끔하다보니 찍어서 맞춘게 많은 것 같습니다. 실제로 푼 문제는 4문제 정도로 보입니다. 매번 학원안에서 휴대폰을 하다가 걸리는 경우가 많습니다. 학생이 어려워하는 다항식의 나눗셈과 이차방정식에 대해서 조금더 시험 대비용으로 볼려고 합니다. 학생이 다른 공부할것도 많고 하다보니 조금 무리하게 수학을 하게 보다는 조금은 여유롭게 할려고 합니다. 저는 학생별로 맞춤형 교재를 제작을 해주고 있습니다. 중간고사 끝나자말자 빠르게 기말고사 대비용 진도를 나가면서 학기중에 시험대비를 2번을하고 중간에 남는 기간에 학생이 어려워하는 부분을 집중적으로 수업을 하고자 합니다.','2026-04-21T06:52:43.794Z','user-57ppx9v61','2026-04-21T06:51:31.781Z','2026-04');
INSERT INTO "grades" ("id","student_id","exam_id","score","comments","graded_at","graded_by","created_at","year_month") VALUES('grade-d4b09e21','student-mtoq5wqb6','exam-april-math',50,'이번 정기고사에서는 50점을 받았습니다. 이번 정기고사에서는 객관식50+주관식5로 총 20문제를 구성을 했습니다. 저번보다 공부를 많이 하고 있습니다. 저번달에는 16점인데 34점이 올랐습니다. 서술형을 제외하고 보면 4문제를 틀렸습니다. 어려운 문제를 풀기 보다는 쉬운 문제를 풀게 하면서 기본점수는 챙길 수 있도록 진행을 했고, 어느정도 성과가 있는 것 같습니다. 틀린문제도 따지고 보면 실수가 있는 한 문제 그리고, 이차함수 내용을 2문제 정도 틀렸습니다. 이거는 최근에 배운거고 해서 아직 완전히 이해가 되지 않은 모습입니다. 괜히 무리하게 서술형을 대비를 하기 보다는 기본문제와 응용문제를 주로 볼 예정입니다. 시간이 및 학생이 이해가 잘 된다고 하면 서술형이나 고난이도 문제로 볼 생각입니다. 그리고 수학 수행평가를 준비를 하고 있습니다. 수행평가는 수업중 발표하기입니다. 그래서 발표 대본과 판서를 할 수 있도록 제가 자료를 제작해서 준 상태이고, 학원안에서도 실제로 연습을 해보고, 개인 공부시간에 외울 수 있도록 지도를 할 생각입니다. 감사합니다.','2026-04-21T06:51:57.367Z','user-57ppx9v61','2026-04-21T06:51:55.002Z','2026-04');
INSERT INTO "grades" ("id","student_id","exam_id","score","comments","graded_at","graded_by","created_at","year_month") VALUES('grade-60e12aa0','student-7gioy6c0x','exam-april-math',56,'이번 정기고사에서는 56점을 받았습니다. 이번시험에서는 객관식 및 서술형을 동시에 해서 시간적인 압박이 있었는데도 불구하고 잘 풀었습니다. 실수가 없었다면 10점정도 올라갔을 것으로 보입니다. 기본개념을 풀이를 잘하고 있고, IB 교재 특성상 다른 학교들처럼 어렵게 내지는 않을 것으로 보입니다. 그렇다보니 기본문제를 안 틀리게 문제나 숙제를 할 생각입니다. IB 교재는 시중에 교재가 없어서 제가 내용 분석해서 자체제작한 교재를 바탕으로 수업과 과제가 나가고 있습니다. 학생도 잘 하고 있어서, 서술형 평가를 준비를 할 생각입니다','2026-04-21T07:29:34.636Z','user-57ppx9v61','2026-04-21T07:14:29.050Z','2026-04');
INSERT INTO "grades" ("id","student_id","exam_id","score","comments","graded_at","graded_by","created_at","year_month") VALUES('grade-35ee875a','student-7gioy6c0x','exam-april-korean',0,NULL,'2026-04-21T07:14:49.431Z','user-57ppx9v61','2026-04-21T07:14:33.259Z','2026-04');
INSERT INTO "grades" ("id","student_id","exam_id","score","comments","graded_at","graded_by","created_at","year_month") VALUES('grade-a3c9f111','student-9bsetl4ct','exam-april-math',88,'이번 정기고사는 88점입니다. 이번 시험은 주관식과 객관식이 합쳐서 문제를 만들었는데, 객관식은 다 맞췄습니다. 주관식은 2문제를 틀렸습니다. 꼼꼼하고, 생각을 오래하는 타입이다 보니 좋은 점수가 나온 것 같습니다. 보완해야 될 부분은 최소공배수와 최대공약수가 이해는 하는데 문제 풀이를 조금더 하고자 합니다. 실제로 최대공약수와 최소공배수 서술형 문제만 더 공부를 하면 확실히 좋은 점수를 받을 수 있을것 같습니다. 기존의 문제에 대해서 표나 그림으로 더 표현하면서 문제를 풀면 더 좋은 점수가 나올 것 같습니다. 평소 수업중에 계산을 어려워하는데 숙제를 계산 위주의 문제를 만들어서 숙제를 하게 하고 있습니다.','2026-04-21T08:44:58.166Z','user-57ppx9v61','2026-04-21T08:38:02.746Z','2026-04');
CREATE TABLE study_units (
  id TEXT PRIMARY KEY,
  academy_id TEXT NOT NULL,
  textbook TEXT NOT NULL,
  name TEXT NOT NULL,
  kind TEXT NOT NULL DEFAULT 'unit',
  order_idx INTEGER NOT NULL DEFAULT 0,
  created_by TEXT,
  created_at TEXT NOT NULL DEFAULT (datetime('now'))
);
INSERT INTO "study_units" ("id","academy_id","textbook","name","kind","order_idx","created_by","created_at") VALUES('su-99587dfe406b','acad-1','공통수학1','[항등식과 나머지정리] 항등식과 미정계수법 계수비교 또는 수치대입','type',0,'user-57ppx9v61','2026-04-17 10:47:51');
INSERT INTO "study_units" ("id","academy_id","textbook","name","kind","order_idx","created_by","created_at") VALUES('su-153ae569689b','acad-1','공통수학1','[항등식과 나머지정리] 나머지정리 활용 𝑓(𝑎)를 계산하면 나머지','type',1,'user-57ppx9v61','2026-04-17 10:47:51');
INSERT INTO "study_units" ("id","academy_id","textbook","name","kind","order_idx","created_by","created_at") VALUES('su-c3708fd9bcf2','acad-1','공통수학1','[항등식과 나머지정리] 이차식으로 나눈 나머지 나머지를 𝑎𝑥+𝑏로 놓고 연립','type',2,'user-57ppx9v61','2026-04-17 10:47:51');
INSERT INTO "study_units" ("id","academy_id","textbook","name","kind","order_idx","created_by","created_at") VALUES('su-69f2ffa34bed','acad-1','공통수학1','[인수분해] 공식을 이용한 인수분해 세제곱 공식 활용','type',3,'user-57ppx9v61','2026-04-17 10:47:51');
INSERT INTO "study_units" ("id","academy_id","textbook","name","kind","order_idx","created_by","created_at") VALUES('su-4b4d0f78c472','acad-1','공통수학1','[인수분해] 치환을 이용한 인수분해 공통부분을 t로 치환','type',4,'user-57ppx9v61','2026-04-17 10:47:51');
INSERT INTO "study_units" ("id","academy_id","textbook","name","kind","order_idx","created_by","created_at") VALUES('su-accd8f185702','acad-1','공통수학1','[인수분해] 두 문자 이상의 인수분해 차수가 낮은 문자로 정리','type',5,'user-57ppx9v61','2026-04-17 10:47:51');
INSERT INTO "study_units" ("id","academy_id","textbook","name","kind","order_idx","created_by","created_at") VALUES('su-c39e43499009','acad-1','공통수학1','[복소수] 복소수가 서로 같을 조건 실수부끼리, 허수부끼리 같다 → 연립방정식','type',6,'user-57ppx9v61','2026-04-17 10:47:51');
INSERT INTO "study_units" ("id","academy_id","textbook","name","kind","order_idx","created_by","created_at") VALUES('su-c6c673a8f54f','acad-1','공통수학1','[복소수] 켤레복소수의 성질 활용 𝑧⋅𝑧와 𝑧+𝑧 계산','type',7,'user-57ppx9v61','2026-04-17 10:47:51');
INSERT INTO "study_units" ("id","academy_id","textbook","name","kind","order_idx","created_by","created_at") VALUES('su-4245b4555101','acad-1','공통수학1','[복소수] 𝑖의 거듭제곱 주기 4를 이용해서 묶는다','type',8,'user-57ppx9v61','2026-04-17 10:47:51');
INSERT INTO "study_units" ("id","academy_id","textbook","name","kind","order_idx","created_by","created_at") VALUES('su-a53c6394451a','acad-1','공통수학1','[이차방정식] 판별식으로 근의 판별 D의 부호로 근의 종류 결정','type',9,'user-57ppx9v61','2026-04-17 10:47:51');
INSERT INTO "study_units" ("id","academy_id","textbook","name","kind","order_idx","created_by","created_at") VALUES('su-3e4d983604cc','acad-1','공통수학1','[이차방정식] 근과 계수의 관계 활용 𝛼+𝛽와 𝛼𝛽로 다른 식의 값 구하기','type',10,'user-57ppx9v61','2026-04-17 10:47:51');
INSERT INTO "study_units" ("id","academy_id","textbook","name","kind","order_idx","created_by","created_at") VALUES('su-efbf7f57c868','acad-1','공통수학1','[이차방정식] 이차방정식의 작성 (근의 변환) 기존 근에서 새 근으로 변환','type',11,'user-57ppx9v61','2026-04-17 10:47:51');
INSERT INTO "study_units" ("id","academy_id","textbook","name","kind","order_idx","created_by","created_at") VALUES('su-1218ed901709','acad-1','공통수학1','[이차방정식과 이차함수] 이차함수의 그래프와 x축 판별식으로 교점 판단','type',12,'user-57ppx9v61','2026-04-17 10:47:51');
INSERT INTO "study_units" ("id","academy_id","textbook","name","kind","order_idx","created_by","created_at") VALUES('su-2bf7596fc2e8','acad-1','공통수학1','[이차방정식과 이차함수] a, b, c의 부호 판별 그래프의 특성에서 부호 판단','type',13,'user-57ppx9v61','2026-04-17 10:47:51');
INSERT INTO "study_units" ("id","academy_id","textbook","name","kind","order_idx","created_by","created_at") VALUES('su-373fc4322559','acad-1','공통수학1','[이차방정식과 이차함수] 이차함수의 최대·최소 (전체) 완전제곱식으로 변환','type',14,'user-57ppx9v61','2026-04-17 10:47:51');
INSERT INTO "study_units" ("id","academy_id","textbook","name","kind","order_idx","created_by","created_at") VALUES('su-aa5424fba835','acad-1','공통수학1','[이차방정식과 이차함수] 제한된 범위에서 최대·최소 축과 범위의 관계 파악','type',15,'user-57ppx9v61','2026-04-17 10:47:51');
INSERT INTO "study_units" ("id","academy_id","textbook","name","kind","order_idx","created_by","created_at") VALUES('su-959b3781e095','acad-1','대수','[지수] 지수법칙 활용 밑 통일 후 지수 계산','type',0,'user-57ppx9v61','2026-04-17 10:47:51');
INSERT INTO "study_units" ("id","academy_id","textbook","name","kind","order_idx","created_by","created_at") VALUES('su-b03474088380','acad-1','대수','[지수] 식의 변환 𝑎𝑥+𝑎−𝑥 꼴','type',1,'user-57ppx9v61','2026-04-17 10:47:51');
INSERT INTO "study_units" ("id","academy_id","textbook","name","kind","order_idx","created_by","created_at") VALUES('su-b15a43011573','acad-1','대수','[지수] 대소 비교 지수 통일','type',2,'user-57ppx9v61','2026-04-17 10:47:51');
INSERT INTO "study_units" ("id","academy_id","textbook","name","kind","order_idx","created_by","created_at") VALUES('su-7ca0b3ad58f3','acad-1','대수','[로그] 로그 계산 (법칙 적용) 덧셈·뺄셈을 곱·나눗셈으로 변환','type',3,'user-57ppx9v61','2026-04-17 10:47:51');
INSERT INTO "study_units" ("id","academy_id","textbook","name","kind","order_idx","created_by","created_at") VALUES('su-93662f3dbb31','acad-1','대수','[로그] 밑 변환 공식 활용 밑이 다른 로그끼리 곱·나눗셈','type',4,'user-57ppx9v61','2026-04-17 10:47:51');
INSERT INTO "study_units" ("id","academy_id","textbook","name","kind","order_idx","created_by","created_at") VALUES('su-0b65c82ada9d','acad-1','대수','[로그] 로그를 포함한 식의 값 문자로 놓고 법칙으로 변환','type',5,'user-57ppx9v61','2026-04-17 10:47:51');
INSERT INTO "study_units" ("id","academy_id","textbook","name","kind","order_idx","created_by","created_at") VALUES('su-5ac3090ea0d1','acad-1','대수','[지수함수] 지수함수 그래프의 평행이동 점근선·𝑦절편 추적','type',6,'user-57ppx9v61','2026-04-17 10:47:51');
INSERT INTO "study_units" ("id","academy_id","textbook","name","kind","order_idx","created_by","created_at") VALUES('su-0b8b66879728','acad-1','대수','[지수함수] 지수방정식 — 치환형 𝑡=𝑎𝑥로 치환하여 이차방정식 풀기','type',7,'user-57ppx9v61','2026-04-17 10:47:51');
INSERT INTO "study_units" ("id","academy_id","textbook","name","kind","order_idx","created_by","created_at") VALUES('su-b7388e932ab2','acad-1','대수','[지수함수] 지수부등식 밑의 크기에 따라 부등호 방향 결정','type',8,'user-57ppx9v61','2026-04-17 10:47:51');
INSERT INTO "study_units" ("id","academy_id","textbook","name","kind","order_idx","created_by","created_at") VALUES('su-a5b8cdf85b03','acad-1','대수','[지수함수] 지수함수의 대소 비교 밑을 통일하여 비교','type',9,'user-57ppx9v61','2026-04-17 10:47:51');
INSERT INTO "study_units" ("id","academy_id","textbook","name","kind","order_idx","created_by","created_at") VALUES('su-49b61c6a9bf2','acad-1','대수','[로그함수] 로그함수 그래프 성질 정의역, 점근선, 절편을 한 번에','type',10,'user-57ppx9v61','2026-04-17 10:47:51');
INSERT INTO "study_units" ("id","academy_id","textbook","name","kind","order_idx","created_by","created_at") VALUES('su-f4c4b4644af2','acad-1','대수','[로그함수] 지수함수↔로그함수 관계 역함수 대칭을 이용한 좌표 변환','type',11,'user-57ppx9v61','2026-04-17 10:47:51');
INSERT INTO "study_units" ("id","academy_id","textbook","name","kind","order_idx","created_by","created_at") VALUES('su-4b9ffac5d0eb','acad-1','대수','[로그함수] 로그함수 대소비교 밑이 같은 경우와 다른 경우 구분','type',12,'user-57ppx9v61','2026-04-17 10:47:51');
INSERT INTO "study_units" ("id","academy_id","textbook","name","kind","order_idx","created_by","created_at") VALUES('su-0b7bde907f95','acad-1','대수','[로그함수] 로그함수 그래프에서 𝑎, 𝑏 부호 판단 그래프의 개형으로 밑과 상수 추론','type',13,'user-57ppx9v61','2026-04-17 10:47:51');
INSERT INTO "study_units" ("id","academy_id","textbook","name","kind","order_idx","created_by","created_at") VALUES('su-64eac052778e','acad-1','대수','[로그방정식과 로그부등식] 로그방정식 기본 한쪽 로그를 풀어 진수 구하기','type',14,'user-57ppx9v61','2026-04-17 10:47:51');
INSERT INTO "study_units" ("id","academy_id","textbook","name","kind","order_idx","created_by","created_at") VALUES('su-e6e05451f142','acad-1','대수','[로그방정식과 로그부등식] 양변 로그 양쪽 로그의 진수를 같다고 놓기','type',15,'user-57ppx9v61','2026-04-17 10:47:51');
INSERT INTO "study_units" ("id","academy_id","textbook","name","kind","order_idx","created_by","created_at") VALUES('su-8c2f24deb0b4','acad-1','대수','[로그방정식과 로그부등식] 로그부등식 밑의 크기에 따라 부등호 방향 결정','type',16,'user-57ppx9v61','2026-04-17 10:47:51');
INSERT INTO "study_units" ("id","academy_id","textbook","name","kind","order_idx","created_by","created_at") VALUES('su-d62dec59218f','acad-1','대수','[삼각함수] 호도법 변환 도수법과 라디안 상호 변환','type',17,'user-57ppx9v61','2026-04-17 10:47:51');
INSERT INTO "study_units" ("id","academy_id","textbook","name","kind","order_idx","created_by","created_at") VALUES('su-73e30c5dd704','acad-1','대수','[삼각함수] 삼각함수 값 구하기 한 삼각함수 값과 사분면으로 나머지 구하기','type',18,'user-57ppx9v61','2026-04-17 10:47:51');
INSERT INTO "study_units" ("id","academy_id","textbook","name","kind","order_idx","created_by","created_at") VALUES('su-aaa64929cf20','acad-1','대수','[삼각함수] 삼각함수 항등식 활용 sin𝜃+cos𝜃 값에서 sin𝜃cos𝜃 구하기','type',19,'user-57ppx9v61','2026-04-17 10:47:51');
INSERT INTO "study_units" ("id","academy_id","textbook","name","kind","order_idx","created_by","created_at") VALUES('su-c8ae145f0be9','acad-1','대수','[삼각함수의 그래프] 주기 · 진폭 구하기 그래프의 기본 성질 파악','type',20,'user-57ppx9v61','2026-04-17 10:47:51');
INSERT INTO "study_units" ("id","academy_id","textbook","name","kind","order_idx","created_by","created_at") VALUES('su-71ea0a4fe0d8','acad-1','대수','[삼각함수의 그래프] 삼각방정식 단위원에서 해 찾기','type',21,'user-57ppx9v61','2026-04-17 10:47:51');
INSERT INTO "study_units" ("id","academy_id","textbook","name","kind","order_idx","created_by","created_at") VALUES('su-e341c18a9e8f','acad-1','대수','[삼각함수의 그래프] 삼각부등식 단위원에서 범위 결정','type',22,'user-57ppx9v61','2026-04-17 10:47:51');
INSERT INTO "study_units" ("id","academy_id","textbook","name","kind","order_idx","created_by","created_at") VALUES('su-830b3140b8ec','acad-1','대수','[삼각함수의 그래프] 그래프에서 𝑎, 𝑏, 𝑐 결정 그래프 정보로 계수 역추적','type',23,'user-57ppx9v61','2026-04-17 10:47:51');
INSERT INTO "study_units" ("id","academy_id","textbook","name","kind","order_idx","created_by","created_at") VALUES('su-0636978567ec','acad-1','대수','[삼각함수의 활용] 사인법칙으로 변/각 구하기 사인법칙 적용 후 비례식으로 미지값 계산','type',24,'user-57ppx9v61','2026-04-17 10:47:51');
INSERT INTO "study_units" ("id","academy_id","textbook","name","kind","order_idx","created_by","created_at") VALUES('su-af1d054cb02e','acad-1','대수','[삼각함수의 활용] 코사인법칙으로 변 구하기 𝑎2=𝑏2+𝑐2−2𝑏𝑐cos𝐴에 대입','type',25,'user-57ppx9v61','2026-04-17 10:47:51');
INSERT INTO "study_units" ("id","academy_id","textbook","name","kind","order_idx","created_by","created_at") VALUES('su-b0bb87fc7b7c','acad-1','대수','[삼각함수의 활용] 삼각형의 넓이 두 변과 끼인각의 사인','type',26,'user-57ppx9v61','2026-04-17 10:47:51');
INSERT INTO "study_units" ("id","academy_id","textbook","name","kind","order_idx","created_by","created_at") VALUES('su-1a5fc0e840d3','acad-1','중1','[소인수분해] 소인수분해 하기 나눗셈으로 소인수분해하는 기본 유형','type',0,'user-57ppx9v61','2026-04-17 10:47:51');
INSERT INTO "study_units" ("id","academy_id","textbook","name","kind","order_idx","created_by","created_at") VALUES('su-9e9efdc42483','acad-1','중1','[소인수분해] 약수의 개수 구하기 소인수분해 후 공식 적용','type',1,'user-57ppx9v61','2026-04-17 10:47:51');
INSERT INTO "study_units" ("id","academy_id","textbook","name","kind","order_idx","created_by","created_at") VALUES('su-2abc0c78086f','acad-1','중1','[소인수분해] 약수의 합 구하기 공식을 정확히 적용하는 유형','type',2,'user-57ppx9v61','2026-04-17 10:47:51');
INSERT INTO "study_units" ("id","academy_id","textbook","name","kind","order_idx","created_by","created_at") VALUES('su-fcca5c6d1bf4','acad-1','중1','[소인수분해] 완전제곱수 만들기 지수를 짝수로 맞추는 유형','type',3,'user-57ppx9v61','2026-04-17 10:47:51');
INSERT INTO "study_units" ("id","academy_id","textbook","name","kind","order_idx","created_by","created_at") VALUES('su-dcb34f6206c9','acad-1','중1','[최대공약수와 최소공배수] 소인수분해로 GCD 구하기 가장 기본적인 최대공약수 유형','type',4,'user-57ppx9v61','2026-04-17 10:47:51');
INSERT INTO "study_units" ("id","academy_id","textbook","name","kind","order_idx","created_by","created_at") VALUES('su-6899b86caefd','acad-1','중1','[최대공약수와 최소공배수] 소인수분해로 LCM 구하기 가장 기본적인 최소공배수 유형','type',5,'user-57ppx9v61','2026-04-17 10:47:51');
INSERT INTO "study_units" ("id","academy_id","textbook","name","kind","order_idx","created_by","created_at") VALUES('su-5ca83f29276b','acad-1','중1','[최대공약수와 최소공배수] GCD 활용 — 나누기 문제 남김없이 똑같이 나눠 주기','type',6,'user-57ppx9v61','2026-04-17 10:47:51');
INSERT INTO "study_units" ("id","academy_id","textbook","name","kind","order_idx","created_by","created_at") VALUES('su-07eb30ab0ce8','acad-1','중1','[최대공약수와 최소공배수] LCM 활용 — 동시에 일어나는 문제 동시 출발, 톱니바퀴, 최소 시간','type',7,'user-57ppx9v61','2026-04-17 10:47:51');
INSERT INTO "study_units" ("id","academy_id","textbook","name","kind","order_idx","created_by","created_at") VALUES('su-ea015b32a57c','acad-1','중1','[문자와 식] 곱셈 기호 생략 기호 생략 규칙을 정확히 적용하는 유형','type',8,'user-57ppx9v61','2026-04-17 10:47:51');
INSERT INTO "study_units" ("id","academy_id","textbook","name","kind","order_idx","created_by","created_at") VALUES('su-e4e682dff9cd','acad-1','중1','[문자와 식] 대입하여 식의 값 구하기 음수 대입 시 괄호 처리가 핵심','type',9,'user-57ppx9v61','2026-04-17 10:47:51');
INSERT INTO "study_units" ("id","academy_id","textbook","name","kind","order_idx","created_by","created_at") VALUES('su-b66a7362e149','acad-1','중1','[문자와 식] 동류항 정리 동류항을 찾아 계수끼리 계산하는 유형','type',10,'user-57ppx9v61','2026-04-17 10:47:51');
INSERT INTO "study_units" ("id","academy_id","textbook","name","kind","order_idx","created_by","created_at") VALUES('su-ada9a4c2ece0','acad-1','중1','[문자와 식] 괄호 포함 일차식 계산 분배법칙 + 동류항 정리를 함께 사용','type',11,'user-57ppx9v61','2026-04-17 10:47:51');
INSERT INTO "study_units" ("id","academy_id","textbook","name","kind","order_idx","created_by","created_at") VALUES('su-aaa803c5b542','acad-1','중2','[유리수와 순환소수] 유한소수 판별 기약분수의 분모 소인수 분석','type',0,'user-57ppx9v61','2026-04-17 10:47:51');
INSERT INTO "study_units" ("id","academy_id","textbook","name","kind","order_idx","created_by","created_at") VALUES('su-f7995ee4cb8a','acad-1','중2','[유리수와 순환소수] 순환소수의 순환마디 찾기 나눗셈으로 순환마디 확인','type',1,'user-57ppx9v61','2026-04-17 10:47:51');
INSERT INTO "study_units" ("id","academy_id","textbook","name","kind","order_idx","created_by","created_at") VALUES('su-8a2566b23223','acad-1','중2','[유리수와 순환소수] 순환소수를 분수로 (등식 이용법) 10의 거듭제곱 곱하기','type',2,'user-57ppx9v61','2026-04-17 10:47:51');
INSERT INTO "study_units" ("id","academy_id","textbook","name","kind","order_idx","created_by","created_at") VALUES('su-a2f40a394a43','acad-1','중2','[유리수와 순환소수] 유한소수가 되도록 하는 자연수 분모 조건 역추적','type',3,'user-57ppx9v61','2026-04-17 10:47:51');
INSERT INTO "study_units" ("id","academy_id","textbook","name","kind","order_idx","created_by","created_at") VALUES('su-b1458c54ca8f','acad-1','중2','[단항식의 계산] 지수법칙 기본 같은 밑의 곱·거듭제곱 적용','type',4,'user-57ppx9v61','2026-04-17 10:47:51');
INSERT INTO "study_units" ("id","academy_id","textbook","name","kind","order_idx","created_by","created_at") VALUES('su-ad910fe805ae','acad-1','중2','[단항식의 계산] 단항식의 나눗셈 계수와 문자를 나누어 처리','type',5,'user-57ppx9v61','2026-04-17 10:47:51');
INSERT INTO "study_units" ("id","academy_id","textbook","name","kind","order_idx","created_by","created_at") VALUES('su-9dc67634a6e5','acad-1','중2','[단항식의 계산] 곱셈·나눗셈 혼합 나눗셈을 역수로 바꿔 한꺼번에 처리','type',6,'user-57ppx9v61','2026-04-17 10:47:51');
INSERT INTO "study_units" ("id","academy_id","textbook","name","kind","order_idx","created_by","created_at") VALUES('su-c8df8b349f92','acad-1','중2','[단항식의 계산] 거듭제곱이 포함된 혼합 계산 괄호 안의 거듭제곱을 먼저 전개한 뒤 곱·나눗셈','type',7,'user-57ppx9v61','2026-04-17 10:47:51');
INSERT INTO "study_units" ("id","academy_id","textbook","name","kind","order_idx","created_by","created_at") VALUES('su-4bef95629736','acad-1','중2','[다항식의 계산] 다항식의 덧셈·뺄셈 동류항 정리 기본 유형','type',8,'user-57ppx9v61','2026-04-17 10:47:51');
INSERT INTO "study_units" ("id","academy_id","textbook","name","kind","order_idx","created_by","created_at") VALUES('su-d9c5b6dc5225','acad-1','중2','[다항식의 계산] 단항식 × 다항식 분배법칙 적용 유형','type',9,'user-57ppx9v61','2026-04-17 10:47:51');
INSERT INTO "study_units" ("id","academy_id","textbook","name","kind","order_idx","created_by","created_at") VALUES('su-a486790ef94d','acad-1','중2','[다항식의 계산] 다항식 ÷ 단항식 각 항을 나누는 유형','type',10,'user-57ppx9v61','2026-04-17 10:47:51');
INSERT INTO "study_units" ("id","academy_id","textbook","name","kind","order_idx","created_by","created_at") VALUES('su-2eed1365ba4d','acad-1','중2','[다항식의 계산] 괄호 혼합 계산 분배법칙 + 동류항 정리 종합','type',11,'user-57ppx9v61','2026-04-17 10:47:51');
INSERT INTO "study_units" ("id","academy_id","textbook","name","kind","order_idx","created_by","created_at") VALUES('su-c0802c85b1fa','acad-1','중2','[일차부등식] 기본 일차부등식 풀이 이항 후 계수로 나누는 표준 풀이','type',12,'user-57ppx9v61','2026-04-17 10:47:51');
INSERT INTO "study_units" ("id","academy_id","textbook","name","kind","order_idx","created_by","created_at") VALUES('su-b4d357209741','acad-1','중2','[일차부등식] 음수 계수 일차부등식 음수로 나눌 때 부등호 방향 전환이 핵심','type',13,'user-57ppx9v61','2026-04-17 10:47:51');
INSERT INTO "study_units" ("id","academy_id","textbook","name","kind","order_idx","created_by","created_at") VALUES('su-b0d7b86a6ccd','acad-1','중2','[일차부등식] 일차부등식의 활용 (문장제) 문장을 부등식으로 세우는 유형','type',14,'user-57ppx9v61','2026-04-17 10:47:51');
INSERT INTO "study_units" ("id","academy_id","textbook","name","kind","order_idx","created_by","created_at") VALUES('su-1034bc365d1c','acad-1','중2','[연립일차방정식] 대입법으로 풀기 한 식을 다른 식에 대입하여 미지수 소거','type',15,'user-57ppx9v61','2026-04-17 10:47:51');
INSERT INTO "study_units" ("id","academy_id","textbook","name","kind","order_idx","created_by","created_at") VALUES('su-76cc525671d7','acad-1','중2','[연립일차방정식] 가감법으로 풀기 계수를 맞춰 두 식을 더하거나 빼서 미지수 소거','type',16,'user-57ppx9v61','2026-04-17 10:47:51');
INSERT INTO "study_units" ("id","academy_id","textbook","name","kind","order_idx","created_by","created_at") VALUES('su-e7f886ce5a1b','acad-1','중2','[연립일차방정식] 활용 — 개수 문제 조건을 식으로 세운 뒤 연립방정식으로 해결','type',17,'user-57ppx9v61','2026-04-17 10:47:51');
INSERT INTO "study_units" ("id","academy_id","textbook","name","kind","order_idx","created_by","created_at") VALUES('su-7d4fc6e61e12','acad-1','중3','[제곱근과 실수] 제곱근 구하기 제곱근의 뜻 적용','type',0,'user-57ppx9v61','2026-04-17 10:47:51');
INSERT INTO "study_units" ("id","academy_id","textbook","name","kind","order_idx","created_by","created_at") VALUES('su-ba96d75d3afd','acad-1','중3','[제곱근과 실수] 𝑎2 계산 근호 벗기기 — 절댓값 활용','type',1,'user-57ppx9v61','2026-04-17 10:47:51');
INSERT INTO "study_units" ("id","academy_id","textbook","name","kind","order_idx","created_by","created_at") VALUES('su-1fbac7fd9838','acad-1','중3','[근호를 포함한 식의 계산] 분모의 유리화 분모·분자에 같은 근호 곱하기','type',2,'user-57ppx9v61','2026-04-17 10:47:51');
INSERT INTO "study_units" ("id","academy_id","textbook","name","kind","order_idx","created_by","created_at") VALUES('su-b702a5022b18','acad-1','중3','[곱셈공식 (전개)] 완전제곱식 전개 (𝑎±𝑏)2 기본 유형','type',3,'user-57ppx9v61','2026-04-17 10:47:51');
INSERT INTO "study_units" ("id","academy_id","textbook","name","kind","order_idx","created_by","created_at") VALUES('su-edcb40d25d65','acad-1','중3','[곱셈공식 (전개)] 합차공식 전개 (𝑎+𝑏)(𝑎−𝑏)=𝑎2−𝑏2 유형','type',4,'user-57ppx9v61','2026-04-17 10:47:51');
INSERT INTO "study_units" ("id","academy_id","textbook","name","kind","order_idx","created_by","created_at") VALUES('su-002b78dca384','acad-1','중3','[곱셈공식 (전개)] (𝑥+𝑎)(𝑥+𝑏) 전개 두 수의 합·곱 이용 유형','type',5,'user-57ppx9v61','2026-04-17 10:47:51');
INSERT INTO "study_units" ("id","academy_id","textbook","name","kind","order_idx","created_by","created_at") VALUES('su-1f59cedd34fc','acad-1','중3','[곱셈공식 (전개)] 곱셈공식으로 수의 계산 곱셈공식 활용 유형','type',6,'user-57ppx9v61','2026-04-17 10:47:51');
INSERT INTO "study_units" ("id","academy_id","textbook","name","kind","order_idx","created_by","created_at") VALUES('su-d35f32a1ec95','acad-1','중3','[인수분해] 공통인수 묶기 모든 항에 공통으로 들어 있는 인수를 먼저 빼낸다','type',7,'user-57ppx9v61','2026-04-17 10:47:51');
INSERT INTO "study_units" ("id","academy_id","textbook","name","kind","order_idx","created_by","created_at") VALUES('su-16012de2dfe8','acad-1','중3','[인수분해] 완전제곱식 인수분해 𝑎2±2𝑎𝑏+𝑏2 꼴 판별 → (𝑎±𝑏)2','type',8,'user-57ppx9v61','2026-04-17 10:47:51');
INSERT INTO "study_units" ("id","academy_id","textbook","name","kind","order_idx","created_by","created_at") VALUES('su-52804979b59b','acad-1','중3','[인수분해] 합차공식 (𝑎2 −𝑏2) 제곱 - 제곱 꼴 → (𝑎+𝑏)(𝑎−𝑏)','type',9,'user-57ppx9v61','2026-04-17 10:47:51');
INSERT INTO "study_units" ("id","academy_id","textbook","name","kind","order_idx","created_by","created_at") VALUES('su-a4c72d1ae517','acad-1','중3','[인수분해] 𝑥2 +(𝑎+𝑏)𝑥+𝑎𝑏 꼴 곱해서 상수항, 더해서 일차항 계수가 되는 두 수 찾기','type',10,'user-57ppx9v61','2026-04-17 10:47:51');
INSERT INTO "study_units" ("id","academy_id","textbook","name","kind","order_idx","created_by","created_at") VALUES('su-f99ff3ae1553','acad-1','중3','[이차방정식] 인수분해로 풀기 좌변을 인수분해하여 근을 구하는 가장 기본적인 유형','type',11,'user-57ppx9v61','2026-04-17 10:47:51');
INSERT INTO "study_units" ("id","academy_id","textbook","name","kind","order_idx","created_by","created_at") VALUES('su-43dd5968e53e','acad-1','중3','[이차방정식] 공통인수 먼저 빼기 𝑥가 공통인수일 때 반드시 묶어낸다 — 양변을 𝑥로 나누면 안 됨!','type',12,'user-57ppx9v61','2026-04-17 10:47:51');
INSERT INTO "study_units" ("id","academy_id","textbook","name","kind","order_idx","created_by","created_at") VALUES('su-8715a8e6861a','acad-1','중3','[이차방정식] 근의 공식 적용 인수분해가 안 될 때 근의 공식 사용','type',13,'user-57ppx9v61','2026-04-17 10:47:51');
INSERT INTO "study_units" ("id","academy_id","textbook","name","kind","order_idx","created_by","created_at") VALUES('su-7dcd02f9ee5f','acad-1','확통','[여러 가지 순열] 원순열 기본 원형 배열에서 경우의 수','type',0,'user-57ppx9v61','2026-04-17 10:47:51');
INSERT INTO "study_units" ("id","academy_id","textbook","name","kind","order_idx","created_by","created_at") VALUES('su-9f08f713d4a0','acad-1','확통','[여러 가지 순열] 같은 것이 있는 순열 반복 문자가 포함된 나열','type',1,'user-57ppx9v61','2026-04-17 10:47:51');
INSERT INTO "study_units" ("id","academy_id","textbook","name","kind","order_idx","created_by","created_at") VALUES('su-ac5634af22c9','acad-1','확통','[여러 가지 순열] 이웃 조건 순열 특정 원소가 이웃하는/하지 않는 배열','type',2,'user-57ppx9v61','2026-04-17 10:47:51');
INSERT INTO "study_units" ("id","academy_id","textbook","name","kind","order_idx","created_by","created_at") VALUES('su-f40feb0e4b30','acad-1','확통','[여러 가지 순열] 수 만들기 (짝수 조건) 특정 조건을 만족하는 자연수 개수','type',3,'user-57ppx9v61','2026-04-17 10:47:51');
INSERT INTO "study_units" ("id","academy_id","textbook","name","kind","order_idx","created_by","created_at") VALUES('su-9bc99c0dda4b','acad-1','확통','[조합] 도형에서 직선·삼각형 개수 일직선 위의 점 처리','type',4,'user-57ppx9v61','2026-04-17 10:47:51');
INSERT INTO "study_units" ("id","academy_id","textbook","name","kind","order_idx","created_by","created_at") VALUES('su-aa18f18edcb0','acad-1','확통','[조합] 같은 크기 조 나누기 조의 구별 여부 주의','type',5,'user-57ppx9v61','2026-04-17 10:47:51');
INSERT INTO "study_units" ("id","academy_id","textbook","name","kind","order_idx","created_by","created_at") VALUES('su-4403590fcf31','acad-1','확통','[조합] 최단경로 격자 위의 경로 수','type',6,'user-57ppx9v61','2026-04-17 10:47:51');
INSERT INTO "study_units" ("id","academy_id","textbook","name","kind","order_idx","created_by","created_at") VALUES('su-ebd8d766b44b','acad-1','확통','[이항정리] 이항계수의 합 𝑥에 특정값 대입','type',7,'user-57ppx9v61','2026-04-17 10:47:51');
INSERT INTO "study_units" ("id","academy_id","textbook","name","kind","order_idx","created_by","created_at") VALUES('su-3ad619c1a589','acad-1','확통','[이항정리] 분수/음수를 포함한 전개 𝑏에 음수 또는 분수 대입','type',8,'user-57ppx9v61','2026-04-17 10:47:51');
INSERT INTO "study_units" ("id","academy_id","textbook","name","kind","order_idx","created_by","created_at") VALUES('su-83742786792d','acad-1','확통','[이항정리] 이항계수 등식 활용 파스칼의 법칙과 대칭성','type',9,'user-57ppx9v61','2026-04-17 10:47:51');
INSERT INTO "study_units" ("id","academy_id","textbook","name","kind","order_idx","created_by","created_at") VALUES('su-d11d04e9ee25','acad-1','확통','[확률의 뜻과 성질] 수학적 확률 기본 표본공간과 사건의 원소 수 세기','type',10,'user-57ppx9v61','2026-04-17 10:47:51');
INSERT INTO "study_units" ("id","academy_id","textbook","name","kind","order_idx","created_by","created_at") VALUES('su-ac4ac819ecdd','acad-1','확통','[확률의 뜻과 성질] 여사건 활용 — “적어도 하나” “적어도 하나”를 직접 세지 말고 여사건으로','type',11,'user-57ppx9v61','2026-04-17 10:47:51');
INSERT INTO "study_units" ("id","academy_id","textbook","name","kind","order_idx","created_by","created_at") VALUES('su-da30ccb94966','acad-1','확통','[확률의 뜻과 성질] 합사건의 확률 (덧셈정리) 𝑃(𝐴∪𝐵)=𝑃(𝐴)+𝑃(𝐵)−𝑃(𝐴∩𝐵)','type',12,'user-57ppx9v61','2026-04-17 10:47:51');
INSERT INTO "study_units" ("id","academy_id","textbook","name","kind","order_idx","created_by","created_at") VALUES('su-0d08550a37a5','acad-1','확통','[확률의 뜻과 성질] 배반사건 확인 후 덧셈 배반이면 교집합 빼기 없이 바로 더한다','type',13,'user-57ppx9v61','2026-04-17 10:47:51');
INSERT INTO "study_units" ("id","academy_id","textbook","name","kind","order_idx","created_by","created_at") VALUES('su-735f9a7c980f','acad-1','확통','[조건부확률] 조건부확률 직접 계산 정의 적용형','type',14,'user-57ppx9v61','2026-04-17 10:47:51');
INSERT INTO "study_units" ("id","academy_id","textbook","name","kind","order_idx","created_by","created_at") VALUES('su-98d879818207','acad-1','확통','[조건부확률] 곱셈정리 활용 연쇄 조건부확률','type',15,'user-57ppx9v61','2026-04-17 10:47:51');
INSERT INTO "study_units" ("id","academy_id","textbook","name","kind","order_idx","created_by","created_at") VALUES('su-49aea3cd7391','acad-1','확통','[조건부확률] 독립/종속 판별 세 조건 비교형','type',16,'user-57ppx9v61','2026-04-17 10:47:51');
INSERT INTO "study_units" ("id","academy_id","textbook","name","kind","order_idx","created_by","created_at") VALUES('su-76177caa55a4','acad-1','확통','[조건부확률] 독립시행의 확률 이항분포 기본형','type',17,'user-57ppx9v61','2026-04-17 10:47:51');
CREATE TABLE student_study_progress (
  id TEXT PRIMARY KEY,
  academy_id TEXT NOT NULL,
  student_id TEXT NOT NULL,
  unit_id TEXT NOT NULL,
  understanding INTEGER,
  status TEXT NOT NULL DEFAULT 'not_started',
  note TEXT,
  updated_by TEXT,
  updated_at TEXT NOT NULL DEFAULT (datetime('now')),
  UNIQUE(student_id, unit_id),
  FOREIGN KEY (student_id) REFERENCES students(id) ON DELETE CASCADE,
  FOREIGN KEY (unit_id) REFERENCES study_units(id) ON DELETE CASCADE
);
INSERT INTO "student_study_progress" ("id","academy_id","student_id","unit_id","understanding","status","note","updated_by","updated_at") VALUES('8a600cbd-6570-4ee9-b292-c88f954f878d','acad-1','student-5645a3fs4','su-1a5fc0e840d3',25,'in_progress',NULL,'user-57ppx9v61','2026-04-20 02:37:06');
INSERT INTO "student_study_progress" ("id","academy_id","student_id","unit_id","understanding","status","note","updated_by","updated_at") VALUES('0dbe9dcc-c47c-4625-aad9-570b8d0c99a5','acad-1','student-5645a3fs4','su-9e9efdc42483',10,'in_progress',NULL,'user-57ppx9v61','2026-04-17 10:50:56');
INSERT INTO "student_study_progress" ("id","academy_id","student_id","unit_id","understanding","status","note","updated_by","updated_at") VALUES('17c3bf82-059d-41f4-a299-d9aa28009d8b','acad-1','student-5645a3fs4','su-2abc0c78086f',90,'done',NULL,'user-57ppx9v61','2026-04-17 10:50:58');
INSERT INTO "student_study_progress" ("id","academy_id","student_id","unit_id","understanding","status","note","updated_by","updated_at") VALUES('64facf54-6296-49a5-bc77-83aa56e3e96f','acad-1','student-5645a3fs4','su-99587dfe406b',30,'in_progress',NULL,'user-57ppx9v61','2026-04-17 11:19:44');
INSERT INTO "student_study_progress" ("id","academy_id","student_id","unit_id","understanding","status","note","updated_by","updated_at") VALUES('4a1a39d4-e33f-4ba4-ad72-259e986d96d6','acad-1','student-5645a3fs4','su-153ae569689b',50,'in_progress',NULL,'user-57ppx9v61','2026-04-17 11:19:46');
INSERT INTO "student_study_progress" ("id","academy_id","student_id","unit_id","understanding","status","note","updated_by","updated_at") VALUES('f2974b7d-d320-4eab-91ce-45198393cedc','acad-1','student-5645a3fs4','su-c3708fd9bcf2',50,'in_progress',NULL,'user-57ppx9v61','2026-04-17 11:19:48');
CREATE TABLE vocab_words (
  id TEXT PRIMARY KEY,
  academy_id TEXT NOT NULL,
  student_id TEXT NOT NULL,
  english TEXT NOT NULL,
  korean TEXT NOT NULL,
  box INTEGER NOT NULL DEFAULT 1,          -- 1..5
  blank_type TEXT NOT NULL DEFAULT 'korean', -- korean|english|both
  status TEXT NOT NULL DEFAULT 'approved', -- pending|approved
  added_by TEXT NOT NULL DEFAULT 'teacher',-- teacher|student
  review_count INTEGER NOT NULL DEFAULT 0,
  wrong_count INTEGER NOT NULL DEFAULT 0,
  created_at DATETIME DEFAULT (datetime('now')),
  updated_at DATETIME,
  FOREIGN KEY (student_id) REFERENCES gacha_students(id) ON DELETE CASCADE
);
INSERT INTO "vocab_words" ("id","academy_id","student_id","english","korean","box","blank_type","status","added_by","review_count","wrong_count","created_at","updated_at") VALUES('vw-2cda4b25','acad-1','gstu-25ae7a2c','sustainable','지속 가능한',4,'english','approved','teacher',8,2,'2026-01-15T09:00:00.000Z',NULL);
INSERT INTO "vocab_words" ("id","academy_id","student_id","english","korean","box","blank_type","status","added_by","review_count","wrong_count","created_at","updated_at") VALUES('vw-c43f6526','acad-1','gstu-25ae7a2c','responsibility','책임',3,'korean','approved','teacher',6,1,'2026-01-15T09:01:00.000Z',NULL);
INSERT INTO "vocab_words" ("id","academy_id","student_id","english","korean","box","blank_type","status","added_by","review_count","wrong_count","created_at","updated_at") VALUES('vw-4cc98369','acad-1','gstu-25ae7a2c','consequence','결과, 영향',2,'english','approved','student',4,2,'2026-01-16T09:00:00.000Z',NULL);
INSERT INTO "vocab_words" ("id","academy_id","student_id","english","korean","box","blank_type","status","added_by","review_count","wrong_count","created_at","updated_at") VALUES('vw-9714e9cb','acad-1','gstu-25ae7a2c','innovative','혁신적인',5,'korean','approved','teacher',12,0,'2026-01-16T09:01:00.000Z',NULL);
INSERT INTO "vocab_words" ("id","academy_id","student_id","english","korean","box","blank_type","status","added_by","review_count","wrong_count","created_at","updated_at") VALUES('vw-01778570','acad-1','gstu-25ae7a2c','demonstrate','보여주다, 증명하다',1,'both','approved','teacher',1,1,'2026-01-17T09:00:00.000Z',NULL);
INSERT INTO "vocab_words" ("id","academy_id","student_id","english","korean","box","blank_type","status","added_by","review_count","wrong_count","created_at","updated_at") VALUES('vw-2637353e','acad-1','gstu-25ae7a2c','efficient','효율적인',2,'english','approved','student',3,2,'2026-01-17T09:01:00.000Z',NULL);
INSERT INTO "vocab_words" ("id","academy_id","student_id","english","korean","box","blank_type","status","added_by","review_count","wrong_count","created_at","updated_at") VALUES('vw-f32e6af6','acad-1','gstu-25ae7a2c','transform','변환하다, 바꾸다',3,'korean','approved','teacher',5,1,'2026-01-18T09:00:00.000Z',NULL);
INSERT INTO "vocab_words" ("id","academy_id","student_id","english","korean","box","blank_type","status","added_by","review_count","wrong_count","created_at","updated_at") VALUES('vw-dc8eaf9f','acad-1','gstu-25ae7a2c','collaborate','협력하다',1,'both','approved','student',2,2,'2026-01-18T09:01:00.000Z',NULL);
INSERT INTO "vocab_words" ("id","academy_id","student_id","english","korean","box","blank_type","status","added_by","review_count","wrong_count","created_at","updated_at") VALUES('vw-c9947011','acad-1','gstu-25ae7a2c','perspective','관점, 시각',4,'english','approved','teacher',7,1,'2026-01-19T09:00:00.000Z',NULL);
INSERT INTO "vocab_words" ("id","academy_id","student_id","english","korean","box","blank_type","status","added_by","review_count","wrong_count","created_at","updated_at") VALUES('vw-7bc0dc6b','acad-1','gstu-25ae7a2c','significant','중요한, 상당한',2,'korean','approved','teacher',3,3,'2026-01-19T09:01:00.000Z',NULL);
INSERT INTO "vocab_words" ("id","academy_id","student_id","english","korean","box","blank_type","status","added_by","review_count","wrong_count","created_at","updated_at") VALUES('vw-f263de32','acad-1','gstu-25ae7a2c','contribute','기여하다',3,'english','approved','student',5,0,'2026-01-20T09:00:00.000Z',NULL);
INSERT INTO "vocab_words" ("id","academy_id","student_id","english","korean","box","blank_type","status","added_by","review_count","wrong_count","created_at","updated_at") VALUES('vw-4042632f','acad-1','gstu-25ae7a2c','advocate','지지하다, 옹호하다',1,'both','approved','teacher',1,1,'2026-01-20T09:01:00.000Z',NULL);
INSERT INTO "vocab_words" ("id","academy_id","student_id","english","korean","box","blank_type","status","added_by","review_count","wrong_count","created_at","updated_at") VALUES('vw-0b9491de','acad-1','gstu-25ae7a2c','phenomenon','현상',2,'korean','approved','student',4,2,'2026-01-21T09:00:00.000Z',NULL);
INSERT INTO "vocab_words" ("id","academy_id","student_id","english","korean","box","blank_type","status","added_by","review_count","wrong_count","created_at","updated_at") VALUES('vw-8602714e','acad-1','gstu-25ae7a2c','curriculum','교육 과정',3,'english','approved','teacher',6,1,'2026-01-21T09:01:00.000Z',NULL);
INSERT INTO "vocab_words" ("id","academy_id","student_id","english","korean","box","blank_type","status","added_by","review_count","wrong_count","created_at","updated_at") VALUES('vw-e3a285c5','acad-1','gstu-25ae7a2c','comprehend','이해하다',1,'korean','approved','teacher',2,2,'2026-01-22T09:00:00.000Z',NULL);
INSERT INTO "vocab_words" ("id","academy_id","student_id","english","korean","box","blank_type","status","added_by","review_count","wrong_count","created_at","updated_at") VALUES('vw-83c34c77','acad-1','gstu-ffb51170','beautiful','아름다운',3,'korean','approved','teacher',5,0,'2026-01-15T09:00:00.000Z',NULL);
INSERT INTO "vocab_words" ("id","academy_id","student_id","english","korean","box","blank_type","status","added_by","review_count","wrong_count","created_at","updated_at") VALUES('vw-addaeafa','acad-1','gstu-ffb51170','important','중요한',2,'english','approved','teacher',3,1,'2026-01-15T09:01:00.000Z',NULL);
INSERT INTO "vocab_words" ("id","academy_id","student_id","english","korean","box","blank_type","status","added_by","review_count","wrong_count","created_at","updated_at") VALUES('vw-ecc26ea8','acad-1','gstu-ffb51170','environment','환경',1,'both','approved','teacher',2,2,'2026-01-16T09:00:00.000Z',NULL);
INSERT INTO "vocab_words" ("id","academy_id","student_id","english","korean","box","blank_type","status","added_by","review_count","wrong_count","created_at","updated_at") VALUES('vw-49efd200','acad-1','gstu-ffb51170','challenge','도전, 어려움',2,'korean','approved','student',4,1,'2026-01-16T09:01:00.000Z',NULL);
INSERT INTO "vocab_words" ("id","academy_id","student_id","english","korean","box","blank_type","status","added_by","review_count","wrong_count","created_at","updated_at") VALUES('vw-9dd81428','acad-1','gstu-ffb51170','opportunity','기회',3,'english','approved','teacher',6,0,'2026-01-17T09:00:00.000Z',NULL);
INSERT INTO "vocab_words" ("id","academy_id","student_id","english","korean","box","blank_type","status","added_by","review_count","wrong_count","created_at","updated_at") VALUES('vw-4e8b5e73','acad-1','gstu-ffb51170','creative','창의적인',1,'both','approved','teacher',1,1,'2026-01-17T09:01:00.000Z',NULL);
INSERT INTO "vocab_words" ("id","academy_id","student_id","english","korean","box","blank_type","status","added_by","review_count","wrong_count","created_at","updated_at") VALUES('vw-af238a15','acad-1','gstu-ffb51170','achieve','성취하다',2,'korean','approved','student',3,2,'2026-01-18T09:00:00.000Z',NULL);
INSERT INTO "vocab_words" ("id","academy_id","student_id","english","korean","box","blank_type","status","added_by","review_count","wrong_count","created_at","updated_at") VALUES('vw-2f9bf5aa','acad-1','gstu-ffb51170','inspire','영감을 주다',1,'english','approved','teacher',2,1,'2026-01-18T09:01:00.000Z',NULL);
INSERT INTO "vocab_words" ("id","academy_id","student_id","english","korean","box","blank_type","status","added_by","review_count","wrong_count","created_at","updated_at") VALUES('vw-920449ee','acad-357dc181','gstu-9d05544d','e2eword1-vcmo3kuo4u','시험단어1',1,'korean','approved','teacher',0,0,'2026-04-18 00:06:48',NULL);
INSERT INTO "vocab_words" ("id","academy_id","student_id","english","korean","box","blank_type","status","added_by","review_count","wrong_count","created_at","updated_at") VALUES('vw-2a2e4427','acad-357dc181','gstu-9d05544d','e2eword2-vcmo3kuo4u','시험단어2',1,'korean','approved','teacher',0,0,'2026-04-18 00:06:48',NULL);
INSERT INTO "vocab_words" ("id","academy_id","student_id","english","korean","box","blank_type","status","added_by","review_count","wrong_count","created_at","updated_at") VALUES('vw-3832b73f','acad-357dc181','gstu-9d05544d','e2eword3-vcmo3kuo4u','시험단어3',1,'korean','approved','teacher',0,0,'2026-04-18 00:06:49',NULL);
INSERT INTO "vocab_words" ("id","academy_id","student_id","english","korean","box","blank_type","status","added_by","review_count","wrong_count","created_at","updated_at") VALUES('vw-5897f47c','acad-357dc181','gstu-e1d6a3e4','e2eword1-vcmo3kxsmz','시험단어1',1,'korean','approved','teacher',0,0,'2026-04-18 00:09:14',NULL);
INSERT INTO "vocab_words" ("id","academy_id","student_id","english","korean","box","blank_type","status","added_by","review_count","wrong_count","created_at","updated_at") VALUES('vw-6f81ed9e','acad-357dc181','gstu-e1d6a3e4','e2eword2-vcmo3kxsmz','시험단어2',1,'korean','approved','teacher',0,0,'2026-04-18 00:09:14',NULL);
INSERT INTO "vocab_words" ("id","academy_id","student_id","english","korean","box","blank_type","status","added_by","review_count","wrong_count","created_at","updated_at") VALUES('vw-5412445e','acad-357dc181','gstu-e1d6a3e4','e2eword3-vcmo3kxsmz','시험단어3',1,'korean','approved','teacher',0,0,'2026-04-18 00:09:15',NULL);
INSERT INTO "vocab_words" ("id","academy_id","student_id","english","korean","box","blank_type","status","added_by","review_count","wrong_count","created_at","updated_at") VALUES('vw-4b9a3abe','acad-357dc181','gstu-e1d6a3e4','addbystu-vcmo3kxsmz','학생추가단어-vcmo3kxsmz',1,'korean','pending','student',0,0,'2026-04-18 00:09:29',NULL);
INSERT INTO "vocab_words" ("id","academy_id","student_id","english","korean","box","blank_type","status","added_by","review_count","wrong_count","created_at","updated_at") VALUES('vw-c946d8ad','acad-357dc181','gstu-8590be48','e2eword1-vcmo3kz67i','시험단어1',1,'korean','approved','teacher',0,0,'2026-04-18 00:10:20',NULL);
INSERT INTO "vocab_words" ("id","academy_id","student_id","english","korean","box","blank_type","status","added_by","review_count","wrong_count","created_at","updated_at") VALUES('vw-9417e871','acad-357dc181','gstu-8590be48','e2eword2-vcmo3kz67i','시험단어2',1,'korean','approved','teacher',0,0,'2026-04-18 00:10:20',NULL);
INSERT INTO "vocab_words" ("id","academy_id","student_id","english","korean","box","blank_type","status","added_by","review_count","wrong_count","created_at","updated_at") VALUES('vw-13dc467c','acad-357dc181','gstu-8590be48','e2eword3-vcmo3kz67i','시험단어3',1,'korean','approved','teacher',0,0,'2026-04-18 00:10:21',NULL);
INSERT INTO "vocab_words" ("id","academy_id","student_id","english","korean","box","blank_type","status","added_by","review_count","wrong_count","created_at","updated_at") VALUES('vw-77624cd3','acad-357dc181','gstu-8590be48','addbystu-vcmo3kz67i','학생추가단어-vcmo3kz67i',1,'korean','pending','student',0,0,'2026-04-18 00:10:34',NULL);
INSERT INTO "vocab_words" ("id","academy_id","student_id","english","korean","box","blank_type","status","added_by","review_count","wrong_count","created_at","updated_at") VALUES('vw-da357ffa','acad-1','gstu-d8fbe641','ambiguous','모호한',1,'korean','pending','student',0,0,'2026-04-20 13:54:46',NULL);
INSERT INTO "vocab_words" ("id","academy_id","student_id","english","korean","box","blank_type","status","added_by","review_count","wrong_count","created_at","updated_at") VALUES('vw-b7131640','acad-1','gstu-d8fbe641','wgtestmoztmv','시험용단어',1,'korean','pending','student',0,0,'2026-04-20 14:13:56',NULL);
INSERT INTO "vocab_words" ("id","academy_id","student_id","english","korean","box","blank_type","status","added_by","review_count","wrong_count","created_at","updated_at") VALUES('vw-1da368a9','acad-1','gstu-d8fbe641','wgtestmoajnx','시험용단어',1,'korean','pending','student',0,0,'2026-04-20 14:15:49',NULL);
CREATE TABLE vocab_grammar_qa (
  id TEXT PRIMARY KEY,
  academy_id TEXT NOT NULL,
  student_id TEXT,                          -- NULL = 교사가 직접 작성
  question TEXT NOT NULL,
  answer TEXT,
  status TEXT NOT NULL DEFAULT 'pending',   -- pending|answered
  answered_by TEXT,                         -- teacher|ai
  include_in_print INTEGER NOT NULL DEFAULT 0,
  created_at DATETIME DEFAULT (datetime('now')),
  answered_at DATETIME,
  FOREIGN KEY (student_id) REFERENCES gacha_students(id) ON DELETE SET NULL
);
INSERT INTO "vocab_grammar_qa" ("id","academy_id","student_id","question","answer","status","answered_by","include_in_print","created_at","answered_at") VALUES('vqa-a47ddb33','acad-1','gstu-25ae7a2c','가정법 과거와 가정법 과거완료의 차이를 설명해주세요',replace('가정법 과거는 현재 사실의 반대를 가정할 때 사용합니다. 예) If I were rich, I would travel the world. (실제로는 부자가 아님)\n\n가정법 과거완료는 과거 사실의 반대를 가정할 때 사용합니다. 예) If I had studied harder, I would have passed the exam. (실제로는 열심히 공부하지 않았음)\n\n핵심 차이: 시제 기준점이 현재냐 과거냐의 차이입니다.','\n',char(10)),'answered','ai',0,'2026-03-20T10:00:00.000Z','2026-03-20T10:00:00.000Z');
INSERT INTO "vocab_grammar_qa" ("id","academy_id","student_id","question","answer","status","answered_by","include_in_print","created_at","answered_at") VALUES('vqa-88af15bb','acad-1','gstu-ffb51170','관계대명사 that과 which의 차이가 뭔가요?',replace('주요 차이점:\n1. 선행사: that은 사람/사물 모두, which는 사물만\n2. 계속적 용법: which만 가능 (콤마 + which)\n3. 전치사 앞: which만 가능 (in which, with which)\n\n예) The book which/that I bought is interesting. (둘 다 가능)\nThe book, which I bought yesterday, is interesting. (which만 가능)','\n',char(10)),'answered','ai',0,'2026-03-21T11:00:00.000Z','2026-03-21T11:00:00.000Z');
INSERT INTO "vocab_grammar_qa" ("id","academy_id","student_id","question","answer","status","answered_by","include_in_print","created_at","answered_at") VALUES('vqa-2fda5665','acad-1','gstu-25ae7a2c','to부정사와 동명사를 목적어로 취하는 동사 구별법이 있나요?',NULL,'pending',NULL,0,'2026-04-01T09:00:00.000Z',NULL);
INSERT INTO "vocab_grammar_qa" ("id","academy_id","student_id","question","answer","status","answered_by","include_in_print","created_at","answered_at") VALUES('vqa-67a08d88','acad-357dc181',NULL,'e2e문법질문-vcmo3kuo4u','테스트답변','answered','teacher',0,'2026-04-18 00:06:49','2026-04-18T00:06:49.677Z');
INSERT INTO "vocab_grammar_qa" ("id","academy_id","student_id","question","answer","status","answered_by","include_in_print","created_at","answered_at") VALUES('vqa-b44b6534','acad-357dc181',NULL,'e2e문법질문-vcmo3kxsmz','테스트답변','answered','teacher',0,'2026-04-18 00:09:15','2026-04-18T00:09:15.551Z');
INSERT INTO "vocab_grammar_qa" ("id","academy_id","student_id","question","answer","status","answered_by","include_in_print","created_at","answered_at") VALUES('vqa-7d7dede2','acad-357dc181','gstu-8590be48','e2e문법질문-vcmo3kz67i','테스트답변','answered','teacher',0,'2026-04-18 00:10:21','2026-04-18T00:10:21.690Z');
INSERT INTO "vocab_grammar_qa" ("id","academy_id","student_id","question","answer","status","answered_by","include_in_print","created_at","answered_at") VALUES('vqa-6d903074','acad-1','gstu-d8fbe641','현재완료와 단순과거 차이가 뭐에요?',NULL,'pending',NULL,0,'2026-04-20 13:54:49',NULL);
CREATE TABLE vocab_textbooks (
  id TEXT PRIMARY KEY,
  academy_id TEXT NOT NULL,
  school TEXT,
  grade TEXT,
  semester TEXT,
  title TEXT NOT NULL,
  created_by TEXT,
  created_at DATETIME DEFAULT (datetime('now'))
);
CREATE TABLE vocab_textbook_words (
  id TEXT PRIMARY KEY,
  textbook_id TEXT NOT NULL,
  unit TEXT,
  english TEXT NOT NULL,
  korean TEXT NOT NULL,
  sentence TEXT,
  FOREIGN KEY (textbook_id) REFERENCES vocab_textbooks(id) ON DELETE CASCADE
);
CREATE TABLE vocab_print_jobs (
  id TEXT PRIMARY KEY,
  academy_id TEXT NOT NULL,
  student_id TEXT NOT NULL,
  word_ids_json TEXT NOT NULL,              -- 출제된 vocab_words.id 배열
  grammar_ids_json TEXT,                    -- 포함된 문법 Q&A id 배열
  pdf_r2_key TEXT,                          -- (선택) 캐시된 PDF
  created_by TEXT,
  created_at DATETIME DEFAULT (datetime('now')),
  FOREIGN KEY (student_id) REFERENCES gacha_students(id) ON DELETE CASCADE
);
CREATE TABLE vocab_grade_results (
  id TEXT PRIMARY KEY,
  print_job_id TEXT NOT NULL,
  word_id TEXT NOT NULL,
  correct INTEGER NOT NULL,                 -- 0|1
  box_before INTEGER,
  box_after INTEGER,
  graded_at DATETIME DEFAULT (datetime('now')),
  FOREIGN KEY (print_job_id) REFERENCES vocab_print_jobs(id) ON DELETE CASCADE,
  FOREIGN KEY (word_id) REFERENCES vocab_words(id) ON DELETE CASCADE
);
CREATE TABLE exam_attempts (
  id TEXT PRIMARY KEY,
  exam_assignment_id TEXT NOT NULL,
  student_id TEXT NOT NULL,
  academy_id TEXT NOT NULL,
  realtime_session_id TEXT,                    -- 어떤 수업 입실 중에 친 시험인지 (회고 분석용)

  duration_minutes INTEGER NOT NULL,           -- 이 시험의 총 제한시간 (분)

  status TEXT NOT NULL DEFAULT 'ready',
    -- ready    : 배정만 됨, 미시작
    -- running  : 진행 중
    -- paused   : 일시정지
    -- submitted: 학생 제출
    -- expired  : 시간 종료 (자동)
    -- voided   : 무효 처리

  started_at TEXT,                             -- ISO8601 (running/이후)
  ended_at TEXT,                               -- 종료 시각 (submitted/expired/voided)

  pause_history TEXT DEFAULT '[]',             -- JSON: [{pausedAt, resumedAt, reason, byUserId}]
  total_paused_seconds INTEGER DEFAULT 0,     -- 누적 정지 시간

  proctor_user_id TEXT,                        -- 시작 처리한 감독 교사 (audit)
  submit_note TEXT,                            -- 제출 시 비고 (옵션)

  created_at DATETIME DEFAULT (datetime('now')),
  updated_at DATETIME DEFAULT (datetime('now')),

  FOREIGN KEY (exam_assignment_id) REFERENCES exam_assignments(id) ON DELETE CASCADE,
  FOREIGN KEY (student_id) REFERENCES students(id),
  FOREIGN KEY (academy_id) REFERENCES academies(id)
);
CREATE TABLE assignments (
  id TEXT PRIMARY KEY,
  academy_id TEXT NOT NULL,
  created_by TEXT NOT NULL,                    -- users.id (teacher/admin)
  title TEXT NOT NULL,
  instructions TEXT,
  kind TEXT NOT NULL DEFAULT 'general',        -- 'perf_eval' | 'exam_paper' | 'general'
  due_at DATETIME,
  attached_file_key TEXT,                      -- R2 key (선생님 첨부; 양식·시험지 등)
  attached_file_name TEXT,
  status TEXT NOT NULL DEFAULT 'published',    -- 'published' | 'closed'
  created_at DATETIME DEFAULT (datetime('now')),
  updated_at DATETIME DEFAULT (datetime('now'))
);
INSERT INTO "assignments" ("id","academy_id","created_by","title","instructions","kind","due_at","attached_file_key","attached_file_name","status","created_at","updated_at") VALUES('asn-cbb5ac9a','acad-1','user-57ppx9v61','E2E 테스트 수행평가 — 2026-04-20T13:11:29.658Z','아래 파일을 풀어서 사진 찍어 업로드해주세요.','perf_eval','2026-04-23T13:11:29.658Z',NULL,NULL,'published','2026-04-20 13:11:29','2026-04-20 13:11:29');
INSERT INTO "assignments" ("id","academy_id","created_by","title","instructions","kind","due_at","attached_file_key","attached_file_name","status","created_at","updated_at") VALUES('asn-3dd1c31f','acad-1','user-57ppx9v61','E2E 수행평가 테스트','풀어서 찍어 올려주세요','perf_eval','2026-04-25T00:00:00.000Z',NULL,NULL,'closed','2026-04-20 13:12:34','2026-04-20 13:13:25');
INSERT INTO "assignments" ("id","academy_id","created_by","title","instructions","kind","due_at","attached_file_key","attached_file_name","status","created_at","updated_at") VALUES('asn-84a05d5c','acad-1','user-57ppx9v61','UI E2E 테스트 과제 — 2026-04-20T13:29:59.728Z','이건 UI 테스트용 과제입니다. 풀어서 제출해주세요.','perf_eval','2026-04-23T13:29:59.728Z',NULL,NULL,'closed','2026-04-20 13:29:59','2026-04-20 13:30:16');
INSERT INTO "assignments" ("id","academy_id","created_by","title","instructions","kind","due_at","attached_file_key","attached_file_name","status","created_at","updated_at") VALUES('asn-1154b3b8','acad-1','user-57ppx9v61','UI-SUBMIT 테스트 — 2026-04-20T13:38:56.849Z','이 사진을 올려주세요.','perf_eval','2026-04-23T13:38:56.849Z',NULL,NULL,'closed','2026-04-20 13:38:56','2026-04-20 13:39:06');
INSERT INTO "assignments" ("id","academy_id","created_by","title","instructions","kind","due_at","attached_file_key","attached_file_name","status","created_at","updated_at") VALUES('asn-f15b9cdd','acad-1','user-57ppx9v61','UI-SUBMIT 테스트 — 2026-04-20T13:48:58.895Z','이 사진을 올려주세요.','perf_eval','2026-04-23T13:48:58.895Z',NULL,NULL,'closed','2026-04-20 13:48:57','2026-04-20 13:49:08');
CREATE TABLE assignment_targets (
  id TEXT PRIMARY KEY,
  assignment_id TEXT NOT NULL,
  student_id TEXT NOT NULL,                    -- gacha_students.id
  academy_id TEXT NOT NULL,
  status TEXT NOT NULL DEFAULT 'assigned',     -- 'assigned'|'submitted'|'reviewed'|'needs_resubmit'|'completed'
  assigned_at DATETIME DEFAULT (datetime('now')),
  last_submitted_at DATETIME,
  last_reviewed_at DATETIME,
  UNIQUE(assignment_id, student_id)
);
INSERT INTO "assignment_targets" ("id","assignment_id","student_id","academy_id","status","assigned_at","last_submitted_at","last_reviewed_at") VALUES('atg-9c87b736','asn-cbb5ac9a','gstu-d8fbe641','acad-1','needs_resubmit','2026-04-20 13:11:30','2026-04-20 13:11:31','2026-04-20 13:11:32');
INSERT INTO "assignment_targets" ("id","assignment_id","student_id","academy_id","status","assigned_at","last_submitted_at","last_reviewed_at") VALUES('atg-1cb583bb','asn-3dd1c31f','gstu-d8fbe641','acad-1','completed','2026-04-20 13:12:35','2026-04-20 13:13:11','2026-04-20 13:13:12');
INSERT INTO "assignment_targets" ("id","assignment_id","student_id","academy_id","status","assigned_at","last_submitted_at","last_reviewed_at") VALUES('atg-ecae30db','asn-84a05d5c','gstu-d8fbe641','acad-1','assigned','2026-04-20 13:29:59',NULL,NULL);
INSERT INTO "assignment_targets" ("id","assignment_id","student_id","academy_id","status","assigned_at","last_submitted_at","last_reviewed_at") VALUES('atg-cfd9bc34','asn-1154b3b8','gstu-d8fbe641','acad-1','submitted','2026-04-20 13:38:56','2026-04-20 13:39:04',NULL);
INSERT INTO "assignment_targets" ("id","assignment_id","student_id","academy_id","status","assigned_at","last_submitted_at","last_reviewed_at") VALUES('atg-6eccb1fe','asn-f15b9cdd','gstu-d8fbe641','acad-1','submitted','2026-04-20 13:48:58','2026-04-20 13:49:06',NULL);
CREATE TABLE assignment_submissions (
  id TEXT PRIMARY KEY,
  target_id TEXT NOT NULL,
  student_id TEXT NOT NULL,
  academy_id TEXT NOT NULL,
  note TEXT,
  files TEXT NOT NULL DEFAULT '[]',            -- JSON: [{key, name, size, mime}]
  submitted_at DATETIME DEFAULT (datetime('now'))
);
INSERT INTO "assignment_submissions" ("id","target_id","student_id","academy_id","note","files","submitted_at") VALUES('asub-eeae7194','atg-9c87b736','gstu-d8fbe641','acad-1','선생님 풀어봤어요!','[{"key":"assignments/acad-1/submission/gstu-d8fbe641/1776690690674-10a3cc73-6c45-40db-86e0-764730a0d0e6.png","name":"test-submission.png","size":12,"mime":"image/png"}]','2026-04-20 13:11:31');
INSERT INTO "assignment_submissions" ("id","target_id","student_id","academy_id","note","files","submitted_at") VALUES('asub-46019fc3','atg-1cb583bb','gstu-d8fbe641','acad-1','풀었어요','[{"key":"assignments/acad-1/submission/gstu-d8fbe641/1776690765708-a9bb08f8-674a-42bd-b1c6-73031f9ceb93.png","name":"test.png","size":32,"mime":"image/png"}]','2026-04-20 13:12:47');
INSERT INTO "assignment_submissions" ("id","target_id","student_id","academy_id","note","files","submitted_at") VALUES('asub-9c228413','atg-1cb583bb','gstu-d8fbe641','acad-1','다시 풀었어요','[{"key":"assignments/acad-1/submission/gstu-d8fbe641/1776690790001-02499c7a-dabb-4b93-8315-f0383a10c4e3.png","name":"retry.png","size":32,"mime":"image/png"}]','2026-04-20 13:13:11');
INSERT INTO "assignment_submissions" ("id","target_id","student_id","academy_id","note","files","submitted_at") VALUES('asub-b697e830','atg-cfd9bc34','gstu-d8fbe641','acad-1','UI 테스트에서 올림','[{"key":"assignments/acad-1/submission/gstu-d8fbe641/1776692341869-71bafb8c-7e68-4c53-b225-0fc04274adac.png","name":"ui-submit-1776692337597.png","size":12,"mime":"image/png"}]','2026-04-20 13:39:03');
INSERT INTO "assignment_submissions" ("id","target_id","student_id","academy_id","note","files","submitted_at") VALUES('asub-ec4c0bcf','atg-6eccb1fe','gstu-d8fbe641','acad-1','UI 테스트에서 올림','[{"key":"assignments/acad-1/submission/gstu-d8fbe641/1776692943329-4a6fb48a-ade4-4643-9577-85facd630fbf.png","name":"ui-submit-1776692939656.png","size":12,"mime":"image/png"}]','2026-04-20 13:49:05');
CREATE TABLE assignment_responses (
  id TEXT PRIMARY KEY,
  target_id TEXT NOT NULL,
  submission_id TEXT,                          -- nullable: 특정 제출 미연결도 가능
  teacher_id TEXT NOT NULL,                    -- users.id
  academy_id TEXT NOT NULL,
  comment TEXT,
  file_key TEXT,                               -- R2 key (첨삭본 PDF 등; nullable)
  file_name TEXT,
  action TEXT NOT NULL DEFAULT 'accept',       -- 'accept'|'needs_resubmit'
  created_at DATETIME DEFAULT (datetime('now'))
);
INSERT INTO "assignment_responses" ("id","target_id","submission_id","teacher_id","academy_id","comment","file_key","file_name","action","created_at") VALUES('arsp-29e1a498','atg-9c87b736',NULL,'user-57ppx9v61','acad-1','3번 문제 다시 풀어주세요',NULL,NULL,'needs_resubmit','2026-04-20 13:11:32');
INSERT INTO "assignment_responses" ("id","target_id","submission_id","teacher_id","academy_id","comment","file_key","file_name","action","created_at") VALUES('arsp-18e2d08c','atg-1cb583bb',NULL,'user-57ppx9v61','acad-1','3번 문제 다시 풀어주세요',NULL,NULL,'needs_resubmit','2026-04-20 13:12:57');
INSERT INTO "assignment_responses" ("id","target_id","submission_id","teacher_id","academy_id","comment","file_key","file_name","action","created_at") VALUES('arsp-2118bfba','atg-1cb583bb',NULL,'user-57ppx9v61','acad-1','완벽해요!',NULL,NULL,'accept','2026-04-20 13:13:12');
CREATE TABLE student_play_state (
  student_id TEXT NOT NULL,
  academy_id TEXT NOT NULL,
  state_json TEXT NOT NULL DEFAULT '{}',
  updated_at TEXT NOT NULL DEFAULT (datetime('now')),
  PRIMARY KEY (student_id, academy_id)
);
INSERT INTO "student_play_state" ("student_id","academy_id","state_json","updated_at") VALUES('gstu-d8fbe641','acad-1','{"profile":{"lv":1,"exp":0,"coin":0,"streak":0,"lastActiveDate":null},"quizHistory":[],"badges":[],"seen":[],"creature":{"id":"c-mo7bjffn","name":"토토0742","speciesKey":"sprout","personality":"curious","stage":1,"hunger":100,"bond":5,"mood":"neutral","bornAt":"2026-04-20T14:57:11.651Z","lastInteractionAt":"2026-04-20T14:57:17.577Z","lastTickedAt":"2026-04-20T14:57:11.651Z"}}','2026-04-20 14:57:17');
CREATE TABLE consultations (
  id TEXT PRIMARY KEY,
  academy_id TEXT NOT NULL,
  student_id TEXT NOT NULL,
  author_id TEXT NOT NULL,          -- 작성 선생님
  channel TEXT NOT NULL,            -- phone | sms | kakao | in_person | other
  category TEXT NOT NULL DEFAULT 'monthly', -- monthly | pre_exam | post_exam | ad_hoc
  consulted_at TEXT NOT NULL,       -- 실제 상담 일시 (ISO)
  subjects TEXT,                    -- JSON array, 다과목 상담 시 과목 태그
  summary TEXT NOT NULL,            -- 상담 요약 (공유 대상 본문)
  parent_sentiment TEXT,            -- positive | neutral | concerned | null
  follow_up TEXT,                   -- 다음 액션/후속 상담 메모
  follow_up_due TEXT,               -- YYYY-MM-DD, 후속 일정
  created_at TEXT NOT NULL DEFAULT (datetime('now')),
  updated_at TEXT NOT NULL DEFAULT (datetime('now')),
  FOREIGN KEY (student_id) REFERENCES students(id) ON DELETE CASCADE,
  FOREIGN KEY (author_id) REFERENCES users(id) ON DELETE RESTRICT,
  FOREIGN KEY (academy_id) REFERENCES academies(id) ON DELETE CASCADE
);
CREATE TABLE student_external_schedules (
  id TEXT PRIMARY KEY,
  academy_id TEXT NOT NULL,
  student_id TEXT NOT NULL,
  author_id TEXT NOT NULL,
  kind TEXT NOT NULL,               -- other_subject | other_academy | exam | event
  title TEXT NOT NULL,              -- 예: "수학 1:1 (화목 7시)", "중간고사 수학"
  starts_at TEXT,                   -- ISO 또는 YYYY-MM-DD (시험/이벤트용)
  ends_at TEXT,
  recurrence TEXT,                  -- weekly | once | null (자유 표기)
  location TEXT,                    -- 타학원명 등
  note TEXT,
  created_at TEXT NOT NULL DEFAULT (datetime('now')),
  updated_at TEXT NOT NULL DEFAULT (datetime('now')),
  FOREIGN KEY (student_id) REFERENCES students(id) ON DELETE CASCADE,
  FOREIGN KEY (author_id) REFERENCES users(id) ON DELETE RESTRICT,
  FOREIGN KEY (academy_id) REFERENCES academies(id) ON DELETE CASCADE
);
CREATE TABLE student_teacher_notes (
  id              TEXT PRIMARY KEY,
  academy_id      TEXT NOT NULL,
  student_id      TEXT NOT NULL,
  author_id       TEXT NOT NULL,        -- 작성한 교과 선생님 (users.id)
  subject         TEXT NOT NULL,        -- '수학' | '영어' | ... (학원 subjects 어휘)
  category        TEXT NOT NULL,        -- attitude | understanding | homework | exam | etc
  sentiment       TEXT NOT NULL,        -- positive | neutral | concern
  tags            TEXT,                 -- JSON array (예: ["보강필요","집중부족"])
  content         TEXT NOT NULL,        -- 본문 (1~3줄 권장, 최대 1000자)
  source          TEXT NOT NULL DEFAULT 'manual', -- manual | post_class | post_exam | post_assignment
  source_ref_id   TEXT,                 -- exam_id / assignment_id 등 (선택)
  visibility      TEXT NOT NULL DEFAULT 'staff',  -- staff | homeroom_only | parent_share
  period_tag      TEXT NOT NULL,        -- 'YYYY-WW' 또는 'YYYY-MM' (요약 단위 인덱스)
  created_at      TEXT NOT NULL DEFAULT (datetime('now')),
  updated_at      TEXT NOT NULL DEFAULT (datetime('now')),
  FOREIGN KEY (academy_id) REFERENCES academies(id) ON DELETE CASCADE,
  FOREIGN KEY (student_id) REFERENCES students(id) ON DELETE CASCADE,
  FOREIGN KEY (author_id)  REFERENCES users(id)    ON DELETE RESTRICT
);
CREATE TABLE live_sessions (
  id              TEXT PRIMARY KEY,
  academy_id      TEXT NOT NULL,
  teacher_id      TEXT NOT NULL,
  student_id      TEXT NOT NULL,
  subject         TEXT NOT NULL,
  status          TEXT NOT NULL DEFAULT 'active', -- active | ended | abandoned
  started_at      TEXT NOT NULL DEFAULT (datetime('now')),
  ended_at        TEXT,
  duration_sec    INTEGER,
  problem_text    TEXT,
  problem_r2_key  TEXT,
  teacher_solution_text   TEXT,
  teacher_solution_r2_key TEXT,
  student_answer_text     TEXT,
  student_answer_r2_key   TEXT,
  note_id         TEXT,
  FOREIGN KEY (academy_id) REFERENCES academies(id) ON DELETE CASCADE,
  FOREIGN KEY (teacher_id) REFERENCES users(id) ON DELETE RESTRICT,
  FOREIGN KEY (student_id) REFERENCES students(id) ON DELETE CASCADE
);
DELETE FROM sqlite_sequence;
INSERT INTO "sqlite_sequence" ("name","seq") VALUES('d1_migrations',20);
CREATE INDEX idx_users_academy_id ON users(academy_id);
CREATE INDEX idx_users_email ON users(email);
CREATE INDEX idx_sessions_user_id ON sessions(user_id);
CREATE INDEX idx_classes_academy_id ON classes(academy_id);
CREATE INDEX idx_students_academy_id ON students(academy_id);
CREATE INDEX idx_students_class_id ON students(class_id);
CREATE INDEX idx_attendance_student_id ON attendance(student_id);
CREATE INDEX idx_attendance_class_id ON attendance(class_id);
CREATE INDEX idx_attendance_date ON attendance(date);
CREATE INDEX idx_reports_student_id ON reports(student_id);
CREATE INDEX idx_reports_month ON reports(month);
CREATE INDEX idx_messages_sender_id ON messages(sender_id);
CREATE INDEX idx_messages_recipient_id ON messages(recipient_id);
CREATE INDEX idx_audit_logs_user_id ON audit_logs(user_id);
CREATE INDEX idx_audit_logs_created_at ON audit_logs(created_at);
CREATE INDEX idx_report_send_configs_academy_id
  ON report_send_configs(academy_id);
CREATE INDEX idx_exams_academy_id ON exams(academy_id);
CREATE INDEX idx_exams_class_id ON exams(class_id);
CREATE INDEX idx_exams_exam_month ON exams(academy_id, exam_month);
CREATE INDEX idx_exams_is_active ON exams(academy_id, is_active);
CREATE INDEX idx_student_teachers_teacher ON student_teachers(teacher_id);
CREATE INDEX idx_report_sends_month ON report_sends(academy_id, year_month);
CREATE INDEX idx_class_students_class ON class_students(class_id);
CREATE INDEX idx_class_students_student ON class_students(student_id);
CREATE INDEX idx_absences_student ON absences(student_id);
CREATE INDEX idx_absences_date ON absences(absence_date);
CREATE INDEX idx_absences_status ON absences(status);
CREATE INDEX idx_makeups_absence ON makeups(absence_id);
CREATE INDEX idx_makeups_status ON makeups(status);
CREATE INDEX idx_notices_academy ON notices(academy_id);
CREATE INDEX idx_notices_pinned ON notices(is_pinned);
CREATE INDEX idx_notices_category ON notices(category);
CREATE INDEX idx_notice_reads_notice ON notice_reads(notice_id);
CREATE INDEX idx_actions_assigned_to ON action_items(assigned_to);
CREATE INDEX idx_actions_status ON action_items(status);
CREATE INDEX idx_actions_due ON action_items(due_date);
CREATE INDEX idx_exams_type_term
  ON exams(academy_id, exam_type, term);
CREATE INDEX idx_exam_review_settings_academy
  ON exam_review_settings(academy_id);
CREATE INDEX idx_exam_review_sends_lookup
  ON exam_review_sends(academy_id, term, exam_type);
CREATE INDEX idx_enrollments_student ON enrollments(student_id);
CREATE INDEX idx_enrollments_day ON enrollments(day);
CREATE INDEX idx_rt_sessions_date ON realtime_sessions(date);
CREATE INDEX idx_rt_sessions_teacher ON realtime_sessions(teacher_id, date);
CREATE INDEX idx_rt_sessions_student ON realtime_sessions(student_id, date);
CREATE INDEX idx_rt_sessions_status ON realtime_sessions(status);
CREATE INDEX idx_att_records_date ON attendance_records(date);
CREATE INDEX idx_att_records_student ON attendance_records(student_id, date);
CREATE INDEX idx_att_records_teacher ON attendance_records(teacher_id, date);
CREATE INDEX idx_students_academy_status ON students(academy_id, status);
CREATE INDEX idx_students_class ON students(class_id);
CREATE INDEX idx_absences_student_date ON absences(student_id, absence_date);
CREATE INDEX idx_messages_sender ON messages(sender_id);
CREATE INDEX idx_messages_recipient ON messages(recipient_id);
CREATE INDEX idx_notice_reads_user ON notice_reads(user_id);
CREATE INDEX idx_classes_instructor ON classes(instructor_id);
CREATE INDEX idx_sessions_user ON sessions(user_id);
CREATE INDEX idx_print_materials_student ON print_materials(student_id);
CREATE INDEX idx_print_materials_status ON print_materials(status);
CREATE INDEX idx_print_materials_created_by ON print_materials(created_by);
CREATE UNIQUE INDEX idx_academies_slug ON academies(slug);
CREATE INDEX idx_academies_owner_id ON academies(owner_id);
CREATE INDEX idx_invitations_code ON invitations(code);
CREATE INDEX idx_invitations_academy_id ON invitations(academy_id);
CREATE INDEX idx_meetings_academy ON meetings(academy_id);
CREATE INDEX idx_meetings_created_at ON meetings(created_at DESC);
CREATE INDEX idx_meeting_actions_meeting ON meeting_actions(meeting_id);
CREATE INDEX idx_sessions_expires ON sessions(expires_at);
CREATE INDEX idx_gacha_students_academy ON gacha_students(academy_id);
CREATE INDEX idx_gacha_students_teacher ON gacha_students(academy_id, teacher_id);
CREATE INDEX idx_gacha_cards_student ON gacha_cards(student_id);
CREATE INDEX idx_gacha_cards_teacher ON gacha_cards(academy_id, teacher_id);
CREATE INDEX idx_gacha_cards_box ON gacha_cards(student_id, box);
CREATE INDEX idx_proofs_academy ON proofs(academy_id);
CREATE INDEX idx_proofs_creator ON proofs(academy_id, created_by);
CREATE INDEX idx_proofs_shared ON proofs(is_shared) WHERE is_shared = 1;
CREATE INDEX idx_proof_steps_proof ON proof_steps(proof_id);
CREATE INDEX idx_proof_shares_original ON proof_shares(original_proof_id);
CREATE INDEX idx_gacha_sessions_student ON gacha_sessions(student_id);
CREATE INDEX idx_gacha_card_results_student ON gacha_card_results(student_id);
CREATE INDEX idx_proof_results_student ON proof_results(student_id);
CREATE INDEX idx_proof_results_proof ON proof_results(proof_id);
CREATE INDEX idx_proof_assignments_student ON proof_assignments(student_id);
CREATE INDEX idx_exam_papers_period ON exam_papers(exam_period_id);
CREATE INDEX idx_gacha_students_school ON gacha_students(school);
CREATE INDEX idx_students_school ON students(school);
CREATE INDEX idx_realtime_sessions_makeup ON realtime_sessions(makeup_id);
CREATE INDEX idx_makeups_scheduled_date ON makeups(scheduled_date);
CREATE INDEX idx_proof_givens_proof ON proof_givens(proof_id);
CREATE INDEX idx_proof_phases_proof ON proof_phases(proof_id);
CREATE INDEX idx_proof_phase_items_phase ON proof_phase_items(phase_id);
CREATE INDEX idx_proof_phase_results_student ON proof_phase_results(student_id);
CREATE INDEX idx_proof_phase_results_proof ON proof_phase_results(proof_id);
CREATE INDEX idx_proof_figures_proof ON proof_figures(proof_id);
CREATE INDEX idx_proof_figures_status ON proof_figures(review_status);
CREATE INDEX idx_paper_handouts_academy ON paper_handouts(academy_id);
CREATE INDEX idx_paper_handouts_match ON paper_handouts(academy_id, school, grade);
CREATE INDEX idx_paper_handouts_type ON paper_handouts(academy_id, exam_type);
CREATE INDEX idx_phd_paper ON paper_handout_distributions(paper_id);
CREATE INDEX idx_phd_student ON paper_handout_distributions(student_id, academy_id);
CREATE INDEX idx_exam_assign_status ON exam_assignments(exam_status);
CREATE INDEX idx_exam_assign_date ON exam_assignments(exam_date);
CREATE INDEX idx_adhoc_date ON adhoc_sessions(date);
CREATE INDEX idx_adhoc_teacher_date ON adhoc_sessions(teacher_id, date);
CREATE INDEX idx_adhoc_student_date ON adhoc_sessions(student_id, date);
CREATE INDEX idx_grades_student ON grades(student_id);
CREATE INDEX idx_grades_exam ON grades(exam_id);
CREATE INDEX idx_grades_year_month ON grades(year_month);
CREATE INDEX idx_exam_assign_adhoc ON exam_assignments(adhoc_session_id);
CREATE INDEX idx_study_units_book
  ON study_units(academy_id, textbook, kind, order_idx);
CREATE INDEX idx_ssp_student
  ON student_study_progress(student_id);
CREATE INDEX idx_ssp_unit
  ON student_study_progress(unit_id);
CREATE INDEX idx_vocab_words_student ON vocab_words(academy_id, student_id, status);
CREATE INDEX idx_vocab_words_box ON vocab_words(student_id, box);
CREATE INDEX idx_vocab_grammar_academy ON vocab_grammar_qa(academy_id, status);
CREATE INDEX idx_vocab_textbooks_academy ON vocab_textbooks(academy_id);
CREATE INDEX idx_vocab_textbook_words_book ON vocab_textbook_words(textbook_id);
CREATE INDEX idx_vocab_print_student ON vocab_print_jobs(student_id, created_at);
CREATE INDEX idx_vocab_grade_job ON vocab_grade_results(print_job_id);
CREATE INDEX idx_exam_attempts_assignment ON exam_attempts(exam_assignment_id);
CREATE INDEX idx_exam_attempts_status_acad ON exam_attempts(academy_id, status);
CREATE INDEX idx_exam_attempts_student ON exam_attempts(student_id);
CREATE UNIQUE INDEX uq_attempt_per_assignment ON exam_attempts(exam_assignment_id);
CREATE INDEX idx_users_status ON users(academy_id, status);
CREATE INDEX idx_assignments_academy ON assignments(academy_id, status, created_at DESC);
CREATE INDEX idx_assignments_created_by ON assignments(academy_id, created_by, status);
CREATE INDEX idx_assignment_targets_assignment ON assignment_targets(assignment_id);
CREATE INDEX idx_assignment_targets_student ON assignment_targets(student_id, status);
CREATE INDEX idx_assignment_targets_inbox ON assignment_targets(academy_id, status, last_submitted_at DESC);
CREATE INDEX idx_assignment_submissions_target ON assignment_submissions(target_id, submitted_at DESC);
CREATE INDEX idx_assignment_submissions_student ON assignment_submissions(academy_id, student_id, submitted_at DESC);
CREATE INDEX idx_assignment_responses_target ON assignment_responses(target_id, created_at DESC);
CREATE INDEX idx_assignment_responses_teacher ON assignment_responses(academy_id, teacher_id, created_at DESC);
CREATE INDEX idx_play_state_academy ON student_play_state(academy_id);
CREATE UNIQUE INDEX idx_student_teachers_homeroom_unique
  ON student_teachers(student_id) WHERE is_homeroom = 1;
CREATE INDEX idx_consultations_student_time
  ON consultations(student_id, consulted_at DESC);
CREATE INDEX idx_consultations_academy
  ON consultations(academy_id, consulted_at DESC);
CREATE INDEX idx_ext_schedule_student
  ON student_external_schedules(student_id, starts_at);
CREATE INDEX idx_ext_schedule_academy
  ON student_external_schedules(academy_id, starts_at);
CREATE INDEX idx_stn_student_time
  ON student_teacher_notes(student_id, created_at DESC);
CREATE INDEX idx_stn_author_time
  ON student_teacher_notes(author_id, created_at DESC);
CREATE INDEX idx_stn_academy_period
  ON student_teacher_notes(academy_id, period_tag);
CREATE INDEX idx_stn_subject_time
  ON student_teacher_notes(student_id, subject, created_at DESC);
CREATE INDEX idx_lvs_student_time ON live_sessions(student_id, started_at DESC);
CREATE INDEX idx_lvs_teacher_time ON live_sessions(teacher_id, started_at DESC);
CREATE INDEX idx_lvs_active ON live_sessions(status, academy_id);
