-- Auto-generated: Supabase Word_Gacha → D1 migration
-- academy=acad-1, teacher=user-i170bjn6w
-- generated_at=2026-04-25T03:29:00.473Z
-- PRAGMA foreign_keys = OFF; (D1 remote 미지원)
-- BEGIN TRANSACTION; (D1 remote 미지원)

-- 1) gacha_students
INSERT INTO gacha_students (id, academy_id, teacher_id, name, pin_hash, pin_salt, grade, status, created_at) VALUES ('gst-sb-21cf5881-93d', 'acad-1', 'user-i170bjn6w', '정지효', '', '', NULL, 'active', '2026-03-12T07:20:05.767683+00:00') ON CONFLICT(academy_id, teacher_id, name) DO NOTHING;
INSERT INTO gacha_students (id, academy_id, teacher_id, name, pin_hash, pin_salt, grade, status, created_at) VALUES ('gst-sb-ac7eba08-fd8', 'acad-1', 'user-i170bjn6w', '장혜연', '', '', NULL, 'active', '2026-03-12T07:20:05.847397+00:00') ON CONFLICT(academy_id, teacher_id, name) DO NOTHING;
INSERT INTO gacha_students (id, academy_id, teacher_id, name, pin_hash, pin_salt, grade, status, created_at) VALUES ('gst-sb-b0f307ef-c30', 'acad-1', 'user-i170bjn6w', '장혜정', '', '', NULL, 'active', '2026-03-12T07:20:05.939143+00:00') ON CONFLICT(academy_id, teacher_id, name) DO NOTHING;
INSERT INTO gacha_students (id, academy_id, teacher_id, name, pin_hash, pin_salt, grade, status, created_at) VALUES ('gst-sb-104c7909-e29', 'acad-1', 'user-i170bjn6w', '박도윤', '', '', NULL, 'active', '2026-03-12T07:20:06.046399+00:00') ON CONFLICT(academy_id, teacher_id, name) DO NOTHING;
INSERT INTO gacha_students (id, academy_id, teacher_id, name, pin_hash, pin_salt, grade, status, created_at) VALUES ('gst-sb-20969a71-24d', 'acad-1', 'user-i170bjn6w', '이승민', '', '', NULL, 'active', '2026-03-12T07:20:06.258197+00:00') ON CONFLICT(academy_id, teacher_id, name) DO NOTHING;
INSERT INTO gacha_students (id, academy_id, teacher_id, name, pin_hash, pin_salt, grade, status, created_at) VALUES ('gst-sb-dac4c91a-13e', 'acad-1', 'user-i170bjn6w', '권순우', '', '', NULL, 'active', '2026-03-12T07:20:06.31809+00:00') ON CONFLICT(academy_id, teacher_id, name) DO NOTHING;
INSERT INTO gacha_students (id, academy_id, teacher_id, name, pin_hash, pin_salt, grade, status, created_at) VALUES ('gst-sb-729cb4bb-f11', 'acad-1', 'user-i170bjn6w', '서재용', '', '', NULL, 'active', '2026-03-12T07:47:47.57401+00:00') ON CONFLICT(academy_id, teacher_id, name) DO NOTHING;
INSERT INTO gacha_students (id, academy_id, teacher_id, name, pin_hash, pin_salt, grade, status, created_at) VALUES ('gst-sb-18b949aa-48f', 'acad-1', 'user-i170bjn6w', '김지후', '', '', NULL, 'active', '2026-03-13T06:17:19.13707+00:00') ON CONFLICT(academy_id, teacher_id, name) DO NOTHING;
INSERT INTO gacha_students (id, academy_id, teacher_id, name, pin_hash, pin_salt, grade, status, created_at) VALUES ('gst-sb-54735473-da1', 'acad-1', 'user-i170bjn6w', '류호진', '', '', NULL, 'active', '2026-03-13T09:03:53.501889+00:00') ON CONFLICT(academy_id, teacher_id, name) DO NOTHING;
INSERT INTO gacha_students (id, academy_id, teacher_id, name, pin_hash, pin_salt, grade, status, created_at) VALUES ('gst-sb-75dd1659-408', 'acad-1', 'user-i170bjn6w', '김성준', '', '', NULL, 'active', '2026-03-13T09:31:19.431243+00:00') ON CONFLICT(academy_id, teacher_id, name) DO NOTHING;
INSERT INTO gacha_students (id, academy_id, teacher_id, name, pin_hash, pin_salt, grade, status, created_at) VALUES ('gst-sb-d8c19126-d3d', 'acad-1', 'user-i170bjn6w', '김하진', '', '', NULL, 'active', '2026-03-13T09:40:05.493099+00:00') ON CONFLICT(academy_id, teacher_id, name) DO NOTHING;
INSERT INTO gacha_students (id, academy_id, teacher_id, name, pin_hash, pin_salt, grade, status, created_at) VALUES ('gst-sb-88e61536-729', 'acad-1', 'user-i170bjn6w', '신채원', '', '', NULL, 'active', '2026-03-13T10:25:49.29206+00:00') ON CONFLICT(academy_id, teacher_id, name) DO NOTHING;
INSERT INTO gacha_students (id, academy_id, teacher_id, name, pin_hash, pin_salt, grade, status, created_at) VALUES ('gst-sb-61ed721c-102', 'acad-1', 'user-i170bjn6w', '정윤재', '', '', NULL, 'active', '2026-03-13T10:57:35.680164+00:00') ON CONFLICT(academy_id, teacher_id, name) DO NOTHING;
INSERT INTO gacha_students (id, academy_id, teacher_id, name, pin_hash, pin_salt, grade, status, created_at) VALUES ('gst-sb-d3ffe444-e06', 'acad-1', 'user-i170bjn6w', '윤슬아', '', '', NULL, 'active', '2026-03-13T11:19:45.296039+00:00') ON CONFLICT(academy_id, teacher_id, name) DO NOTHING;
INSERT INTO gacha_students (id, academy_id, teacher_id, name, pin_hash, pin_salt, grade, status, created_at) VALUES ('gst-sb-91d85be7-790', 'acad-1', 'user-i170bjn6w', '윤지후', '', '', NULL, 'active', '2026-03-16T10:40:27.915486+00:00') ON CONFLICT(academy_id, teacher_id, name) DO NOTHING;
INSERT INTO gacha_students (id, academy_id, teacher_id, name, pin_hash, pin_salt, grade, status, created_at) VALUES ('gst-sb-ac916ed7-57c', 'acad-1', 'user-i170bjn6w', '라우림', '', '', NULL, 'active', '2026-03-12T07:20:05.526748+00:00') ON CONFLICT(academy_id, teacher_id, name) DO NOTHING;
INSERT INTO gacha_students (id, academy_id, teacher_id, name, pin_hash, pin_salt, grade, status, created_at) VALUES ('gst-sb-0de85920-ba6', 'acad-1', 'user-i170bjn6w', '임지안', '', '', 2, 'active', '2026-03-12T07:20:06.174639+00:00') ON CONFLICT(academy_id, teacher_id, name) DO NOTHING;
INSERT INTO gacha_students (id, academy_id, teacher_id, name, pin_hash, pin_salt, grade, status, created_at) VALUES ('gst-sb-bfce39aa-959', 'acad-1', 'user-i170bjn6w', '이루다', '', '', 2, 'active', '2026-03-12T07:20:05.638468+00:00') ON CONFLICT(academy_id, teacher_id, name) DO NOTHING;
INSERT INTO gacha_students (id, academy_id, teacher_id, name, pin_hash, pin_salt, grade, status, created_at) VALUES ('gst-sb-4ac8ec14-e9e', 'acad-1', 'user-i170bjn6w', '김태현', '', '', NULL, 'active', '2026-03-26T07:11:20.564967+00:00') ON CONFLICT(academy_id, teacher_id, name) DO NOTHING;

-- 2) vocab_words
INSERT INTO vocab_words (id, academy_id, student_id, english, korean, blank_type, status, box, added_by, review_count, wrong_count, created_at) VALUES ('vw-sb-d168d6ef-1b6', 'acad-1', 'gst-sb-104c7909-e29', 'intellectual', '지적인', 'korean', 'approved', 4, 'student', 3, 0, '2026-03-16T07:07:28.805361+00:00') ON CONFLICT(id) DO NOTHING;
INSERT INTO vocab_words (id, academy_id, student_id, english, korean, blank_type, status, box, added_by, review_count, wrong_count, created_at) VALUES ('vw-sb-cd2f0ee1-972', 'acad-1', 'gst-sb-20969a71-24d', 'accurate', '정확한', 'korean', 'approved', 4, 'student', 3, 0, '2026-03-14T14:43:05.777791+00:00') ON CONFLICT(id) DO NOTHING;
INSERT INTO vocab_words (id, academy_id, student_id, english, korean, blank_type, status, box, added_by, review_count, wrong_count, created_at) VALUES ('vw-sb-d4419dbb-62a', 'acad-1', 'gst-sb-20969a71-24d', 'hono(u)r', '명예/경의, 존경하다', 'korean', 'approved', 3, 'student', 2, 0, '2026-03-14T14:34:38.974455+00:00') ON CONFLICT(id) DO NOTHING;
INSERT INTO vocab_words (id, academy_id, student_id, english, korean, blank_type, status, box, added_by, review_count, wrong_count, created_at) VALUES ('vw-sb-6923f480-43c', 'acad-1', 'gst-sb-20969a71-24d', 'pick up line', '플러팅 멘트', 'korean', 'approved', 3, 'student', 2, 0, '2026-03-14T15:37:31.31263+00:00') ON CONFLICT(id) DO NOTHING;
INSERT INTO vocab_words (id, academy_id, student_id, english, korean, blank_type, status, box, added_by, review_count, wrong_count, created_at) VALUES ('vw-sb-9dec3339-d2d', 'acad-1', 'gst-sb-18b949aa-48f', 'excellent', '뛰어난', 'korean', 'approved', 2, 'student', 1, 0, '2026-03-13T06:46:10.926558+00:00') ON CONFLICT(id) DO NOTHING;
INSERT INTO vocab_words (id, academy_id, student_id, english, korean, blank_type, status, box, added_by, review_count, wrong_count, created_at) VALUES ('vw-sb-0ba8e442-4c5', 'acad-1', 'gst-sb-18b949aa-48f', 'execute', '실행하다', 'korean', 'approved', 2, 'student', 1, 0, '2026-03-13T06:47:08.983403+00:00') ON CONFLICT(id) DO NOTHING;
INSERT INTO vocab_words (id, academy_id, student_id, english, korean, blank_type, status, box, added_by, review_count, wrong_count, created_at) VALUES ('vw-sb-296ab8fd-b1b', 'acad-1', 'gst-sb-75dd1659-408', 'Particular', '특정한', 'korean', 'approved', 1, 'student', 0, 0, '2026-04-06T11:02:36.828955+00:00') ON CONFLICT(id) DO NOTHING;
INSERT INTO vocab_words (id, academy_id, student_id, english, korean, blank_type, status, box, added_by, review_count, wrong_count, created_at) VALUES ('vw-sb-f7a3fee3-e6b', 'acad-1', 'gst-sb-75dd1659-408', 'negative', '부정의', 'korean', 'approved', 4, 'student', 4, 1, '2026-03-13T09:33:27.688093+00:00') ON CONFLICT(id) DO NOTHING;
INSERT INTO vocab_words (id, academy_id, student_id, english, korean, blank_type, status, box, added_by, review_count, wrong_count, created_at) VALUES ('vw-sb-8d4a962e-dc8', 'acad-1', 'gst-sb-0de85920-ba6', 'triumph', '승리하다', 'korean', 'approved', 2, 'student', 1, 0, '2026-03-12T07:20:28.521618+00:00') ON CONFLICT(id) DO NOTHING;
INSERT INTO vocab_words (id, academy_id, student_id, english, korean, blank_type, status, box, added_by, review_count, wrong_count, created_at) VALUES ('vw-sb-fd8097b9-d66', 'acad-1', 'gst-sb-18b949aa-48f', 'excess', '초과', 'korean', 'approved', 2, 'student', 1, 0, '2026-03-13T06:46:28.029579+00:00') ON CONFLICT(id) DO NOTHING;
INSERT INTO vocab_words (id, academy_id, student_id, english, korean, blank_type, status, box, added_by, review_count, wrong_count, created_at) VALUES ('vw-sb-d1dbe634-d55', 'acad-1', 'gst-sb-104c7909-e29', 'vigor', '활력', 'korean', 'approved', 2, 'student', 1, 0, '2026-03-23T09:42:35.384661+00:00') ON CONFLICT(id) DO NOTHING;
INSERT INTO vocab_words (id, academy_id, student_id, english, korean, blank_type, status, box, added_by, review_count, wrong_count, created_at) VALUES ('vw-sb-8a0c7b4c-d7d', 'acad-1', 'gst-sb-dac4c91a-13e', 'expose', '드러내다', 'korean', 'approved', 2, 'student', 1, 0, '2026-03-13T08:10:45.879727+00:00') ON CONFLICT(id) DO NOTHING;
INSERT INTO vocab_words (id, academy_id, student_id, english, korean, blank_type, status, box, added_by, review_count, wrong_count, created_at) VALUES ('vw-sb-9ea86357-27f', 'acad-1', 'gst-sb-18b949aa-48f', 'exaggerate', '과장하다', 'korean', 'approved', 2, 'student', 1, 0, '2026-03-13T06:45:53.494558+00:00') ON CONFLICT(id) DO NOTHING;
INSERT INTO vocab_words (id, academy_id, student_id, english, korean, blank_type, status, box, added_by, review_count, wrong_count, created_at) VALUES ('vw-sb-7e75d3b2-4bf', 'acad-1', 'gst-sb-104c7909-e29', 'agenda', '의제,안건', 'korean', 'approved', 3, 'student', 2, 0, '2026-03-19T09:11:06.587767+00:00') ON CONFLICT(id) DO NOTHING;
INSERT INTO vocab_words (id, academy_id, student_id, english, korean, blank_type, status, box, added_by, review_count, wrong_count, created_at) VALUES ('vw-sb-dae0269c-cc9', 'acad-1', 'gst-sb-18b949aa-48f', 'evolve', '발전하다', 'korean', 'approved', 2, 'student', 1, 0, '2026-03-13T06:45:35.767843+00:00') ON CONFLICT(id) DO NOTHING;
INSERT INTO vocab_words (id, academy_id, student_id, english, korean, blank_type, status, box, added_by, review_count, wrong_count, created_at) VALUES ('vw-sb-af3c0171-df7', 'acad-1', 'gst-sb-104c7909-e29', 'perspective', '관점', 'korean', 'approved', 3, 'student', 2, 0, '2026-03-12T07:20:28.382107+00:00') ON CONFLICT(id) DO NOTHING;
INSERT INTO vocab_words (id, academy_id, student_id, english, korean, blank_type, status, box, added_by, review_count, wrong_count, created_at) VALUES ('vw-sb-083138ee-fde', 'acad-1', 'gst-sb-bfce39aa-959', 'inevitable', '불가피한', 'korean', 'approved', 2, 'student', 0, 0, '2026-03-12T07:20:27.371876+00:00') ON CONFLICT(id) DO NOTHING;
INSERT INTO vocab_words (id, academy_id, student_id, english, korean, blank_type, status, box, added_by, review_count, wrong_count, created_at) VALUES ('vw-sb-8ce380b3-6b7', 'acad-1', 'gst-sb-18b949aa-48f', 'exclusive', '배타적인', 'korean', 'approved', 2, 'student', 1, 0, '2026-03-13T06:46:49.350477+00:00') ON CONFLICT(id) DO NOTHING;
INSERT INTO vocab_words (id, academy_id, student_id, english, korean, blank_type, status, box, added_by, review_count, wrong_count, created_at) VALUES ('vw-sb-71ef0d0a-70e', 'acad-1', 'gst-sb-dac4c91a-13e', 'fluid', '유동체', 'korean', 'approved', 3, 'student', 2, 0, '2026-03-20T09:02:05.534004+00:00') ON CONFLICT(id) DO NOTHING;
INSERT INTO vocab_words (id, academy_id, student_id, english, korean, blank_type, status, box, added_by, review_count, wrong_count, created_at) VALUES ('vw-sb-f2112a3f-059', 'acad-1', 'gst-sb-b0f307ef-c30', 'crucial', '중요한', 'korean', 'approved', 1, 'student', 1, 1, '2026-03-12T07:20:28.216714+00:00') ON CONFLICT(id) DO NOTHING;
INSERT INTO vocab_words (id, academy_id, student_id, english, korean, blank_type, status, box, added_by, review_count, wrong_count, created_at) VALUES ('vw-sb-7d0ef834-27d', 'acad-1', 'gst-sb-d8c19126-d3d', 'abort', '낙태하다,중단하다,취소하다', 'korean', 'approved', 1, 'student', 2, 1, '2026-03-13T09:40:45.223515+00:00') ON CONFLICT(id) DO NOTHING;
INSERT INTO vocab_words (id, academy_id, student_id, english, korean, blank_type, status, box, added_by, review_count, wrong_count, created_at) VALUES ('vw-sb-ffea048f-6ba', 'acad-1', 'gst-sb-20969a71-24d', 'negotiate', '협상하다', 'korean', 'approved', 2, 'student', 1, 0, '2026-03-12T07:20:28.691361+00:00') ON CONFLICT(id) DO NOTHING;
INSERT INTO vocab_words (id, academy_id, student_id, english, korean, blank_type, status, box, added_by, review_count, wrong_count, created_at) VALUES ('vw-sb-e32ed564-522', 'acad-1', 'gst-sb-dac4c91a-13e', 'accomplish', '성취하다', 'korean', 'approved', 1, 'student', 5, 4, '2026-03-12T07:20:28.777401+00:00') ON CONFLICT(id) DO NOTHING;
INSERT INTO vocab_words (id, academy_id, student_id, english, korean, blank_type, status, box, added_by, review_count, wrong_count, created_at) VALUES ('vw-sb-039c27d9-1c4', 'acad-1', 'gst-sb-bfce39aa-959', 'diligent', '부지런한', 'korean', 'approved', 2, 'student', 1, 1, '2026-03-12T07:20:27.493088+00:00') ON CONFLICT(id) DO NOTHING;
INSERT INTO vocab_words (id, academy_id, student_id, english, korean, blank_type, status, box, added_by, review_count, wrong_count, created_at) VALUES ('vw-sb-dd9d98c8-729', 'acad-1', 'gst-sb-d8c19126-d3d', 'absent', '부재의,결석한', 'korean', 'approved', 3, 'student', 2, 0, '2026-03-13T09:41:22.141203+00:00') ON CONFLICT(id) DO NOTHING;
INSERT INTO vocab_words (id, academy_id, student_id, english, korean, blank_type, status, box, added_by, review_count, wrong_count, created_at) VALUES ('vw-sb-1883be31-589', 'acad-1', 'gst-sb-d8c19126-d3d', 'abstract', '추상적인', 'korean', 'approved', 3, 'student', 2, 0, '2026-03-13T09:41:49.971584+00:00') ON CONFLICT(id) DO NOTHING;
INSERT INTO vocab_words (id, academy_id, student_id, english, korean, blank_type, status, box, added_by, review_count, wrong_count, created_at) VALUES ('vw-sb-4d356c8b-2b2', 'acad-1', 'gst-sb-b0f307ef-c30', 'apparent', '명백한', 'korean', 'approved', 1, 'student', 1, 1, '2026-03-12T07:20:28.168394+00:00') ON CONFLICT(id) DO NOTHING;
INSERT INTO vocab_words (id, academy_id, student_id, english, korean, blank_type, status, box, added_by, review_count, wrong_count, created_at) VALUES ('vw-sb-d30be6d4-c0e', 'acad-1', 'gst-sb-54735473-da1', 'welfare', '복지', 'korean', 'approved', 2, 'student', 1, 0, '2026-03-13T09:04:41.256972+00:00') ON CONFLICT(id) DO NOTHING;
INSERT INTO vocab_words (id, academy_id, student_id, english, korean, blank_type, status, box, added_by, review_count, wrong_count, created_at) VALUES ('vw-sb-598ea62c-3b0', 'acad-1', 'gst-sb-20969a71-24d', 'unity', '통일/일치', 'korean', 'approved', 4, 'student', 3, 0, '2026-03-14T14:35:08.980851+00:00') ON CONFLICT(id) DO NOTHING;
INSERT INTO vocab_words (id, academy_id, student_id, english, korean, blank_type, status, box, added_by, review_count, wrong_count, created_at) VALUES ('vw-sb-324f98d6-8f6', 'acad-1', 'gst-sb-20969a71-24d', 'consistent', '일관된', 'korean', 'approved', 4, 'student', 4, 1, '2026-03-12T07:20:28.574144+00:00') ON CONFLICT(id) DO NOTHING;
INSERT INTO vocab_words (id, academy_id, student_id, english, korean, blank_type, status, box, added_by, review_count, wrong_count, created_at) VALUES ('vw-sb-8b1882d3-a14', 'acad-1', 'gst-sb-d8c19126-d3d', 'absurd', '불합리한,터무니없는', 'korean', 'approved', 3, 'student', 2, 0, '2026-03-13T09:42:10.015161+00:00') ON CONFLICT(id) DO NOTHING;
INSERT INTO vocab_words (id, academy_id, student_id, english, korean, blank_type, status, box, added_by, review_count, wrong_count, created_at) VALUES ('vw-sb-c29da4c5-6a1', 'acad-1', 'gst-sb-ac7eba08-fd8', 'accommodate', '수용하다', 'korean', 'approved', 2, 'student', 1, 0, '2026-03-13T08:21:59.050363+00:00') ON CONFLICT(id) DO NOTHING;
INSERT INTO vocab_words (id, academy_id, student_id, english, korean, blank_type, status, box, added_by, review_count, wrong_count, created_at) VALUES ('vw-sb-24f19fae-e3d', 'acad-1', 'gst-sb-ac7eba08-fd8', 'abort', '중단하다', 'korean', 'approved', 2, 'student', 1, 0, '2026-03-13T08:21:07.388629+00:00') ON CONFLICT(id) DO NOTHING;
INSERT INTO vocab_words (id, academy_id, student_id, english, korean, blank_type, status, box, added_by, review_count, wrong_count, created_at) VALUES ('vw-sb-bc259d32-ea8', 'acad-1', 'gst-sb-21cf5881-93d', 'meticulous', '꼼꼼한', 'korean', 'approved', 1, 'student', 1, 1, '2026-03-12T07:20:27.657604+00:00') ON CONFLICT(id) DO NOTHING;
INSERT INTO vocab_words (id, academy_id, student_id, english, korean, blank_type, status, box, added_by, review_count, wrong_count, created_at) VALUES ('vw-sb-4aa6aad7-11d', 'acad-1', 'gst-sb-21cf5881-93d', '보넥도 프로듀서는?', 'ZICO', 'korean', 'approved', 2, 'teacher', 3, 1, '2026-03-12T07:47:33.791795+00:00') ON CONFLICT(id) DO NOTHING;
INSERT INTO vocab_words (id, academy_id, student_id, english, korean, blank_type, status, box, added_by, review_count, wrong_count, created_at) VALUES ('vw-sb-24d1736d-d24', 'acad-1', 'gst-sb-ac916ed7-57c', 'fluent', '유창한', 'korean', 'approved', 2, 'student', 0, 0, '2026-03-12T07:20:26.395262+00:00') ON CONFLICT(id) DO NOTHING;
INSERT INTO vocab_words (id, academy_id, student_id, english, korean, blank_type, status, box, added_by, review_count, wrong_count, created_at) VALUES ('vw-sb-c1109710-657', 'acad-1', 'gst-sb-104c7909-e29', 'peculiar', '특이한', 'korean', 'approved', 1, 'student', 0, 0, '2026-03-12T07:20:28.319778+00:00') ON CONFLICT(id) DO NOTHING;
INSERT INTO vocab_words (id, academy_id, student_id, english, korean, blank_type, status, box, added_by, review_count, wrong_count, created_at) VALUES ('vw-sb-dfa39dfb-a59', 'acad-1', 'gst-sb-dac4c91a-13e', 'executive', '실행력있는', 'korean', 'approved', 1, 'student', 1, 1, '2026-03-13T08:09:16.124693+00:00') ON CONFLICT(id) DO NOTHING;
INSERT INTO vocab_words (id, academy_id, student_id, english, korean, blank_type, status, box, added_by, review_count, wrong_count, created_at) VALUES ('vw-sb-750e73a6-7ea', 'acad-1', 'gst-sb-ac916ed7-57c', 'ambiguous', '모호한', 'korean', 'approved', 2, 'student', 0, 0, '2026-03-12T07:20:26.162669+00:00') ON CONFLICT(id) DO NOTHING;
INSERT INTO vocab_words (id, academy_id, student_id, english, korean, blank_type, status, box, added_by, review_count, wrong_count, created_at) VALUES ('vw-sb-bcb3ae6a-37f', 'acad-1', 'gst-sb-ac916ed7-57c', 'persevere', '인내하다', 'korean', 'approved', 2, 'student', 0, 0, '2026-03-12T07:20:26.538743+00:00') ON CONFLICT(id) DO NOTHING;
INSERT INTO vocab_words (id, academy_id, student_id, english, korean, blank_type, status, box, added_by, review_count, wrong_count, created_at) VALUES ('vw-sb-27bddef1-db4', 'acad-1', 'gst-sb-ac916ed7-57c', 'vague', '막연한, 불분명한', 'korean', 'approved', 2, 'student', 0, 0, '2026-03-12T07:20:26.711901+00:00') ON CONFLICT(id) DO NOTHING;
INSERT INTO vocab_words (id, academy_id, student_id, english, korean, blank_type, status, box, added_by, review_count, wrong_count, created_at) VALUES ('vw-sb-3d4aa24d-401', 'acad-1', 'gst-sb-bfce39aa-959', 'eloquent', '웅변적인', 'korean', 'approved', 1, 'student', 0, 0, '2026-03-12T07:20:27.429653+00:00') ON CONFLICT(id) DO NOTHING;
INSERT INTO vocab_words (id, academy_id, student_id, english, korean, blank_type, status, box, added_by, review_count, wrong_count, created_at) VALUES ('vw-sb-0b972670-3d6', 'acad-1', 'gst-sb-21cf5881-93d', 'profound', '깊은, 심오한', 'korean', 'approved', 1, 'student', 0, 0, '2026-03-12T07:20:27.865131+00:00') ON CONFLICT(id) DO NOTHING;
INSERT INTO vocab_words (id, academy_id, student_id, english, korean, blank_type, status, box, added_by, review_count, wrong_count, created_at) VALUES ('vw-sb-bfa23600-aea', 'acad-1', 'gst-sb-75dd1659-408', 'negotiate', '협정하다', 'korean', 'approved', 1, 'student', 5, 3, '2026-03-13T09:33:40.967079+00:00') ON CONFLICT(id) DO NOTHING;
INSERT INTO vocab_words (id, academy_id, student_id, english, korean, blank_type, status, box, added_by, review_count, wrong_count, created_at) VALUES ('vw-sb-4d59ce24-bdb', 'acad-1', 'gst-sb-18b949aa-48f', 'fair', '공편한', 'korean', 'approved', 1, 'student', 0, 0, '2026-03-23T07:45:31.885501+00:00') ON CONFLICT(id) DO NOTHING;
INSERT INTO vocab_words (id, academy_id, student_id, english, korean, blank_type, status, box, added_by, review_count, wrong_count, created_at) VALUES ('vw-sb-2d3cc9d4-3b4', 'acad-1', 'gst-sb-21cf5881-93d', 'curious', '호기심 있는', 'korean', 'approved', 1, 'student', 1, 1, '2026-03-12T07:20:27.802188+00:00') ON CONFLICT(id) DO NOTHING;
INSERT INTO vocab_words (id, academy_id, student_id, english, korean, blank_type, status, box, added_by, review_count, wrong_count, created_at) VALUES ('vw-sb-d05af1c7-94f', 'acad-1', 'gst-sb-104c7909-e29', 'repurpose', '재활용하다', 'korean', 'approved', 3, 'student', 2, 0, '2026-04-10T08:33:18.548788+00:00') ON CONFLICT(id) DO NOTHING;
INSERT INTO vocab_words (id, academy_id, student_id, english, korean, blank_type, status, box, added_by, review_count, wrong_count, created_at) VALUES ('vw-sb-eaf611ca-cf0', 'acad-1', 'gst-sb-dac4c91a-13e', 'explain', '설명하다', 'korean', 'approved', 1, 'student', 1, 1, '2026-03-13T08:10:00.242839+00:00') ON CONFLICT(id) DO NOTHING;
INSERT INTO vocab_words (id, academy_id, student_id, english, korean, blank_type, status, box, added_by, review_count, wrong_count, created_at) VALUES ('vw-sb-60f8f124-a24', 'acad-1', 'gst-sb-104c7909-e29', 'hesitate', '망설이다', 'korean', 'approved', 4, 'student', 3, 0, '2026-03-12T07:20:28.268333+00:00') ON CONFLICT(id) DO NOTHING;
INSERT INTO vocab_words (id, academy_id, student_id, english, korean, blank_type, status, box, added_by, review_count, wrong_count, created_at) VALUES ('vw-sb-4b123898-68a', 'acad-1', 'gst-sb-ac7eba08-fd8', 'collaborate', '협력하다', 'english', 'approved', 2, 'student', 1, 0, '2026-03-12T07:20:28.021923+00:00') ON CONFLICT(id) DO NOTHING;
INSERT INTO vocab_words (id, academy_id, student_id, english, korean, blank_type, status, box, added_by, review_count, wrong_count, created_at) VALUES ('vw-sb-f79a0892-258', 'acad-1', 'gst-sb-ac7eba08-fd8', 'abandant', '풍부한', 'korean', 'approved', 2, 'student', 1, 0, '2026-03-13T08:21:26.562549+00:00') ON CONFLICT(id) DO NOTHING;
INSERT INTO vocab_words (id, academy_id, student_id, english, korean, blank_type, status, box, added_by, review_count, wrong_count, created_at) VALUES ('vw-sb-e9ac99cd-821', 'acad-1', 'gst-sb-ac7eba08-fd8', 'acknowledge', '인정하다', 'korean', 'approved', 1, 'student', 1, 1, '2026-03-12T07:20:27.914582+00:00') ON CONFLICT(id) DO NOTHING;
INSERT INTO vocab_words (id, academy_id, student_id, english, korean, blank_type, status, box, added_by, review_count, wrong_count, created_at) VALUES ('vw-sb-14a356dd-30b', 'acad-1', 'gst-sb-0de85920-ba6', 'genuine', '진짜의, 진실한', 'korean', 'approved', 3, 'student', 3, 1, '2026-03-12T07:20:28.42855+00:00') ON CONFLICT(id) DO NOTHING;
INSERT INTO vocab_words (id, academy_id, student_id, english, korean, blank_type, status, box, added_by, review_count, wrong_count, created_at) VALUES ('vw-sb-699a0ecb-48f', 'acad-1', 'gst-sb-bfce39aa-959', '님프의 꿈의 2세트 효과는?', '물 원소 피해 보너스+15%', 'korean', 'approved', 1, 'teacher', 0, 0, '2026-03-13T06:48:57.344081+00:00') ON CONFLICT(id) DO NOTHING;
INSERT INTO vocab_words (id, academy_id, student_id, english, korean, blank_type, status, box, added_by, review_count, wrong_count, created_at) VALUES ('vw-sb-f9d5ab25-40b', 'acad-1', 'gst-sb-dac4c91a-13e', 'exploit', '개발하다', 'korean', 'approved', 1, 'student', 0, 0, '2026-03-13T08:10:18.136882+00:00') ON CONFLICT(id) DO NOTHING;
INSERT INTO vocab_words (id, academy_id, student_id, english, korean, blank_type, status, box, added_by, review_count, wrong_count, created_at) VALUES ('vw-sb-0305d76b-794', 'acad-1', 'gst-sb-dac4c91a-13e', 'except', '-을 제외하고', 'korean', 'approved', 1, 'student', 0, 0, '2026-03-13T08:08:23.413691+00:00') ON CONFLICT(id) DO NOTHING;
INSERT INTO vocab_words (id, academy_id, student_id, english, korean, blank_type, status, box, added_by, review_count, wrong_count, created_at) VALUES ('vw-sb-217e217d-457', 'acad-1', 'gst-sb-729cb4bb-f11', '절대 그런일 없다', '게이야', 'korean', 'pending', 1, 'student', 0, 0, '2026-03-13T08:47:49.580618+00:00') ON CONFLICT(id) DO NOTHING;
INSERT INTO vocab_words (id, academy_id, student_id, english, korean, blank_type, status, box, added_by, review_count, wrong_count, created_at) VALUES ('vw-sb-98d6d71f-83b', 'acad-1', 'gst-sb-dac4c91a-13e', 'obstacle', '장애물', 'korean', 'approved', 1, 'student', 2, 1, '2026-03-12T07:20:28.830108+00:00') ON CONFLICT(id) DO NOTHING;
INSERT INTO vocab_words (id, academy_id, student_id, english, korean, blank_type, status, box, added_by, review_count, wrong_count, created_at) VALUES ('vw-sb-2d26825e-5fa', 'acad-1', 'gst-sb-20969a71-24d', 'conclusion', '결론', 'korean', 'approved', 3, 'teacher', 2, 0, '2026-03-16T06:58:32.082474+00:00') ON CONFLICT(id) DO NOTHING;
INSERT INTO vocab_words (id, academy_id, student_id, english, korean, blank_type, status, box, added_by, review_count, wrong_count, created_at) VALUES ('vw-sb-2736c6ee-245', 'acad-1', 'gst-sb-104c7909-e29', 'prime', '대비시키가', 'korean', 'approved', 2, 'student', 1, 0, '2026-03-16T07:21:04.559198+00:00') ON CONFLICT(id) DO NOTHING;
INSERT INTO vocab_words (id, academy_id, student_id, english, korean, blank_type, status, box, added_by, review_count, wrong_count, created_at) VALUES ('vw-sb-0950116e-23b', 'acad-1', 'gst-sb-20969a71-24d', 'symbol', '상징', 'korean', 'approved', 3, 'student', 2, 0, '2026-03-14T14:35:36.716764+00:00') ON CONFLICT(id) DO NOTHING;
INSERT INTO vocab_words (id, academy_id, student_id, english, korean, blank_type, status, box, added_by, review_count, wrong_count, created_at) VALUES ('vw-sb-811d5b37-c11', 'acad-1', 'gst-sb-104c7909-e29', 'sermon', '설교', 'korean', 'approved', 4, 'student', 4, 1, '2026-03-16T07:16:25.65123+00:00') ON CONFLICT(id) DO NOTHING;
INSERT INTO vocab_words (id, academy_id, student_id, english, korean, blank_type, status, box, added_by, review_count, wrong_count, created_at) VALUES ('vw-sb-b5a46fd4-d00', 'acad-1', 'gst-sb-75dd1659-408', 'Passenger', '승객', 'korean', 'approved', 1, 'student', 0, 0, '2026-04-06T11:02:50.955078+00:00') ON CONFLICT(id) DO NOTHING;
INSERT INTO vocab_words (id, academy_id, student_id, english, korean, blank_type, status, box, added_by, review_count, wrong_count, created_at) VALUES ('vw-sb-f1ad68ab-b12', 'acad-1', 'gst-sb-104c7909-e29', 'calculus', '미적분학', 'korean', 'approved', 3, 'student', 2, 0, '2026-03-16T07:20:10.42704+00:00') ON CONFLICT(id) DO NOTHING;
INSERT INTO vocab_words (id, academy_id, student_id, english, korean, blank_type, status, box, added_by, review_count, wrong_count, created_at) VALUES ('vw-sb-dc4b8548-49f', 'acad-1', 'gst-sb-104c7909-e29', 'dialect', '방언', 'korean', 'approved', 3, 'student', 2, 0, '2026-03-16T07:13:22.254146+00:00') ON CONFLICT(id) DO NOTHING;
INSERT INTO vocab_words (id, academy_id, student_id, english, korean, blank_type, status, box, added_by, review_count, wrong_count, created_at) VALUES ('vw-sb-ebcce4b3-132', 'acad-1', 'gst-sb-104c7909-e29', 'intonation', '어조', 'korean', 'approved', 4, 'student', 3, 0, '2026-03-16T07:13:04.356654+00:00') ON CONFLICT(id) DO NOTHING;
INSERT INTO vocab_words (id, academy_id, student_id, english, korean, blank_type, status, box, added_by, review_count, wrong_count, created_at) VALUES ('vw-sb-03dbd2ed-f6a', 'acad-1', 'gst-sb-18b949aa-48f', 'familiar', '익숙한', 'korean', 'approved', 1, 'student', 0, 0, '2026-03-23T07:45:50.541191+00:00') ON CONFLICT(id) DO NOTHING;
INSERT INTO vocab_words (id, academy_id, student_id, english, korean, blank_type, status, box, added_by, review_count, wrong_count, created_at) VALUES ('vw-sb-d2d8a84a-58e', 'acad-1', 'gst-sb-88e61536-729', 'debate', '10년간', 'korean', 'approved', 2, 'student', 1, 0, '2026-03-13T10:26:48.884833+00:00') ON CONFLICT(id) DO NOTHING;
INSERT INTO vocab_words (id, academy_id, student_id, english, korean, blank_type, status, box, added_by, review_count, wrong_count, created_at) VALUES ('vw-sb-131db273-a6b', 'acad-1', 'gst-sb-104c7909-e29', 'startle', '놀라게 하다', 'korean', 'approved', 3, 'student', 2, 0, '2026-03-16T07:20:49.694147+00:00') ON CONFLICT(id) DO NOTHING;
INSERT INTO vocab_words (id, academy_id, student_id, english, korean, blank_type, status, box, added_by, review_count, wrong_count, created_at) VALUES ('vw-sb-104839e0-689', 'acad-1', 'gst-sb-75dd1659-408', 'Objection', '반대', 'korean', 'approved', 2, 'student', 2, 1, '2026-03-20T09:24:53.715681+00:00') ON CONFLICT(id) DO NOTHING;
INSERT INTO vocab_words (id, academy_id, student_id, english, korean, blank_type, status, box, added_by, review_count, wrong_count, created_at) VALUES ('vw-sb-b3bb4730-a7b', 'acad-1', 'gst-sb-104c7909-e29', 'encyclopedia', '백과사전', 'korean', 'approved', 4, 'student', 3, 0, '2026-03-16T07:12:06.93934+00:00') ON CONFLICT(id) DO NOTHING;
INSERT INTO vocab_words (id, academy_id, student_id, english, korean, blank_type, status, box, added_by, review_count, wrong_count, created_at) VALUES ('vw-sb-5dc793d5-852', 'acad-1', 'gst-sb-104c7909-e29', 'revolutionize', '혁신을 일으키다', 'korean', 'approved', 3, 'student', 2, 0, '2026-04-09T07:37:52.136901+00:00') ON CONFLICT(id) DO NOTHING;
INSERT INTO vocab_words (id, academy_id, student_id, english, korean, blank_type, status, box, added_by, review_count, wrong_count, created_at) VALUES ('vw-sb-341a9f8c-7ea', 'acad-1', 'gst-sb-104c7909-e29', 'bachelor', '학사', 'korean', 'approved', 2, 'student', 1, 0, '2026-03-16T07:12:21.533759+00:00') ON CONFLICT(id) DO NOTHING;
INSERT INTO vocab_words (id, academy_id, student_id, english, korean, blank_type, status, box, added_by, review_count, wrong_count, created_at) VALUES ('vw-sb-4f43e721-802', 'acad-1', 'gst-sb-104c7909-e29', 'plight', '역경,곤란', 'korean', 'approved', 1, 'student', 1, 1, '2026-03-19T09:08:11.967705+00:00') ON CONFLICT(id) DO NOTHING;
INSERT INTO vocab_words (id, academy_id, student_id, english, korean, blank_type, status, box, added_by, review_count, wrong_count, created_at) VALUES ('vw-sb-a2fcea13-0dc', 'acad-1', 'gst-sb-104c7909-e29', 'criteria', '기준,표준', 'korean', 'approved', 2, 'student', 1, 0, '2026-03-16T07:14:37.609718+00:00') ON CONFLICT(id) DO NOTHING;
INSERT INTO vocab_words (id, academy_id, student_id, english, korean, blank_type, status, box, added_by, review_count, wrong_count, created_at) VALUES ('vw-sb-271b9d52-c17', 'acad-1', 'gst-sb-104c7909-e29', 'preach', '설교하다', 'korean', 'approved', 4, 'student', 3, 0, '2026-03-16T07:16:11.163097+00:00') ON CONFLICT(id) DO NOTHING;
INSERT INTO vocab_words (id, academy_id, student_id, english, korean, blank_type, status, box, added_by, review_count, wrong_count, created_at) VALUES ('vw-sb-73123da9-efc', 'acad-1', 'gst-sb-104c7909-e29', 'coalesce', '합치다', 'korean', 'approved', 2, 'student', 1, 0, '2026-03-16T07:19:31.827567+00:00') ON CONFLICT(id) DO NOTHING;
INSERT INTO vocab_words (id, academy_id, student_id, english, korean, blank_type, status, box, added_by, review_count, wrong_count, created_at) VALUES ('vw-sb-02b87a5c-3fb', 'acad-1', 'gst-sb-20969a71-24d', 'demonstration', '시위, 데모', 'korean', 'approved', 2, 'student', 2, 1, '2026-03-14T14:40:09.787018+00:00') ON CONFLICT(id) DO NOTHING;
INSERT INTO vocab_words (id, academy_id, student_id, english, korean, blank_type, status, box, added_by, review_count, wrong_count, created_at) VALUES ('vw-sb-62d3b212-004', 'acad-1', 'gst-sb-20969a71-24d', 'expriment', 'conclusion', 'korean', 'approved', 4, 'student', 3, 0, '2026-03-13T09:47:46.971308+00:00') ON CONFLICT(id) DO NOTHING;
INSERT INTO vocab_words (id, academy_id, student_id, english, korean, blank_type, status, box, added_by, review_count, wrong_count, created_at) VALUES ('vw-sb-82adb103-8ae', 'acad-1', 'gst-sb-20969a71-24d', 'Determination', '의지', 'korean', 'approved', 3, 'student', 2, 0, '2026-03-14T14:30:53.917231+00:00') ON CONFLICT(id) DO NOTHING;
INSERT INTO vocab_words (id, academy_id, student_id, english, korean, blank_type, status, box, added_by, review_count, wrong_count, created_at) VALUES ('vw-sb-dbef1d8a-ba9', 'acad-1', 'gst-sb-104c7909-e29', 'assimilation', '흡수,동화', 'korean', 'approved', 3, 'student', 2, 0, '2026-03-16T07:14:56.604172+00:00') ON CONFLICT(id) DO NOTHING;
INSERT INTO vocab_words (id, academy_id, student_id, english, korean, blank_type, status, box, added_by, review_count, wrong_count, created_at) VALUES ('vw-sb-dbddb699-dc3', 'acad-1', 'gst-sb-21cf5881-93d', 'departure', '출발', 'korean', 'approved', 2, 'student', 1, 0, '2026-03-13T09:43:59.666456+00:00') ON CONFLICT(id) DO NOTHING;
INSERT INTO vocab_words (id, academy_id, student_id, english, korean, blank_type, status, box, added_by, review_count, wrong_count, created_at) VALUES ('vw-sb-e183ba96-327', 'acad-1', 'gst-sb-21cf5881-93d', 'range', '범위', 'korean', 'approved', 2, 'student', 1, 0, '2026-03-13T09:44:54.484665+00:00') ON CONFLICT(id) DO NOTHING;
INSERT INTO vocab_words (id, academy_id, student_id, english, korean, blank_type, status, box, added_by, review_count, wrong_count, created_at) VALUES ('vw-sb-53aa6515-bf9', 'acad-1', 'gst-sb-21cf5881-93d', 'secure', '안전한', 'korean', 'approved', 2, 'student', 1, 0, '2026-03-13T09:44:43.090186+00:00') ON CONFLICT(id) DO NOTHING;
INSERT INTO vocab_words (id, academy_id, student_id, english, korean, blank_type, status, box, added_by, review_count, wrong_count, created_at) VALUES ('vw-sb-a9ff1a77-aef', 'acad-1', 'gst-sb-21cf5881-93d', 'opponent', '상대', 'korean', 'approved', 1, 'student', 2, 1, '2026-03-13T09:44:19.573867+00:00') ON CONFLICT(id) DO NOTHING;
INSERT INTO vocab_words (id, academy_id, student_id, english, korean, blank_type, status, box, added_by, review_count, wrong_count, created_at) VALUES ('vw-sb-aa02a46a-318', 'acad-1', 'gst-sb-20969a71-24d', 'maturity', '성숙함', 'korean', 'approved', 2, 'student', 1, 0, '2026-03-14T15:13:46.37012+00:00') ON CONFLICT(id) DO NOTHING;
INSERT INTO vocab_words (id, academy_id, student_id, english, korean, blank_type, status, box, added_by, review_count, wrong_count, created_at) VALUES ('vw-sb-829929a9-679', 'acad-1', 'gst-sb-20969a71-24d', 'emphasis', '강조', 'korean', 'approved', 3, 'teacher', 3, 1, '2026-03-16T06:51:50.448292+00:00') ON CONFLICT(id) DO NOTHING;
INSERT INTO vocab_words (id, academy_id, student_id, english, korean, blank_type, status, box, added_by, review_count, wrong_count, created_at) VALUES ('vw-sb-d1f4c978-76a', 'acad-1', 'gst-sb-20969a71-24d', 'coolness', '시원함, 냉랭함, 간지', 'korean', 'approved', 3, 'student', 2, 0, '2026-03-14T15:21:40.650732+00:00') ON CONFLICT(id) DO NOTHING;
INSERT INTO vocab_words (id, academy_id, student_id, english, korean, blank_type, status, box, added_by, review_count, wrong_count, created_at) VALUES ('vw-sb-b6d891ab-472', 'acad-1', 'gst-sb-20969a71-24d', 'glory', '영광', 'korean', 'approved', 4, 'student', 3, 0, '2026-03-14T14:33:16.58232+00:00') ON CONFLICT(id) DO NOTHING;
INSERT INTO vocab_words (id, academy_id, student_id, english, korean, blank_type, status, box, added_by, review_count, wrong_count, created_at) VALUES ('vw-sb-e2800b39-c09', 'acad-1', 'gst-sb-20969a71-24d', 'simultaneous', '동시에', 'korean', 'approved', 2, 'student', 1, 0, '2026-03-16T07:20:08.653504+00:00') ON CONFLICT(id) DO NOTHING;
INSERT INTO vocab_words (id, academy_id, student_id, english, korean, blank_type, status, box, added_by, review_count, wrong_count, created_at) VALUES ('vw-sb-70a8d755-e17', 'acad-1', 'gst-sb-104c7909-e29', 'scolding', '비난', 'korean', 'approved', 3, 'student', 2, 0, '2026-03-16T07:18:37.727945+00:00') ON CONFLICT(id) DO NOTHING;
INSERT INTO vocab_words (id, academy_id, student_id, english, korean, blank_type, status, box, added_by, review_count, wrong_count, created_at) VALUES ('vw-sb-ebee4dd6-0e3', 'acad-1', 'gst-sb-20969a71-24d', 'demonstrate', '보여주다, 입증하다', 'korean', 'approved', 1, 'student', 0, 0, '2026-03-14T14:39:54.087497+00:00') ON CONFLICT(id) DO NOTHING;
INSERT INTO vocab_words (id, academy_id, student_id, english, korean, blank_type, status, box, added_by, review_count, wrong_count, created_at) VALUES ('vw-sb-39f69830-676', 'acad-1', 'gst-sb-104c7909-e29', 'nocturnal', '야행성의', 'korean', 'approved', 2, 'student', 1, 0, '2026-03-16T07:10:05.446014+00:00') ON CONFLICT(id) DO NOTHING;
INSERT INTO vocab_words (id, academy_id, student_id, english, korean, blank_type, status, box, added_by, review_count, wrong_count, created_at) VALUES ('vw-sb-296a0817-3a3', 'acad-1', 'gst-sb-104c7909-e29', 'heir', '후계자', 'korean', 'approved', 2, 'student', 1, 0, '2026-03-16T07:11:04.687689+00:00') ON CONFLICT(id) DO NOTHING;
INSERT INTO vocab_words (id, academy_id, student_id, english, korean, blank_type, status, box, added_by, review_count, wrong_count, created_at) VALUES ('vw-sb-f8484afc-45b', 'acad-1', 'gst-sb-75dd1659-408', 'nowhere', '아무데도 - 않다', 'korean', 'approved', 1, 'student', 3, 1, '2026-03-20T09:24:13.523798+00:00') ON CONFLICT(id) DO NOTHING;
INSERT INTO vocab_words (id, academy_id, student_id, english, korean, blank_type, status, box, added_by, review_count, wrong_count, created_at) VALUES ('vw-sb-0038ad37-89d', 'acad-1', 'gst-sb-75dd1659-408', 'Obey', '복종하다', 'korean', 'approved', 2, 'student', 3, 2, '2026-03-20T09:24:33.731646+00:00') ON CONFLICT(id) DO NOTHING;
INSERT INTO vocab_words (id, academy_id, student_id, english, korean, blank_type, status, box, added_by, review_count, wrong_count, created_at) VALUES ('vw-sb-a0199eb4-f58', 'acad-1', 'gst-sb-104c7909-e29', 'condemn', '비난하다,규탄하다', 'korean', 'approved', 3, 'student', 2, 0, '2026-03-19T09:14:32.247137+00:00') ON CONFLICT(id) DO NOTHING;
INSERT INTO vocab_words (id, academy_id, student_id, english, korean, blank_type, status, box, added_by, review_count, wrong_count, created_at) VALUES ('vw-sb-7f19fed5-596', 'acad-1', 'gst-sb-20969a71-24d', 'foundation', '기초', 'korean', 'approved', 2, 'student', 1, 0, '2026-03-14T14:33:34.666944+00:00') ON CONFLICT(id) DO NOTHING;
INSERT INTO vocab_words (id, academy_id, student_id, english, korean, blank_type, status, box, added_by, review_count, wrong_count, created_at) VALUES ('vw-sb-37170082-abc', 'acad-1', 'gst-sb-104c7909-e29', 'worship', '예배,숭배', 'korean', 'approved', 3, 'student', 2, 0, '2026-03-16T07:15:57.136916+00:00') ON CONFLICT(id) DO NOTHING;
INSERT INTO vocab_words (id, academy_id, student_id, english, korean, blank_type, status, box, added_by, review_count, wrong_count, created_at) VALUES ('vw-sb-7953c266-2d1', 'acad-1', 'gst-sb-20969a71-24d', 'mature', '어른스러운, 성숙한', 'korean', 'approved', 3, 'student', 2, 0, '2026-03-14T15:14:00.638981+00:00') ON CONFLICT(id) DO NOTHING;
INSERT INTO vocab_words (id, academy_id, student_id, english, korean, blank_type, status, box, added_by, review_count, wrong_count, created_at) VALUES ('vw-sb-f51c6cb4-9d4', 'acad-1', 'gst-sb-61ed721c-102', 'approximate', '대략적인', 'korean', 'approved', 2, 'student', 1, 0, '2026-03-13T10:58:40.434081+00:00') ON CONFLICT(id) DO NOTHING;
INSERT INTO vocab_words (id, academy_id, student_id, english, korean, blank_type, status, box, added_by, review_count, wrong_count, created_at) VALUES ('vw-sb-052a5a3f-be2', 'acad-1', 'gst-sb-104c7909-e29', 'crowd out', '밀어내다', 'korean', 'approved', 5, 'student', 4, 0, '2026-03-16T07:17:45.054637+00:00') ON CONFLICT(id) DO NOTHING;
INSERT INTO vocab_words (id, academy_id, student_id, english, korean, blank_type, status, box, added_by, review_count, wrong_count, created_at) VALUES ('vw-sb-5a8a06c0-a11', 'acad-1', 'gst-sb-104c7909-e29', 'patriotism', '애국심', 'korean', 'approved', 3, 'student', 2, 0, '2026-03-16T07:15:15.225+00:00') ON CONFLICT(id) DO NOTHING;
INSERT INTO vocab_words (id, academy_id, student_id, english, korean, blank_type, status, box, added_by, review_count, wrong_count, created_at) VALUES ('vw-sb-a020885f-f50', 'acad-1', 'gst-sb-104c7909-e29', 'brief', '짧은', 'korean', 'approved', 3, 'student', 2, 0, '2026-03-16T07:19:05.104043+00:00') ON CONFLICT(id) DO NOTHING;
INSERT INTO vocab_words (id, academy_id, student_id, english, korean, blank_type, status, box, added_by, review_count, wrong_count, created_at) VALUES ('vw-sb-39d31858-6fb', 'acad-1', 'gst-sb-104c7909-e29', 'parasite', '기생충', 'korean', 'approved', 2, 'student', 1, 0, '2026-03-16T07:09:39.914395+00:00') ON CONFLICT(id) DO NOTHING;
INSERT INTO vocab_words (id, academy_id, student_id, english, korean, blank_type, status, box, added_by, review_count, wrong_count, created_at) VALUES ('vw-sb-4a9d40e8-b9d', 'acad-1', 'gst-sb-104c7909-e29', 'trimmings', '장식', 'korean', 'approved', 2, 'student', 1, 0, '2026-04-10T08:33:31.010829+00:00') ON CONFLICT(id) DO NOTHING;
INSERT INTO vocab_words (id, academy_id, student_id, english, korean, blank_type, status, box, added_by, review_count, wrong_count, created_at) VALUES ('vw-sb-264085d6-e4a', 'acad-1', 'gst-sb-104c7909-e29', 'reciprocity', '호혜', 'korean', 'approved', 1, 'student', 1, 1, '2026-03-16T07:11:24.83356+00:00') ON CONFLICT(id) DO NOTHING;
INSERT INTO vocab_words (id, academy_id, student_id, english, korean, blank_type, status, box, added_by, review_count, wrong_count, created_at) VALUES ('vw-sb-5a2906f0-7ee', 'acad-1', 'gst-sb-104c7909-e29', 'bilingual', '2개 국어를 할 줄 아는', 'korean', 'approved', 2, 'student', 1, 0, '2026-03-16T07:12:47.434262+00:00') ON CONFLICT(id) DO NOTHING;
INSERT INTO vocab_words (id, academy_id, student_id, english, korean, blank_type, status, box, added_by, review_count, wrong_count, created_at) VALUES ('vw-sb-cd8dbee4-08f', 'acad-1', 'gst-sb-104c7909-e29', 'pledge', '약속하다,맹세하다', 'korean', 'approved', 1, 'student', 0, 0, '2026-03-16T07:13:46.91483+00:00') ON CONFLICT(id) DO NOTHING;
INSERT INTO vocab_words (id, academy_id, student_id, english, korean, blank_type, status, box, added_by, review_count, wrong_count, created_at) VALUES ('vw-sb-d98dcbc1-e85', 'acad-1', 'gst-sb-104c7909-e29', 'give rise to', '~을 유발하다', 'korean', 'approved', 1, 'student', 0, 0, '2026-03-16T07:18:22.842167+00:00') ON CONFLICT(id) DO NOTHING;
INSERT INTO vocab_words (id, academy_id, student_id, english, korean, blank_type, status, box, added_by, review_count, wrong_count, created_at) VALUES ('vw-sb-584e72bc-6a0', 'acad-1', 'gst-sb-104c7909-e29', 'pluralistic', '다원적인', 'korean', 'approved', 1, 'student', 0, 0, '2026-03-16T07:18:57.356437+00:00') ON CONFLICT(id) DO NOTHING;
INSERT INTO vocab_words (id, academy_id, student_id, english, korean, blank_type, status, box, added_by, review_count, wrong_count, created_at) VALUES ('vw-sb-039f3b51-da5', 'acad-1', 'gst-sb-104c7909-e29', 'further', '발전시키다', 'korean', 'approved', 1, 'student', 0, 0, '2026-03-16T07:20:25.948624+00:00') ON CONFLICT(id) DO NOTHING;
INSERT INTO vocab_words (id, academy_id, student_id, english, korean, blank_type, status, box, added_by, review_count, wrong_count, created_at) VALUES ('vw-sb-9e6bcb7c-754', 'acad-1', 'gst-sb-104c7909-e29', 'quarrel', '언쟁', 'korean', 'approved', 2, 'student', 1, 0, '2026-03-16T07:11:42.559327+00:00') ON CONFLICT(id) DO NOTHING;
INSERT INTO vocab_words (id, academy_id, student_id, english, korean, blank_type, status, box, added_by, review_count, wrong_count, created_at) VALUES ('vw-sb-f7a63884-678', 'acad-1', 'gst-sb-104c7909-e29', 'avalanche', '쇄도', 'korean', 'approved', 2, 'student', 1, 0, '2026-03-16T07:10:27.029293+00:00') ON CONFLICT(id) DO NOTHING;
INSERT INTO vocab_words (id, academy_id, student_id, english, korean, blank_type, status, box, added_by, review_count, wrong_count, created_at) VALUES ('vw-sb-e9b0d752-829', 'acad-1', 'gst-sb-20969a71-24d', 'ivy', '담쟁이덩쿨', 'korean', 'approved', 2, 'student', 2, 1, '2026-03-14T14:36:32.857564+00:00') ON CONFLICT(id) DO NOTHING;
INSERT INTO vocab_words (id, academy_id, student_id, english, korean, blank_type, status, box, added_by, review_count, wrong_count, created_at) VALUES ('vw-sb-c512aaca-f96', 'acad-1', 'gst-sb-104c7909-e29', 'exclusionary', '배타적인', 'korean', 'approved', 3, 'student', 2, 0, '2026-03-16T07:43:55.288002+00:00') ON CONFLICT(id) DO NOTHING;
INSERT INTO vocab_words (id, academy_id, student_id, english, korean, blank_type, status, box, added_by, review_count, wrong_count, created_at) VALUES ('vw-sb-d9fabfdb-694', 'acad-1', 'gst-sb-75dd1659-408', 'Paragraph', '단락', 'korean', 'approved', 1, 'student', 0, 0, '2026-04-06T11:03:08.907673+00:00') ON CONFLICT(id) DO NOTHING;
INSERT INTO vocab_words (id, academy_id, student_id, english, korean, blank_type, status, box, added_by, review_count, wrong_count, created_at) VALUES ('vw-sb-1b047c80-e1f', 'acad-1', 'gst-sb-bfce39aa-959', 'precaution', '예방, 경계, 조심', 'korean', 'approved', 2, 'student', 1, 0, '2026-03-16T11:46:04.538539+00:00') ON CONFLICT(id) DO NOTHING;
INSERT INTO vocab_words (id, academy_id, student_id, english, korean, blank_type, status, box, added_by, review_count, wrong_count, created_at) VALUES ('vw-sb-17a72d45-e5a', 'acad-1', 'gst-sb-104c7909-e29', 'lord', '귀족,영주', 'korean', 'approved', 3, 'student', 3, 1, '2026-03-19T09:06:48.698401+00:00') ON CONFLICT(id) DO NOTHING;
INSERT INTO vocab_words (id, academy_id, student_id, english, korean, blank_type, status, box, added_by, review_count, wrong_count, created_at) VALUES ('vw-sb-5404dd98-038', 'acad-1', 'gst-sb-104c7909-e29', 'dictator', '독재자', 'korean', 'approved', 4, 'student', 3, 0, '2026-03-16T07:24:08.172285+00:00') ON CONFLICT(id) DO NOTHING;
INSERT INTO vocab_words (id, academy_id, student_id, english, korean, blank_type, status, box, added_by, review_count, wrong_count, created_at) VALUES ('vw-sb-6223064b-e60', 'acad-1', 'gst-sb-104c7909-e29', 'plunge', '급락하다,떨어지다', 'korean', 'approved', 4, 'student', 4, 1, '2026-03-19T08:19:42.334281+00:00') ON CONFLICT(id) DO NOTHING;
INSERT INTO vocab_words (id, academy_id, student_id, english, korean, blank_type, status, box, added_by, review_count, wrong_count, created_at) VALUES ('vw-sb-d1a0e9be-47c', 'acad-1', 'gst-sb-61ed721c-102', 'arrive', '도착하다', 'korean', 'approved', 1, 'student', 0, 0, '2026-03-20T11:24:34.684695+00:00') ON CONFLICT(id) DO NOTHING;
INSERT INTO vocab_words (id, academy_id, student_id, english, korean, blank_type, status, box, added_by, review_count, wrong_count, created_at) VALUES ('vw-sb-e629d129-915', 'acad-1', 'gst-sb-18b949aa-48f', 'expose', '드러내다', 'korean', 'approved', 2, 'student', 1, 0, '2026-03-16T08:16:10.209631+00:00') ON CONFLICT(id) DO NOTHING;
INSERT INTO vocab_words (id, academy_id, student_id, english, korean, blank_type, status, box, added_by, review_count, wrong_count, created_at) VALUES ('vw-sb-9e2f25ba-f09', 'acad-1', 'gst-sb-bfce39aa-959', 'utmost', '최고의, 최대의, 극도의', 'korean', 'approved', 2, 'student', 1, 1, '2026-03-16T11:42:40.757002+00:00') ON CONFLICT(id) DO NOTHING;
INSERT INTO vocab_words (id, academy_id, student_id, english, korean, blank_type, status, box, added_by, review_count, wrong_count, created_at) VALUES ('vw-sb-73ac7eee-16c', 'acad-1', 'gst-sb-bfce39aa-959', 'accompany', '동반하다, 수반하다, 반주하다', 'korean', 'approved', 1, 'student', 0, 0, '2026-03-16T11:48:03.219555+00:00') ON CONFLICT(id) DO NOTHING;
INSERT INTO vocab_words (id, academy_id, student_id, english, korean, blank_type, status, box, added_by, review_count, wrong_count, created_at) VALUES ('vw-sb-ee9d6929-e5b', 'acad-1', 'gst-sb-0de85920-ba6', 'admission', '입장', 'korean', 'approved', 3, 'student', 2, 0, '2026-03-16T10:14:27.054621+00:00') ON CONFLICT(id) DO NOTHING;
INSERT INTO vocab_words (id, academy_id, student_id, english, korean, blank_type, status, box, added_by, review_count, wrong_count, created_at) VALUES ('vw-sb-33ed458b-407', 'acad-1', 'gst-sb-18b949aa-48f', 'extend', '뻗다', 'korean', 'approved', 2, 'student', 1, 0, '2026-03-16T08:16:27.738324+00:00') ON CONFLICT(id) DO NOTHING;
INSERT INTO vocab_words (id, academy_id, student_id, english, korean, blank_type, status, box, added_by, review_count, wrong_count, created_at) VALUES ('vw-sb-43c06191-755', 'acad-1', 'gst-sb-54735473-da1', 'solution', '해결', 'korean', 'approved', 2, 'student', 1, 0, '2026-03-16T07:24:42.155487+00:00') ON CONFLICT(id) DO NOTHING;
INSERT INTO vocab_words (id, academy_id, student_id, english, korean, blank_type, status, box, added_by, review_count, wrong_count, created_at) VALUES ('vw-sb-c44cc789-7ce', 'acad-1', 'gst-sb-104c7909-e29', 'robust', '탄탄한', 'korean', 'approved', 1, 'student', 0, 0, '2026-03-16T07:21:59.853601+00:00') ON CONFLICT(id) DO NOTHING;
INSERT INTO vocab_words (id, academy_id, student_id, english, korean, blank_type, status, box, added_by, review_count, wrong_count, created_at) VALUES ('vw-sb-98b00a6c-47d', 'acad-1', 'gst-sb-54735473-da1', 'solution', '해결', 'korean', 'approved', 2, 'student', 1, 0, '2026-03-16T07:24:43.085024+00:00') ON CONFLICT(id) DO NOTHING;
INSERT INTO vocab_words (id, academy_id, student_id, english, korean, blank_type, status, box, added_by, review_count, wrong_count, created_at) VALUES ('vw-sb-ec6699da-755', 'acad-1', 'gst-sb-54735473-da1', 'somehow', '어떻게든', 'korean', 'approved', 2, 'student', 1, 0, '2026-03-16T07:24:52.897583+00:00') ON CONFLICT(id) DO NOTHING;
INSERT INTO vocab_words (id, academy_id, student_id, english, korean, blank_type, status, box, added_by, review_count, wrong_count, created_at) VALUES ('vw-sb-b7cb3881-32d', 'acad-1', 'gst-sb-104c7909-e29', 'fall back on', '~에 의존하다', 'korean', 'approved', 1, 'student', 0, 0, '2026-04-10T08:33:46.326861+00:00') ON CONFLICT(id) DO NOTHING;
INSERT INTO vocab_words (id, academy_id, student_id, english, korean, blank_type, status, box, added_by, review_count, wrong_count, created_at) VALUES ('vw-sb-d6865bb0-96f', 'acad-1', 'gst-sb-104c7909-e29', 'noncitizen', '비영주권자', 'korean', 'approved', 2, 'student', 1, 0, '2026-03-16T07:44:57.580816+00:00') ON CONFLICT(id) DO NOTHING;
INSERT INTO vocab_words (id, academy_id, student_id, english, korean, blank_type, status, box, added_by, review_count, wrong_count, created_at) VALUES ('vw-sb-029e9af9-727', 'acad-1', 'gst-sb-104c7909-e29', 'speculation', '추측', 'korean', 'approved', 2, 'student', 1, 0, '2026-03-16T07:22:45.166069+00:00') ON CONFLICT(id) DO NOTHING;
INSERT INTO vocab_words (id, academy_id, student_id, english, korean, blank_type, status, box, added_by, review_count, wrong_count, created_at) VALUES ('vw-sb-e9a9178c-cf5', 'acad-1', 'gst-sb-0de85920-ba6', 'abuse', '남용', 'korean', 'approved', 3, 'student', 2, 0, '2026-03-16T10:12:58.094069+00:00') ON CONFLICT(id) DO NOTHING;
INSERT INTO vocab_words (id, academy_id, student_id, english, korean, blank_type, status, box, added_by, review_count, wrong_count, created_at) VALUES ('vw-sb-f854bb30-f96', 'acad-1', 'gst-sb-54735473-da1', 'sometime', '언젠가', 'korean', 'approved', 2, 'student', 1, 0, '2026-03-16T07:25:07.434502+00:00') ON CONFLICT(id) DO NOTHING;
INSERT INTO vocab_words (id, academy_id, student_id, english, korean, blank_type, status, box, added_by, review_count, wrong_count, created_at) VALUES ('vw-sb-cd41c3d8-42c', 'acad-1', 'gst-sb-104c7909-e29', 'mediterranean', '지중해의', 'korean', 'approved', 2, 'student', 1, 0, '2026-03-16T07:08:58.216107+00:00') ON CONFLICT(id) DO NOTHING;
INSERT INTO vocab_words (id, academy_id, student_id, english, korean, blank_type, status, box, added_by, review_count, wrong_count, created_at) VALUES ('vw-sb-f3cf70bc-73b', 'acad-1', 'gst-sb-54735473-da1', 'somewhat', '어느 정도', 'korean', 'approved', 2, 'student', 1, 0, '2026-03-16T07:25:21.69982+00:00') ON CONFLICT(id) DO NOTHING;
INSERT INTO vocab_words (id, academy_id, student_id, english, korean, blank_type, status, box, added_by, review_count, wrong_count, created_at) VALUES ('vw-sb-28a4e1c9-eb7', 'acad-1', 'gst-sb-0de85920-ba6', 'abandon', '버리다', 'korean', 'approved', 4, 'student', 3, 0, '2026-03-16T10:12:47.227182+00:00') ON CONFLICT(id) DO NOTHING;
INSERT INTO vocab_words (id, academy_id, student_id, english, korean, blank_type, status, box, added_by, review_count, wrong_count, created_at) VALUES ('vw-sb-ce0719fd-2a3', 'acad-1', 'gst-sb-0de85920-ba6', 'wrist', '손목', 'korean', 'approved', 3, 'student', 2, 0, '2026-03-16T10:12:12.146437+00:00') ON CONFLICT(id) DO NOTHING;
INSERT INTO vocab_words (id, academy_id, student_id, english, korean, blank_type, status, box, added_by, review_count, wrong_count, created_at) VALUES ('vw-sb-8782e0b1-b48', 'acad-1', 'gst-sb-91d85be7-790', 'furnish', '공급하다', 'korean', 'approved', 1, 'student', 0, 0, '2026-03-17T11:15:14.764651+00:00') ON CONFLICT(id) DO NOTHING;
INSERT INTO vocab_words (id, academy_id, student_id, english, korean, blank_type, status, box, added_by, review_count, wrong_count, created_at) VALUES ('vw-sb-a7646f02-5e7', 'acad-1', 'gst-sb-91d85be7-790', 'further', '한층더', 'korean', 'approved', 1, 'student', 0, 0, '2026-03-17T11:15:25.549509+00:00') ON CONFLICT(id) DO NOTHING;
INSERT INTO vocab_words (id, academy_id, student_id, english, korean, blank_type, status, box, added_by, review_count, wrong_count, created_at) VALUES ('vw-sb-c640bf9e-2c9', 'acad-1', 'gst-sb-104c7909-e29', 'arouse', '고조시키다', 'korean', 'approved', 2, 'student', 1, 0, '2026-03-16T07:25:29.35589+00:00') ON CONFLICT(id) DO NOTHING;
INSERT INTO vocab_words (id, academy_id, student_id, english, korean, blank_type, status, box, added_by, review_count, wrong_count, created_at) VALUES ('vw-sb-539ae7b4-b91', 'acad-1', 'gst-sb-0de85920-ba6', 'allocate', '할당하다', 'korean', 'approved', 3, 'student', 2, 0, '2026-03-16T10:14:52.305448+00:00') ON CONFLICT(id) DO NOTHING;
INSERT INTO vocab_words (id, academy_id, student_id, english, korean, blank_type, status, box, added_by, review_count, wrong_count, created_at) VALUES ('vw-sb-7e9f0aa4-5e7', 'acad-1', 'gst-sb-20969a71-24d', 'descendant', '후손, 자손', 'korean', 'approved', 1, 'student', 0, 0, '2026-04-12T09:12:24.696831+00:00') ON CONFLICT(id) DO NOTHING;
INSERT INTO vocab_words (id, academy_id, student_id, english, korean, blank_type, status, box, added_by, review_count, wrong_count, created_at) VALUES ('vw-sb-0f42fa3e-386', 'acad-1', 'gst-sb-54735473-da1', 'statement', '진술', 'korean', 'approved', 1, 'student', 0, 0, '2026-03-23T08:09:43.366206+00:00') ON CONFLICT(id) DO NOTHING;
INSERT INTO vocab_words (id, academy_id, student_id, english, korean, blank_type, status, box, added_by, review_count, wrong_count, created_at) VALUES ('vw-sb-4de8298e-ca7', 'acad-1', 'gst-sb-104c7909-e29', 'contemplation', '숙고', 'korean', 'approved', 2, 'student', 1, 0, '2026-03-16T07:22:35.183806+00:00') ON CONFLICT(id) DO NOTHING;
INSERT INTO vocab_words (id, academy_id, student_id, english, korean, blank_type, status, box, added_by, review_count, wrong_count, created_at) VALUES ('vw-sb-869fb946-524', 'acad-1', 'gst-sb-104c7909-e29', 'residence', '거주지,체류허가', 'korean', 'approved', 2, 'student', 2, 1, '2026-03-16T08:00:15.621476+00:00') ON CONFLICT(id) DO NOTHING;
INSERT INTO vocab_words (id, academy_id, student_id, english, korean, blank_type, status, box, added_by, review_count, wrong_count, created_at) VALUES ('vw-sb-90b44008-2ba', 'acad-1', 'gst-sb-54735473-da1', 'status', '지위', 'korean', 'approved', 1, 'student', 0, 0, '2026-03-23T08:10:05.891451+00:00') ON CONFLICT(id) DO NOTHING;
INSERT INTO vocab_words (id, academy_id, student_id, english, korean, blank_type, status, box, added_by, review_count, wrong_count, created_at) VALUES ('vw-sb-381a9fe9-9ba', 'acad-1', 'gst-sb-104c7909-e29', 'acute', '급격한', 'korean', 'approved', 2, 'student', 3, 1, '2026-03-16T07:25:20.829824+00:00') ON CONFLICT(id) DO NOTHING;
INSERT INTO vocab_words (id, academy_id, student_id, english, korean, blank_type, status, box, added_by, review_count, wrong_count, created_at) VALUES ('vw-sb-aafa8534-b8f', 'acad-1', 'gst-sb-dac4c91a-13e', 'familiar', '익숙한', 'korean', 'approved', 2, 'student', 2, 1, '2026-03-16T08:57:38.372737+00:00') ON CONFLICT(id) DO NOTHING;
INSERT INTO vocab_words (id, academy_id, student_id, english, korean, blank_type, status, box, added_by, review_count, wrong_count, created_at) VALUES ('vw-sb-0b480171-d58', 'acad-1', 'gst-sb-b0f307ef-c30', 'delighted', '기뻐진', 'korean', 'approved', 1, 'student', 0, 0, '2026-03-27T09:37:20.908108+00:00') ON CONFLICT(id) DO NOTHING;
INSERT INTO vocab_words (id, academy_id, student_id, english, korean, blank_type, status, box, added_by, review_count, wrong_count, created_at) VALUES ('vw-sb-84aac14d-8be', 'acad-1', 'gst-sb-bfce39aa-959', 'surrounding', '주의의, 인근의, 주변환경', 'korean', 'approved', 2, 'student', 1, 0, '2026-03-16T11:45:31.950596+00:00') ON CONFLICT(id) DO NOTHING;
INSERT INTO vocab_words (id, academy_id, student_id, english, korean, blank_type, status, box, added_by, review_count, wrong_count, created_at) VALUES ('vw-sb-097d7192-6a0', 'acad-1', 'gst-sb-b0f307ef-c30', 'faithful', '충실한', 'korean', 'approved', 1, 'student', 0, 0, '2026-03-27T09:37:05.545582+00:00') ON CONFLICT(id) DO NOTHING;
INSERT INTO vocab_words (id, academy_id, student_id, english, korean, blank_type, status, box, added_by, review_count, wrong_count, created_at) VALUES ('vw-sb-5734a2a8-364', 'acad-1', 'gst-sb-bfce39aa-959', 'enthusiasm', '열의, 열정, 열광', 'korean', 'approved', 2, 'student', 1, 0, '2026-03-16T11:45:46.708899+00:00') ON CONFLICT(id) DO NOTHING;
INSERT INTO vocab_words (id, academy_id, student_id, english, korean, blank_type, status, box, added_by, review_count, wrong_count, created_at) VALUES ('vw-sb-9ca5a8f8-2b5', 'acad-1', 'gst-sb-bfce39aa-959', 'antiquity', '선행하는, 선행 사건, 선례', 'korean', 'approved', 2, 'student', 1, 0, '2026-03-16T11:46:29.861459+00:00') ON CONFLICT(id) DO NOTHING;
INSERT INTO vocab_words (id, academy_id, student_id, english, korean, blank_type, status, box, added_by, review_count, wrong_count, created_at) VALUES ('vw-sb-20dd3798-3c6', 'acad-1', 'gst-sb-dac4c91a-13e', 'fantastic', '환상적인', 'korean', 'approved', 3, 'student', 2, 0, '2026-03-16T08:58:08.121579+00:00') ON CONFLICT(id) DO NOTHING;
INSERT INTO vocab_words (id, academy_id, student_id, english, korean, blank_type, status, box, added_by, review_count, wrong_count, created_at) VALUES ('vw-sb-53f107bc-c0b', 'acad-1', 'gst-sb-b0f307ef-c30', 'thrifty', '검소한', 'korean', 'approved', 1, 'student', 0, 0, '2026-03-27T09:36:44.158608+00:00') ON CONFLICT(id) DO NOTHING;
INSERT INTO vocab_words (id, academy_id, student_id, english, korean, blank_type, status, box, added_by, review_count, wrong_count, created_at) VALUES ('vw-sb-f1aedc5e-be7', 'acad-1', 'gst-sb-dac4c91a-13e', 'geometry', '기하학', 'korean', 'approved', 1, 'student', 0, 0, '2026-03-27T08:45:46.6242+00:00') ON CONFLICT(id) DO NOTHING;
INSERT INTO vocab_words (id, academy_id, student_id, english, korean, blank_type, status, box, added_by, review_count, wrong_count, created_at) VALUES ('vw-sb-7dcfe565-01e', 'acad-1', 'gst-sb-dac4c91a-13e', 'gain', '얻다', 'korean', 'approved', 1, 'student', 0, 0, '2026-03-27T08:43:37.199751+00:00') ON CONFLICT(id) DO NOTHING;
INSERT INTO vocab_words (id, academy_id, student_id, english, korean, blank_type, status, box, added_by, review_count, wrong_count, created_at) VALUES ('vw-sb-4acb5b90-8af', 'acad-1', 'gst-sb-b0f307ef-c30', 'ethicse', '윤리학', 'korean', 'approved', 2, 'student', 1, 0, '2026-03-17T11:24:11.771838+00:00') ON CONFLICT(id) DO NOTHING;
INSERT INTO vocab_words (id, academy_id, student_id, english, korean, blank_type, status, box, added_by, review_count, wrong_count, created_at) VALUES ('vw-sb-be32dd06-fb1', 'acad-1', 'gst-sb-b0f307ef-c30', 'censorship', '검열', 'korean', 'approved', 1, 'student', 1, 1, '2026-03-17T11:23:29.057268+00:00') ON CONFLICT(id) DO NOTHING;
INSERT INTO vocab_words (id, academy_id, student_id, english, korean, blank_type, status, box, added_by, review_count, wrong_count, created_at) VALUES ('vw-sb-e7ea1aec-194', 'acad-1', 'gst-sb-bfce39aa-959', 'arrogant', '거만한, 오만한', 'korean', 'approved', 3, 'student', 2, 0, '2026-03-16T11:48:18.585999+00:00') ON CONFLICT(id) DO NOTHING;
INSERT INTO vocab_words (id, academy_id, student_id, english, korean, blank_type, status, box, added_by, review_count, wrong_count, created_at) VALUES ('vw-sb-49cfb8d3-3d1', 'acad-1', 'gst-sb-bfce39aa-959', 'extrovert', '외향적인 사람', 'korean', 'approved', 2, 'student', 1, 0, '2026-03-16T11:47:44.722521+00:00') ON CONFLICT(id) DO NOTHING;
INSERT INTO vocab_words (id, academy_id, student_id, english, korean, blank_type, status, box, added_by, review_count, wrong_count, created_at) VALUES ('vw-sb-de9d73fb-bc7', 'acad-1', 'gst-sb-0de85920-ba6', 'admire', '감복하다', 'korean', 'approved', 4, 'student', 3, 0, '2026-03-16T10:13:21.800021+00:00') ON CONFLICT(id) DO NOTHING;
INSERT INTO vocab_words (id, academy_id, student_id, english, korean, blank_type, status, box, added_by, review_count, wrong_count, created_at) VALUES ('vw-sb-1152659d-700', 'acad-1', 'gst-sb-0de85920-ba6', 'adjust', '맞추다', 'korean', 'approved', 4, 'student', 3, 0, '2026-03-16T10:14:15.627481+00:00') ON CONFLICT(id) DO NOTHING;
INSERT INTO vocab_words (id, academy_id, student_id, english, korean, blank_type, status, box, added_by, review_count, wrong_count, created_at) VALUES ('vw-sb-3fbe4c44-770', 'acad-1', 'gst-sb-75dd1659-408', 'Obligation', '의무', 'korean', 'approved', 1, 'student', 3, 3, '2026-03-20T09:25:23.237079+00:00') ON CONFLICT(id) DO NOTHING;
INSERT INTO vocab_words (id, academy_id, student_id, english, korean, blank_type, status, box, added_by, review_count, wrong_count, created_at) VALUES ('vw-sb-d299f091-c1a', 'acad-1', 'gst-sb-0de85920-ba6', 'yield', '산출하다', 'korean', 'approved', 1, 'student', 3, 1, '2026-03-16T10:12:35.108292+00:00') ON CONFLICT(id) DO NOTHING;
INSERT INTO vocab_words (id, academy_id, student_id, english, korean, blank_type, status, box, added_by, review_count, wrong_count, created_at) VALUES ('vw-sb-c73a3766-884', 'acad-1', 'gst-sb-75dd1659-408', 'neglect', '게을리하다', 'korean', 'approved', 1, 'student', 5, 4, '2026-03-13T09:32:05.52995+00:00') ON CONFLICT(id) DO NOTHING;
INSERT INTO vocab_words (id, academy_id, student_id, english, korean, blank_type, status, box, added_by, review_count, wrong_count, created_at) VALUES ('vw-sb-47adcd9d-84a', 'acad-1', 'gst-sb-104c7909-e29', 'inherently', '근본적으로', 'korean', 'approved', 4, 'student', 3, 0, '2026-03-16T07:17:30.458493+00:00') ON CONFLICT(id) DO NOTHING;
INSERT INTO vocab_words (id, academy_id, student_id, english, korean, blank_type, status, box, added_by, review_count, wrong_count, created_at) VALUES ('vw-sb-c4135e4f-01b', 'acad-1', 'gst-sb-104c7909-e29', 'insecure', '자신이 없는', 'korean', 'approved', 3, 'student', 2, 0, '2026-03-16T07:24:41.7154+00:00') ON CONFLICT(id) DO NOTHING;
INSERT INTO vocab_words (id, academy_id, student_id, english, korean, blank_type, status, box, added_by, review_count, wrong_count, created_at) VALUES ('vw-sb-39b011c6-062', 'acad-1', 'gst-sb-dac4c91a-13e', 'fancy', '공상', 'korean', 'approved', 1, 'student', 0, 0, '2026-03-16T08:58:24.584785+00:00') ON CONFLICT(id) DO NOTHING;
INSERT INTO vocab_words (id, academy_id, student_id, english, korean, blank_type, status, box, added_by, review_count, wrong_count, created_at) VALUES ('vw-sb-3e7307b0-e23', 'acad-1', 'gst-sb-91d85be7-790', 'fraction', '분수', 'korean', 'approved', 1, 'student', 0, 0, '2026-03-16T10:42:09.376683+00:00') ON CONFLICT(id) DO NOTHING;
INSERT INTO vocab_words (id, academy_id, student_id, english, korean, blank_type, status, box, added_by, review_count, wrong_count, created_at) VALUES ('vw-sb-eb374ff2-984', 'acad-1', 'gst-sb-91d85be7-790', 'frankly', '솔직히', 'korean', 'approved', 1, 'student', 0, 0, '2026-03-16T10:42:28.142852+00:00') ON CONFLICT(id) DO NOTHING;
INSERT INTO vocab_words (id, academy_id, student_id, english, korean, blank_type, status, box, added_by, review_count, wrong_count, created_at) VALUES ('vw-sb-5733008a-ee7', 'acad-1', 'gst-sb-bfce39aa-959', 'surround', '둘러싸다, 에워싸다', 'korean', 'approved', 1, 'student', 0, 0, '2026-03-16T11:44:17.775884+00:00') ON CONFLICT(id) DO NOTHING;
INSERT INTO vocab_words (id, academy_id, student_id, english, korean, blank_type, status, box, added_by, review_count, wrong_count, created_at) VALUES ('vw-sb-0939c7f7-a56', 'acad-1', 'gst-sb-b0f307ef-c30', 'sociology', '사회학', 'korean', 'approved', 3, 'student', 2, 0, '2026-03-17T11:25:33.335028+00:00') ON CONFLICT(id) DO NOTHING;
INSERT INTO vocab_words (id, academy_id, student_id, english, korean, blank_type, status, box, added_by, review_count, wrong_count, created_at) VALUES ('vw-sb-55e76130-c84', 'acad-1', 'gst-sb-104c7909-e29', 'vendor', '노점상,행상인', 'korean', 'approved', 3, 'student', 2, 0, '2026-03-19T08:20:44.622898+00:00') ON CONFLICT(id) DO NOTHING;
INSERT INTO vocab_words (id, academy_id, student_id, english, korean, blank_type, status, box, added_by, review_count, wrong_count, created_at) VALUES ('vw-sb-18370d47-7cd', 'acad-1', 'gst-sb-75dd1659-408', 'Parameter', '매개변수', 'korean', 'approved', 1, 'student', 0, 0, '2026-04-06T11:03:23.185367+00:00') ON CONFLICT(id) DO NOTHING;
INSERT INTO vocab_words (id, academy_id, student_id, english, korean, blank_type, status, box, added_by, review_count, wrong_count, created_at) VALUES ('vw-sb-7d741c4e-1cd', 'acad-1', 'gst-sb-104c7909-e29', 'diplomat', '외교관', 'korean', 'approved', 1, 'student', 0, 0, '2026-03-19T09:12:35.476957+00:00') ON CONFLICT(id) DO NOTHING;
INSERT INTO vocab_words (id, academy_id, student_id, english, korean, blank_type, status, box, added_by, review_count, wrong_count, created_at) VALUES ('vw-sb-3c3a228d-163', 'acad-1', 'gst-sb-104c7909-e29', 'pitiless', '냉혹한', 'korean', 'approved', 3, 'student', 4, 1, '2026-03-16T07:23:58.254702+00:00') ON CONFLICT(id) DO NOTHING;
INSERT INTO vocab_words (id, academy_id, student_id, english, korean, blank_type, status, box, added_by, review_count, wrong_count, created_at) VALUES ('vw-sb-6a2c3eb7-920', 'acad-1', 'gst-sb-104c7909-e29', 'normative', '규범적인', 'korean', 'approved', 2, 'student', 1, 0, '2026-03-19T07:35:39.238247+00:00') ON CONFLICT(id) DO NOTHING;
INSERT INTO vocab_words (id, academy_id, student_id, english, korean, blank_type, status, box, added_by, review_count, wrong_count, created_at) VALUES ('vw-sb-fadf2a61-cba', 'acad-1', 'gst-sb-104c7909-e29', 'mandate', '권한을 주다,지시하다', 'korean', 'approved', 1, 'student', 0, 0, '2026-03-19T09:11:32.581025+00:00') ON CONFLICT(id) DO NOTHING;
INSERT INTO vocab_words (id, academy_id, student_id, english, korean, blank_type, status, box, added_by, review_count, wrong_count, created_at) VALUES ('vw-sb-3c6eb985-fcd', 'acad-1', 'gst-sb-91d85be7-790', 'fundamental', '기초의', 'korean', 'approved', 1, 'student', 0, 0, '2026-03-17T11:14:26.773844+00:00') ON CONFLICT(id) DO NOTHING;
INSERT INTO vocab_words (id, academy_id, student_id, english, korean, blank_type, status, box, added_by, review_count, wrong_count, created_at) VALUES ('vw-sb-67828a55-de9', 'acad-1', 'gst-sb-91d85be7-790', 'funeral', '장사', 'korean', 'approved', 1, 'student', 0, 0, '2026-03-17T11:14:43.004525+00:00') ON CONFLICT(id) DO NOTHING;
INSERT INTO vocab_words (id, academy_id, student_id, english, korean, blank_type, status, box, added_by, review_count, wrong_count, created_at) VALUES ('vw-sb-7fbb99cb-f2d', 'acad-1', 'gst-sb-91d85be7-790', 'furious', '노하여 펄펄뛰는', 'korean', 'approved', 1, 'student', 0, 0, '2026-03-17T11:15:03.358548+00:00') ON CONFLICT(id) DO NOTHING;
INSERT INTO vocab_words (id, academy_id, student_id, english, korean, blank_type, status, box, added_by, review_count, wrong_count, created_at) VALUES ('vw-sb-92da55ce-ed9', 'acad-1', 'gst-sb-104c7909-e29', 'marginalise', '주변화하다', 'korean', 'approved', 2, 'student', 2, 1, '2026-03-19T07:39:13.730371+00:00') ON CONFLICT(id) DO NOTHING;
INSERT INTO vocab_words (id, academy_id, student_id, english, korean, blank_type, status, box, added_by, review_count, wrong_count, created_at) VALUES ('vw-sb-a48b99e0-c80', 'acad-1', 'gst-sb-104c7909-e29', 'eradicate', '없애다,근절하다', 'korean', 'approved', 4, 'student', 3, 0, '2026-03-19T09:08:26.069417+00:00') ON CONFLICT(id) DO NOTHING;
INSERT INTO vocab_words (id, academy_id, student_id, english, korean, blank_type, status, box, added_by, review_count, wrong_count, created_at) VALUES ('vw-sb-9cbee635-e65', 'acad-1', 'gst-sb-104c7909-e29', 'assassination', '암살', 'korean', 'approved', 1, 'student', 1, 1, '2026-03-19T09:11:57.807552+00:00') ON CONFLICT(id) DO NOTHING;
INSERT INTO vocab_words (id, academy_id, student_id, english, korean, blank_type, status, box, added_by, review_count, wrong_count, created_at) VALUES ('vw-sb-08e2b73c-0ad', 'acad-1', 'gst-sb-104c7909-e29', 'federal', '연방제의', 'korean', 'approved', 3, 'student', 3, 1, '2026-03-19T09:10:21.764626+00:00') ON CONFLICT(id) DO NOTHING;
INSERT INTO vocab_words (id, academy_id, student_id, english, korean, blank_type, status, box, added_by, review_count, wrong_count, created_at) VALUES ('vw-sb-e9ac9d71-43f', 'acad-1', 'gst-sb-20969a71-24d', 'prof.', '교수', 'korean', 'approved', 4, 'student', 3, 0, '2026-03-14T14:31:18.463558+00:00') ON CONFLICT(id) DO NOTHING;
INSERT INTO vocab_words (id, academy_id, student_id, english, korean, blank_type, status, box, added_by, review_count, wrong_count, created_at) VALUES ('vw-sb-14e759aa-d26', 'acad-1', 'gst-sb-54735473-da1', 'steel', '강철', 'korean', 'approved', 1, 'student', 0, 0, '2026-03-23T08:10:19.155535+00:00') ON CONFLICT(id) DO NOTHING;
INSERT INTO vocab_words (id, academy_id, student_id, english, korean, blank_type, status, box, added_by, review_count, wrong_count, created_at) VALUES ('vw-sb-b33f10a2-992', 'acad-1', 'gst-sb-b0f307ef-c30', 'scholar', '학자', 'korean', 'approved', 1, 'student', 2, 2, '2026-03-17T11:26:48.739861+00:00') ON CONFLICT(id) DO NOTHING;
INSERT INTO vocab_words (id, academy_id, student_id, english, korean, blank_type, status, box, added_by, review_count, wrong_count, created_at) VALUES ('vw-sb-b0566354-154', 'acad-1', 'gst-sb-b0f307ef-c30', 'theology', '신학', 'korean', 'approved', 3, 'student', 2, 0, '2026-03-17T11:26:12.202943+00:00') ON CONFLICT(id) DO NOTHING;
INSERT INTO vocab_words (id, academy_id, student_id, english, korean, blank_type, status, box, added_by, review_count, wrong_count, created_at) VALUES ('vw-sb-b71cfb1c-c68', 'acad-1', 'gst-sb-dac4c91a-13e', 'generous', '관대한', 'korean', 'approved', 1, 'student', 0, 0, '2026-03-27T08:44:15.209128+00:00') ON CONFLICT(id) DO NOTHING;
INSERT INTO vocab_words (id, academy_id, student_id, english, korean, blank_type, status, box, added_by, review_count, wrong_count, created_at) VALUES ('vw-sb-df3528b2-415', 'acad-1', 'gst-sb-dac4c91a-13e', 'freeze', '얼다', 'korean', 'approved', 1, 'student', 0, 0, '2026-03-27T07:35:22.370802+00:00') ON CONFLICT(id) DO NOTHING;
INSERT INTO vocab_words (id, academy_id, student_id, english, korean, blank_type, status, box, added_by, review_count, wrong_count, created_at) VALUES ('vw-sb-6e558814-e8c', 'acad-1', 'gst-sb-104c7909-e29', 'turmoil', '소란,혼란', 'korean', 'approved', 2, 'student', 1, 0, '2026-03-19T09:07:02.723021+00:00') ON CONFLICT(id) DO NOTHING;
INSERT INTO vocab_words (id, academy_id, student_id, english, korean, blank_type, status, box, added_by, review_count, wrong_count, created_at) VALUES ('vw-sb-406a08c3-5f4', 'acad-1', 'gst-sb-104c7909-e29', 'regin', '통치하다,지배하다', 'korean', 'approved', 2, 'student', 1, 0, '2026-03-19T09:10:11.161038+00:00') ON CONFLICT(id) DO NOTHING;
INSERT INTO vocab_words (id, academy_id, student_id, english, korean, blank_type, status, box, added_by, review_count, wrong_count, created_at) VALUES ('vw-sb-3ba86807-a60', 'acad-1', 'gst-sb-104c7909-e29', 'disruption', '격변,혼란', 'korean', 'approved', 3, 'student', 2, 0, '2026-03-19T07:37:35.557471+00:00') ON CONFLICT(id) DO NOTHING;
INSERT INTO vocab_words (id, academy_id, student_id, english, korean, blank_type, status, box, added_by, review_count, wrong_count, created_at) VALUES ('vw-sb-fc4a5c34-66d', 'acad-1', 'gst-sb-104c7909-e29', 'peasant', '소작농', 'korean', 'approved', 2, 'student', 1, 0, '2026-03-19T08:21:22.913327+00:00') ON CONFLICT(id) DO NOTHING;
INSERT INTO vocab_words (id, academy_id, student_id, english, korean, blank_type, status, box, added_by, review_count, wrong_count, created_at) VALUES ('vw-sb-7257a5a3-022', 'acad-1', 'gst-sb-104c7909-e29', 'immunization', '예방 접종', 'korean', 'approved', 2, 'student', 2, 1, '2026-03-19T07:38:08.62592+00:00') ON CONFLICT(id) DO NOTHING;
INSERT INTO vocab_words (id, academy_id, student_id, english, korean, blank_type, status, box, added_by, review_count, wrong_count, created_at) VALUES ('vw-sb-1b0adaaf-831', 'acad-1', 'gst-sb-104c7909-e29', 'understandably', '당연히', 'korean', 'approved', 2, 'student', 2, 1, '2026-03-19T07:36:22.707975+00:00') ON CONFLICT(id) DO NOTHING;
INSERT INTO vocab_words (id, academy_id, student_id, english, korean, blank_type, status, box, added_by, review_count, wrong_count, created_at) VALUES ('vw-sb-b14383f3-f1c', 'acad-1', 'gst-sb-104c7909-e29', 'monopoly', '독점,전매', 'korean', 'approved', 1, 'student', 1, 1, '2026-03-19T08:20:30.700327+00:00') ON CONFLICT(id) DO NOTHING;
INSERT INTO vocab_words (id, academy_id, student_id, english, korean, blank_type, status, box, added_by, review_count, wrong_count, created_at) VALUES ('vw-sb-b661c508-064', 'acad-1', 'gst-sb-104c7909-e29', 'intersect', '교차하다', 'korean', 'approved', 4, 'student', 4, 1, '2026-03-19T07:35:54.78391+00:00') ON CONFLICT(id) DO NOTHING;
INSERT INTO vocab_words (id, academy_id, student_id, english, korean, blank_type, status, box, added_by, review_count, wrong_count, created_at) VALUES ('vw-sb-684f0f10-e8f', 'acad-1', 'gst-sb-104c7909-e29', 'provision', '공급', 'korean', 'approved', 1, 'student', 2, 2, '2026-03-19T07:35:09.079192+00:00') ON CONFLICT(id) DO NOTHING;
INSERT INTO vocab_words (id, academy_id, student_id, english, korean, blank_type, status, box, added_by, review_count, wrong_count, created_at) VALUES ('vw-sb-6e74cd1f-a85', 'acad-1', 'gst-sb-104c7909-e29', 'explicit', '분명한', 'korean', 'approved', 2, 'student', 1, 0, '2026-04-09T07:38:44.330609+00:00') ON CONFLICT(id) DO NOTHING;
INSERT INTO vocab_words (id, academy_id, student_id, english, korean, blank_type, status, box, added_by, review_count, wrong_count, created_at) VALUES ('vw-sb-ac87cba7-ef5', 'acad-1', 'gst-sb-104c7909-e29', 'irrespective of', '~와 상관없이', 'korean', 'approved', 1, 'student', 0, 0, '2026-04-10T08:34:02.845531+00:00') ON CONFLICT(id) DO NOTHING;
INSERT INTO vocab_words (id, academy_id, student_id, english, korean, blank_type, status, box, added_by, review_count, wrong_count, created_at) VALUES ('vw-sb-97bd0831-e39', 'acad-1', 'gst-sb-104c7909-e29', 'tyrant', '폭군,독재자', 'korean', 'approved', 3, 'student', 3, 1, '2026-03-19T09:10:32.703796+00:00') ON CONFLICT(id) DO NOTHING;
INSERT INTO vocab_words (id, academy_id, student_id, english, korean, blank_type, status, box, added_by, review_count, wrong_count, created_at) VALUES ('vw-sb-4344241e-cdc', 'acad-1', 'gst-sb-104c7909-e29', 'delegate', '대표자', 'korean', 'approved', 2, 'student', 1, 0, '2026-03-19T09:12:46.039347+00:00') ON CONFLICT(id) DO NOTHING;
INSERT INTO vocab_words (id, academy_id, student_id, english, korean, blank_type, status, box, added_by, review_count, wrong_count, created_at) VALUES ('vw-sb-5d53b434-e9b', 'acad-1', 'gst-sb-104c7909-e29', 'rally', '집회', 'korean', 'approved', 3, 'student', 2, 0, '2026-03-19T09:11:43.297073+00:00') ON CONFLICT(id) DO NOTHING;
INSERT INTO vocab_words (id, academy_id, student_id, english, korean, blank_type, status, box, added_by, review_count, wrong_count, created_at) VALUES ('vw-sb-23b088ad-33d', 'acad-1', 'gst-sb-104c7909-e29', 'ambassador', '대사,대표', 'korean', 'approved', 2, 'student', 2, 1, '2026-03-19T09:12:08.621058+00:00') ON CONFLICT(id) DO NOTHING;
INSERT INTO vocab_words (id, academy_id, student_id, english, korean, blank_type, status, box, added_by, review_count, wrong_count, created_at) VALUES ('vw-sb-878d6ca2-5fd', 'acad-1', 'gst-sb-104c7909-e29', 'surge', '급등하다,밀려들다', 'korean', 'approved', 1, 'student', 1, 1, '2026-03-19T08:19:28.799733+00:00') ON CONFLICT(id) DO NOTHING;
INSERT INTO vocab_words (id, academy_id, student_id, english, korean, blank_type, status, box, added_by, review_count, wrong_count, created_at) VALUES ('vw-sb-ab205427-d4a', 'acad-1', 'gst-sb-104c7909-e29', 'intricate', '복잡한', 'korean', 'approved', 4, 'student', 3, 0, '2026-03-23T09:40:59.726546+00:00') ON CONFLICT(id) DO NOTHING;
INSERT INTO vocab_words (id, academy_id, student_id, english, korean, blank_type, status, box, added_by, review_count, wrong_count, created_at) VALUES ('vw-sb-1edc98e5-cf1', 'acad-1', 'gst-sb-104c7909-e29', 'parliament', '의회,국회', 'korean', 'approved', 2, 'student', 2, 1, '2026-03-19T09:10:47.540908+00:00') ON CONFLICT(id) DO NOTHING;
INSERT INTO vocab_words (id, academy_id, student_id, english, korean, blank_type, status, box, added_by, review_count, wrong_count, created_at) VALUES ('vw-sb-bbe83364-fb2', 'acad-1', 'gst-sb-104c7909-e29', 'skepticism', '회의주의', 'korean', 'approved', 3, 'student', 2, 0, '2026-03-16T07:19:49.634599+00:00') ON CONFLICT(id) DO NOTHING;
INSERT INTO vocab_words (id, academy_id, student_id, english, korean, blank_type, status, box, added_by, review_count, wrong_count, created_at) VALUES ('vw-sb-b86397c5-e02', 'acad-1', 'gst-sb-104c7909-e29', 'withdraw', '철회하다,탈퇴하다,인출하다', 'korean', 'approved', 2, 'student', 1, 0, '2026-03-19T08:21:04.703349+00:00') ON CONFLICT(id) DO NOTHING;
INSERT INTO vocab_words (id, academy_id, student_id, english, korean, blank_type, status, box, added_by, review_count, wrong_count, created_at) VALUES ('vw-sb-7185bb65-aab', 'acad-1', 'gst-sb-20969a71-24d', 'unprecedented', '전례 없는, 미증유의', 'korean', 'approved', 1, 'student', 0, 0, '2026-04-12T09:13:30.214498+00:00') ON CONFLICT(id) DO NOTHING;
INSERT INTO vocab_words (id, academy_id, student_id, english, korean, blank_type, status, box, added_by, review_count, wrong_count, created_at) VALUES ('vw-sb-06daa744-b3e', 'acad-1', 'gst-sb-104c7909-e29', 'shareholder', '주주', 'korean', 'approved', 3, 'student', 2, 0, '2026-03-19T07:37:47.345365+00:00') ON CONFLICT(id) DO NOTHING;
INSERT INTO vocab_words (id, academy_id, student_id, english, korean, blank_type, status, box, added_by, review_count, wrong_count, created_at) VALUES ('vw-sb-aea44521-e23', 'acad-1', 'gst-sb-104c7909-e29', 'embassy', '대사관', 'korean', 'approved', 2, 'student', 1, 0, '2026-03-19T09:12:16.748345+00:00') ON CONFLICT(id) DO NOTHING;
INSERT INTO vocab_words (id, academy_id, student_id, english, korean, blank_type, status, box, added_by, review_count, wrong_count, created_at) VALUES ('vw-sb-dd26baf5-605', 'acad-1', 'gst-sb-104c7909-e29', 'execution', '실행,수행', 'korean', 'approved', 3, 'student', 2, 0, '2026-03-19T07:34:58.945556+00:00') ON CONFLICT(id) DO NOTHING;
INSERT INTO vocab_words (id, academy_id, student_id, english, korean, blank_type, status, box, added_by, review_count, wrong_count, created_at) VALUES ('vw-sb-cb5084b3-379', 'acad-1', 'gst-sb-104c7909-e29', 'accompaniment', '반주', 'korean', 'approved', 3, 'student', 3, 1, '2026-03-19T07:35:26.41855+00:00') ON CONFLICT(id) DO NOTHING;
INSERT INTO vocab_words (id, academy_id, student_id, english, korean, blank_type, status, box, added_by, review_count, wrong_count, created_at) VALUES ('vw-sb-c0d9714a-751', 'acad-1', 'gst-sb-104c7909-e29', 'hold to', '~을 고수하다', 'korean', 'approved', 1, 'student', 2, 2, '2026-03-19T07:38:19.772932+00:00') ON CONFLICT(id) DO NOTHING;
INSERT INTO vocab_words (id, academy_id, student_id, english, korean, blank_type, status, box, added_by, review_count, wrong_count, created_at) VALUES ('vw-sb-aa655738-e17', 'acad-1', 'gst-sb-104c7909-e29', 'propaganda', '퍼뜨리다,전파하다', 'korean', 'approved', 2, 'student', 2, 1, '2026-03-19T09:09:30.325114+00:00') ON CONFLICT(id) DO NOTHING;
INSERT INTO vocab_words (id, academy_id, student_id, english, korean, blank_type, status, box, added_by, review_count, wrong_count, created_at) VALUES ('vw-sb-5179e8a0-74a', 'acad-1', 'gst-sb-104c7909-e29', 'ballot', '무기명 투표', 'korean', 'approved', 1, 'student', 1, 1, '2026-03-19T09:11:18.103387+00:00') ON CONFLICT(id) DO NOTHING;
INSERT INTO vocab_words (id, academy_id, student_id, english, korean, blank_type, status, box, added_by, review_count, wrong_count, created_at) VALUES ('vw-sb-728d6816-f82', 'acad-1', 'gst-sb-104c7909-e29', 'soar', '급등하다,치솟다', 'korean', 'approved', 3, 'student', 2, 0, '2026-03-19T08:19:17.760401+00:00') ON CONFLICT(id) DO NOTHING;
INSERT INTO vocab_words (id, academy_id, student_id, english, korean, blank_type, status, box, added_by, review_count, wrong_count, created_at) VALUES ('vw-sb-c48db125-6fe', 'acad-1', 'gst-sb-104c7909-e29', 'reservoir', '저수지,저장고', 'korean', 'approved', 1, 'student', 2, 1, '2026-03-19T08:21:40.831864+00:00') ON CONFLICT(id) DO NOTHING;
INSERT INTO vocab_words (id, academy_id, student_id, english, korean, blank_type, status, box, added_by, review_count, wrong_count, created_at) VALUES ('vw-sb-0f0d2c8e-f0a', 'acad-1', 'gst-sb-104c7909-e29', 'surplus', '흑자,과잉', 'korean', 'approved', 3, 'student', 3, 1, '2026-03-19T08:19:56.750764+00:00') ON CONFLICT(id) DO NOTHING;
INSERT INTO vocab_words (id, academy_id, student_id, english, korean, blank_type, status, box, added_by, review_count, wrong_count, created_at) VALUES ('vw-sb-bcd172d3-d1f', 'acad-1', 'gst-sb-104c7909-e29', 'sanction', '허가,제재', 'korean', 'approved', 3, 'student', 3, 1, '2026-03-19T09:14:19.259719+00:00') ON CONFLICT(id) DO NOTHING;
INSERT INTO vocab_words (id, academy_id, student_id, english, korean, blank_type, status, box, added_by, review_count, wrong_count, created_at) VALUES ('vw-sb-f3a17c42-a67', 'acad-1', 'gst-sb-104c7909-e29', 'subsidy', '보조금,장려금', 'korean', 'approved', 1, 'student', 0, 0, '2026-03-19T09:08:42.721617+00:00') ON CONFLICT(id) DO NOTHING;
INSERT INTO vocab_words (id, academy_id, student_id, english, korean, blank_type, status, box, added_by, review_count, wrong_count, created_at) VALUES ('vw-sb-70fd6522-ba4', 'acad-1', 'gst-sb-104c7909-e29', 'needy', '어려운,궁핍한', 'korean', 'approved', 1, 'student', 0, 0, '2026-03-19T09:08:00.540538+00:00') ON CONFLICT(id) DO NOTHING;
INSERT INTO vocab_words (id, academy_id, student_id, english, korean, blank_type, status, box, added_by, review_count, wrong_count, created_at) VALUES ('vw-sb-b3051423-d73', 'acad-1', 'gst-sb-104c7909-e29', 'suburban', '교외의', 'korean', 'approved', 1, 'student', 0, 0, '2026-03-19T09:06:36.107696+00:00') ON CONFLICT(id) DO NOTHING;
INSERT INTO vocab_words (id, academy_id, student_id, english, korean, blank_type, status, box, added_by, review_count, wrong_count, created_at) VALUES ('vw-sb-cd6ce214-061', 'acad-1', 'gst-sb-104c7909-e29', 'bulletin', '속보,공고', 'korean', 'approved', 1, 'student', 0, 0, '2026-03-19T08:22:24.718505+00:00') ON CONFLICT(id) DO NOTHING;
INSERT INTO vocab_words (id, academy_id, student_id, english, korean, blank_type, status, box, added_by, review_count, wrong_count, created_at) VALUES ('vw-sb-71cf5fb8-364', 'acad-1', 'gst-sb-104c7909-e29', 'mill', '방앗간,갈다', 'korean', 'approved', 1, 'student', 0, 0, '2026-03-19T08:21:57.706171+00:00') ON CONFLICT(id) DO NOTHING;
INSERT INTO vocab_words (id, academy_id, student_id, english, korean, blank_type, status, box, added_by, review_count, wrong_count, created_at) VALUES ('vw-sb-43328c06-b72', 'acad-1', 'gst-sb-104c7909-e29', 'commerce', '상업,무역', 'korean', 'approved', 1, 'student', 0, 0, '2026-03-19T08:20:13.794603+00:00') ON CONFLICT(id) DO NOTHING;
INSERT INTO vocab_words (id, academy_id, student_id, english, korean, blank_type, status, box, added_by, review_count, wrong_count, created_at) VALUES ('vw-sb-f33ed643-b46', 'acad-1', 'gst-sb-20969a71-24d', 'hesitate', '망설이다', 'korean', 'approved', 3, 'student', 2, 0, '2026-03-14T14:41:29.79719+00:00') ON CONFLICT(id) DO NOTHING;
INSERT INTO vocab_words (id, academy_id, student_id, english, korean, blank_type, status, box, added_by, review_count, wrong_count, created_at) VALUES ('vw-sb-58e1ab9c-7bb', 'acad-1', 'gst-sb-dac4c91a-13e', 'federal', '언방제의', 'korean', 'approved', 1, 'student', 2, 1, '2026-03-19T10:46:35.643375+00:00') ON CONFLICT(id) DO NOTHING;
INSERT INTO vocab_words (id, academy_id, student_id, english, korean, blank_type, status, box, added_by, review_count, wrong_count, created_at) VALUES ('vw-sb-5a59e28f-dd9', 'acad-1', 'gst-sb-dac4c91a-13e', 'fertile', '비옥한', 'korean', 'approved', 1, 'student', 2, 2, '2026-03-19T10:46:55.686891+00:00') ON CONFLICT(id) DO NOTHING;
INSERT INTO vocab_words (id, academy_id, student_id, english, korean, blank_type, status, box, added_by, review_count, wrong_count, created_at) VALUES ('vw-sb-8ef27682-9b6', 'acad-1', 'gst-sb-75dd1659-408', 'Parliament', '의회', 'korean', 'approved', 1, 'student', 0, 0, '2026-04-06T11:03:43.726329+00:00') ON CONFLICT(id) DO NOTHING;
INSERT INTO vocab_words (id, academy_id, student_id, english, korean, blank_type, status, box, added_by, review_count, wrong_count, created_at) VALUES ('vw-sb-1bedd87f-08f', 'acad-1', 'gst-sb-104c7909-e29', 'take up', '~을 다루다', 'korean', 'approved', 3, 'student', 2, 0, '2026-04-09T07:53:52.305253+00:00') ON CONFLICT(id) DO NOTHING;
INSERT INTO vocab_words (id, academy_id, student_id, english, korean, blank_type, status, box, added_by, review_count, wrong_count, created_at) VALUES ('vw-sb-7670b883-e76', 'acad-1', 'gst-sb-104c7909-e29', 'vocation', '천직,소명', 'korean', 'approved', 3, 'student', 2, 0, '2026-03-19T09:13:21.02153+00:00') ON CONFLICT(id) DO NOTHING;
INSERT INTO vocab_words (id, academy_id, student_id, english, korean, blank_type, status, box, added_by, review_count, wrong_count, created_at) VALUES ('vw-sb-f5ecc356-c0e', 'acad-1', 'gst-sb-104c7909-e29', 'awful', '끔찍한,지독한', 'korean', 'approved', 4, 'student', 3, 0, '2026-03-23T09:41:57.181827+00:00') ON CONFLICT(id) DO NOTHING;
INSERT INTO vocab_words (id, academy_id, student_id, english, korean, blank_type, status, box, added_by, review_count, wrong_count, created_at) VALUES ('vw-sb-4bc27434-bcc', 'acad-1', 'gst-sb-b0f307ef-c30', 'electrical', '전기적인', 'korean', 'approved', 1, 'student', 0, 0, '2026-03-27T09:35:58.185926+00:00') ON CONFLICT(id) DO NOTHING;
INSERT INTO vocab_words (id, academy_id, student_id, english, korean, blank_type, status, box, added_by, review_count, wrong_count, created_at) VALUES ('vw-sb-aedac940-95b', 'acad-1', 'gst-sb-b0f307ef-c30', 'Convinced', '확신 되어진', 'korean', 'approved', 1, 'student', 0, 0, '2026-03-27T09:35:33.517942+00:00') ON CONFLICT(id) DO NOTHING;
INSERT INTO vocab_words (id, academy_id, student_id, english, korean, blank_type, status, box, added_by, review_count, wrong_count, created_at) VALUES ('vw-sb-e8a9326a-45c', 'acad-1', 'gst-sb-b0f307ef-c30', 'Heroic', '영웅적인', 'korean', 'approved', 1, 'student', 0, 0, '2026-03-27T09:35:11.16351+00:00') ON CONFLICT(id) DO NOTHING;
INSERT INTO vocab_words (id, academy_id, student_id, english, korean, blank_type, status, box, added_by, review_count, wrong_count, created_at) VALUES ('vw-sb-05426bf1-8ee', 'acad-1', 'gst-sb-0de85920-ba6', 'rapid', '빠른', 'korean', 'approved', 1, 'student', 0, 0, '2026-03-23T09:43:51.683163+00:00') ON CONFLICT(id) DO NOTHING;
INSERT INTO vocab_words (id, academy_id, student_id, english, korean, blank_type, status, box, added_by, review_count, wrong_count, created_at) VALUES ('vw-sb-04678faf-40c', 'acad-1', 'gst-sb-0de85920-ba6', 'progressive', '진보적인', 'korean', 'approved', 1, 'student', 0, 0, '2026-03-23T09:43:37.117338+00:00') ON CONFLICT(id) DO NOTHING;
INSERT INTO vocab_words (id, academy_id, student_id, english, korean, blank_type, status, box, added_by, review_count, wrong_count, created_at) VALUES ('vw-sb-d16ef874-4ea', 'acad-1', 'gst-sb-0de85920-ba6', 'vulnerable', '취약한', 'korean', 'approved', 2, 'student', 2, 1, '2026-03-12T07:20:28.475927+00:00') ON CONFLICT(id) DO NOTHING;
INSERT INTO vocab_words (id, academy_id, student_id, english, korean, blank_type, status, box, added_by, review_count, wrong_count, created_at) VALUES ('vw-sb-c5dd0c85-c88', 'acad-1', 'gst-sb-dac4c91a-13e', 'genetic', '유전학의', 'korean', 'approved', 1, 'student', 0, 0, '2026-03-27T08:44:41.630929+00:00') ON CONFLICT(id) DO NOTHING;
INSERT INTO vocab_words (id, academy_id, student_id, english, korean, blank_type, status, box, added_by, review_count, wrong_count, created_at) VALUES ('vw-sb-85ab872e-00b', 'acad-1', 'gst-sb-dac4c91a-13e', 'fundamental', '기초의', 'korean', 'approved', 1, 'student', 0, 0, '2026-03-27T07:35:59.781305+00:00') ON CONFLICT(id) DO NOTHING;
INSERT INTO vocab_words (id, academy_id, student_id, english, korean, blank_type, status, box, added_by, review_count, wrong_count, created_at) VALUES ('vw-sb-c6c88e52-cd9', 'acad-1', 'gst-sb-b0f307ef-c30', 'psychology', '심리학', 'korean', 'approved', 2, 'student', 1, 0, '2026-03-17T11:25:13.269229+00:00') ON CONFLICT(id) DO NOTHING;
INSERT INTO vocab_words (id, academy_id, student_id, english, korean, blank_type, status, box, added_by, review_count, wrong_count, created_at) VALUES ('vw-sb-f76f5942-cee', 'acad-1', 'gst-sb-104c7909-e29', 'comply', '준수하다', 'korean', 'approved', 3, 'student', 2, 0, '2026-03-19T09:14:58.597451+00:00') ON CONFLICT(id) DO NOTHING;
INSERT INTO vocab_words (id, academy_id, student_id, english, korean, blank_type, status, box, added_by, review_count, wrong_count, created_at) VALUES ('vw-sb-f8a7b971-898', 'acad-1', 'gst-sb-104c7909-e29', 'personnel', '인원,인사과', 'korean', 'approved', 1, 'student', 1, 1, '2026-03-19T09:13:06.817079+00:00') ON CONFLICT(id) DO NOTHING;
INSERT INTO vocab_words (id, academy_id, student_id, english, korean, blank_type, status, box, added_by, review_count, wrong_count, created_at) VALUES ('vw-sb-7728f6a5-e69', 'acad-1', 'gst-sb-104c7909-e29', 'solemn', '엄숙한,근엄한', 'korean', 'approved', 3, 'student', 4, 1, '2026-03-16T07:14:10.21213+00:00') ON CONFLICT(id) DO NOTHING;
INSERT INTO vocab_words (id, academy_id, student_id, english, korean, blank_type, status, box, added_by, review_count, wrong_count, created_at) VALUES ('vw-sb-fdbc3ae7-d92', 'acad-1', 'gst-sb-104c7909-e29', 'designate', '지정하다,지명하다', 'korean', 'approved', 2, 'student', 2, 1, '2026-03-19T09:13:42.326467+00:00') ON CONFLICT(id) DO NOTHING;
INSERT INTO vocab_words (id, academy_id, student_id, english, korean, blank_type, status, box, added_by, review_count, wrong_count, created_at) VALUES ('vw-sb-c0526a72-05a', 'acad-1', 'gst-sb-ac7eba08-fd8', 'sufficient', '충분한', 'korean', 'approved', 2, 'student', 1, 0, '2026-03-12T07:20:28.075841+00:00') ON CONFLICT(id) DO NOTHING;
INSERT INTO vocab_words (id, academy_id, student_id, english, korean, blank_type, status, box, added_by, review_count, wrong_count, created_at) VALUES ('vw-sb-01b65ba1-a3b', 'acad-1', 'gst-sb-104c7909-e29', 'compact', '아담한', 'korean', 'approved', 1, 'student', 0, 0, '2026-04-10T08:34:17.161241+00:00') ON CONFLICT(id) DO NOTHING;
INSERT INTO vocab_words (id, academy_id, student_id, english, korean, blank_type, status, box, added_by, review_count, wrong_count, created_at) VALUES ('vw-sb-1b24108b-dec', 'acad-1', 'gst-sb-104c7909-e29', 'impoverish', '빈곤하게 하다,품질을 저하시키다', 'korean', 'approved', 3, 'student', 2, 0, '2026-03-19T09:07:50.481129+00:00') ON CONFLICT(id) DO NOTHING;
INSERT INTO vocab_words (id, academy_id, student_id, english, korean, blank_type, status, box, added_by, review_count, wrong_count, created_at) VALUES ('vw-sb-5d563a51-fe2', 'acad-1', 'gst-sb-20969a71-24d', 'embody', '상징하다, 구현하다, 표현하다, 담다', 'korean', 'approved', 1, 'student', 0, 0, '2026-04-12T09:14:23.11038+00:00') ON CONFLICT(id) DO NOTHING;
INSERT INTO vocab_words (id, academy_id, student_id, english, korean, blank_type, status, box, added_by, review_count, wrong_count, created_at) VALUES ('vw-sb-18a987e3-328', 'acad-1', 'gst-sb-104c7909-e29', 'commodity', '상품,물품', 'korean', 'approved', 2, 'student', 1, 0, '2026-03-23T09:40:40.735901+00:00') ON CONFLICT(id) DO NOTHING;
INSERT INTO vocab_words (id, academy_id, student_id, english, korean, blank_type, status, box, added_by, review_count, wrong_count, created_at) VALUES ('vw-sb-15b87767-dd3', 'acad-1', 'gst-sb-104c7909-e29', 'enlarge', '증가하다,확대하다', 'korean', 'approved', 3, 'student', 2, 0, '2026-03-23T09:41:26.681722+00:00') ON CONFLICT(id) DO NOTHING;
INSERT INTO vocab_words (id, academy_id, student_id, english, korean, blank_type, status, box, added_by, review_count, wrong_count, created_at) VALUES ('vw-sb-f234eb9f-2d5', 'acad-1', 'gst-sb-104c7909-e29', 'clumsy', '어설픈', 'korean', 'approved', 3, 'student', 3, 1, '2026-03-16T07:21:20.279138+00:00') ON CONFLICT(id) DO NOTHING;
INSERT INTO vocab_words (id, academy_id, student_id, english, korean, blank_type, status, box, added_by, review_count, wrong_count, created_at) VALUES ('vw-sb-3a19a474-8b3', 'acad-1', 'gst-sb-bfce39aa-959', 'committee', '위원회', 'korean', 'approved', 1, 'student', 0, 0, '2026-03-19T09:53:38.138128+00:00') ON CONFLICT(id) DO NOTHING;
INSERT INTO vocab_words (id, academy_id, student_id, english, korean, blank_type, status, box, added_by, review_count, wrong_count, created_at) VALUES ('vw-sb-5b58e114-30e', 'acad-1', 'gst-sb-bfce39aa-959', 'intercept', '가로막다', 'korean', 'approved', 1, 'student', 0, 0, '2026-03-19T09:52:45.359135+00:00') ON CONFLICT(id) DO NOTHING;
INSERT INTO vocab_words (id, academy_id, student_id, english, korean, blank_type, status, box, added_by, review_count, wrong_count, created_at) VALUES ('vw-sb-0e2c2ac5-ec7', 'acad-1', 'gst-sb-bfce39aa-959', 'interfere', '간섭하다, 참견하다, 방해하다', 'korean', 'approved', 1, 'student', 0, 0, '2026-03-19T09:52:38.055498+00:00') ON CONFLICT(id) DO NOTHING;
INSERT INTO vocab_words (id, academy_id, student_id, english, korean, blank_type, status, box, added_by, review_count, wrong_count, created_at) VALUES ('vw-sb-557222d6-c56', 'acad-1', 'gst-sb-104c7909-e29', 'legislate', '입법하다', 'korean', 'approved', 2, 'student', 1, 0, '2026-03-19T09:14:47.985933+00:00') ON CONFLICT(id) DO NOTHING;
INSERT INTO vocab_words (id, academy_id, student_id, english, korean, blank_type, status, box, added_by, review_count, wrong_count, created_at) VALUES ('vw-sb-bb84e1c6-ccb', 'acad-1', 'gst-sb-104c7909-e29', 'convincing', '설득력 있는', 'korean', 'approved', 3, 'student', 2, 0, '2026-03-16T07:54:37.22343+00:00') ON CONFLICT(id) DO NOTHING;
INSERT INTO vocab_words (id, academy_id, student_id, english, korean, blank_type, status, box, added_by, review_count, wrong_count, created_at) VALUES ('vw-sb-177b417e-2c7', 'acad-1', 'gst-sb-54735473-da1', 'split', '쪼개다', 'korean', 'approved', 2, 'student', 1, 0, '2026-03-20T09:37:43.884033+00:00') ON CONFLICT(id) DO NOTHING;
INSERT INTO vocab_words (id, academy_id, student_id, english, korean, blank_type, status, box, added_by, review_count, wrong_count, created_at) VALUES ('vw-sb-d3616fbe-bf3', 'acad-1', 'gst-sb-54735473-da1', 'spouse', '배우자', 'korean', 'approved', 2, 'student', 1, 0, '2026-03-20T09:38:04.750321+00:00') ON CONFLICT(id) DO NOTHING;
INSERT INTO vocab_words (id, academy_id, student_id, english, korean, blank_type, status, box, added_by, review_count, wrong_count, created_at) VALUES ('vw-sb-ca5beff5-55e', 'acad-1', 'gst-sb-0de85920-ba6', 'assess', '사정하다', 'korean', 'approved', 1, 'student', 0, 0, '2026-03-23T09:56:45.210592+00:00') ON CONFLICT(id) DO NOTHING;
INSERT INTO vocab_words (id, academy_id, student_id, english, korean, blank_type, status, box, added_by, review_count, wrong_count, created_at) VALUES ('vw-sb-068a2ed0-d10', 'acad-1', 'gst-sb-0de85920-ba6', 'assume', '(특성, 양상을)취하다', 'korean', 'approved', 1, 'student', 0, 0, '2026-03-23T09:57:31.635359+00:00') ON CONFLICT(id) DO NOTHING;
INSERT INTO vocab_words (id, academy_id, student_id, english, korean, blank_type, status, box, added_by, review_count, wrong_count, created_at) VALUES ('vw-sb-a6e8a9f0-1a6', 'acad-1', 'gst-sb-54735473-da1', 'steep', '가파른', 'korean', 'approved', 1, 'student', 0, 0, '2026-03-23T08:10:32.362573+00:00') ON CONFLICT(id) DO NOTHING;
INSERT INTO vocab_words (id, academy_id, student_id, english, korean, blank_type, status, box, added_by, review_count, wrong_count, created_at) VALUES ('vw-sb-13b24968-bd5', 'acad-1', 'gst-sb-54735473-da1', 'strain', '잡아당기다', 'korean', 'approved', 1, 'student', 0, 0, '2026-03-23T08:11:05.1842+00:00') ON CONFLICT(id) DO NOTHING;
INSERT INTO vocab_words (id, academy_id, student_id, english, korean, blank_type, status, box, added_by, review_count, wrong_count, created_at) VALUES ('vw-sb-378600c7-e85', 'acad-1', 'gst-sb-54735473-da1', 'stiff', '굳은', 'korean', 'approved', 1, 'student', 0, 0, '2026-03-23T08:10:42.142881+00:00') ON CONFLICT(id) DO NOTHING;
INSERT INTO vocab_words (id, academy_id, student_id, english, korean, blank_type, status, box, added_by, review_count, wrong_count, created_at) VALUES ('vw-sb-729e44fb-d16', 'acad-1', 'gst-sb-54735473-da1', 'strategy', '전략', 'korean', 'approved', 1, 'student', 0, 0, '2026-03-23T08:11:23.101047+00:00') ON CONFLICT(id) DO NOTHING;
INSERT INTO vocab_words (id, academy_id, student_id, english, korean, blank_type, status, box, added_by, review_count, wrong_count, created_at) VALUES ('vw-sb-10e687b3-d6b', 'acad-1', 'gst-sb-54735473-da1', 'stream', '시내', 'korean', 'approved', 1, 'student', 0, 0, '2026-03-23T08:11:33.680572+00:00') ON CONFLICT(id) DO NOTHING;
INSERT INTO vocab_words (id, academy_id, student_id, english, korean, blank_type, status, box, added_by, review_count, wrong_count, created_at) VALUES ('vw-sb-df59ac3f-9b6', 'acad-1', 'gst-sb-dac4c91a-13e', 'feast', '잔치', 'korean', 'approved', 1, 'student', 1, 1, '2026-03-19T10:46:14.532033+00:00') ON CONFLICT(id) DO NOTHING;
INSERT INTO vocab_words (id, academy_id, student_id, english, korean, blank_type, status, box, added_by, review_count, wrong_count, created_at) VALUES ('vw-sb-2377f460-5d4', 'acad-1', 'gst-sb-dac4c91a-13e', 'fence', '데리고 오다', 'korean', 'approved', 2, 'student', 2, 1, '2026-03-19T10:47:10.443333+00:00') ON CONFLICT(id) DO NOTHING;
INSERT INTO vocab_words (id, academy_id, student_id, english, korean, blank_type, status, box, added_by, review_count, wrong_count, created_at) VALUES ('vw-sb-f4db3752-83b', 'acad-1', 'gst-sb-dac4c91a-13e', 'exclusive', '배타적인', 'korean', 'approved', 1, 'student', 1, 1, '2026-03-13T08:08:47.449712+00:00') ON CONFLICT(id) DO NOTHING;
INSERT INTO vocab_words (id, academy_id, student_id, english, korean, blank_type, status, box, added_by, review_count, wrong_count, created_at) VALUES ('vw-sb-f4cfe4a2-9a2', 'acad-1', 'gst-sb-ac7eba08-fd8', 'accurate', '정확한', 'korean', 'approved', 2, 'student', 1, 0, '2026-03-13T08:22:23.322117+00:00') ON CONFLICT(id) DO NOTHING;
INSERT INTO vocab_words (id, academy_id, student_id, english, korean, blank_type, status, box, added_by, review_count, wrong_count, created_at) VALUES ('vw-sb-6c06ce9f-599', 'acad-1', 'gst-sb-88e61536-729', 'dervie', '이끌어내다', 'korean', 'approved', 1, 'student', 1, 1, '2026-03-19T10:38:01.657637+00:00') ON CONFLICT(id) DO NOTHING;
INSERT INTO vocab_words (id, academy_id, student_id, english, korean, blank_type, status, box, added_by, review_count, wrong_count, created_at) VALUES ('vw-sb-d85b2231-313', 'acad-1', 'gst-sb-88e61536-729', 'dependence', '종속', 'korean', 'approved', 2, 'student', 1, 0, '2026-03-19T10:37:48.568088+00:00') ON CONFLICT(id) DO NOTHING;
INSERT INTO vocab_words (id, academy_id, student_id, english, korean, blank_type, status, box, added_by, review_count, wrong_count, created_at) VALUES ('vw-sb-8314bf2b-66c', 'acad-1', 'gst-sb-88e61536-729', 'deny', '부정하다', 'korean', 'approved', 2, 'student', 1, 0, '2026-03-19T10:37:30.304411+00:00') ON CONFLICT(id) DO NOTHING;
INSERT INTO vocab_words (id, academy_id, student_id, english, korean, blank_type, status, box, added_by, review_count, wrong_count, created_at) VALUES ('vw-sb-1835baeb-72c', 'acad-1', 'gst-sb-88e61536-729', 'demand', '요구하다', 'korean', 'approved', 2, 'student', 1, 0, '2026-03-19T10:37:16.962688+00:00') ON CONFLICT(id) DO NOTHING;
INSERT INTO vocab_words (id, academy_id, student_id, english, korean, blank_type, status, box, added_by, review_count, wrong_count, created_at) VALUES ('vw-sb-6a7006a3-6e2', 'acad-1', 'gst-sb-88e61536-729', 'detect', '정체를 밝히다', 'korean', 'approved', 1, 'student', 0, 0, '2026-03-24T10:22:10.450675+00:00') ON CONFLICT(id) DO NOTHING;
INSERT INTO vocab_words (id, academy_id, student_id, english, korean, blank_type, status, box, added_by, review_count, wrong_count, created_at) VALUES ('vw-sb-33e3ea30-b0e', 'acad-1', 'gst-sb-88e61536-729', 'dervise', '고안하다', 'korean', 'approved', 1, 'student', 0, 0, '2026-03-24T10:22:32.971602+00:00') ON CONFLICT(id) DO NOTHING;
INSERT INTO vocab_words (id, academy_id, student_id, english, korean, blank_type, status, box, added_by, review_count, wrong_count, created_at) VALUES ('vw-sb-4cd9be11-739', 'acad-1', 'gst-sb-88e61536-729', 'diet', '규정식', 'korean', 'approved', 1, 'student', 0, 0, '2026-03-24T10:22:50.931098+00:00') ON CONFLICT(id) DO NOTHING;
INSERT INTO vocab_words (id, academy_id, student_id, english, korean, blank_type, status, box, added_by, review_count, wrong_count, created_at) VALUES ('vw-sb-4a3bc74d-f65', 'acad-1', 'gst-sb-88e61536-729', 'differ', '다르다', 'korean', 'approved', 1, 'student', 0, 0, '2026-03-24T10:23:07.84503+00:00') ON CONFLICT(id) DO NOTHING;
INSERT INTO vocab_words (id, academy_id, student_id, english, korean, blank_type, status, box, added_by, review_count, wrong_count, created_at) VALUES ('vw-sb-429145a0-fe3', 'acad-1', 'gst-sb-88e61536-729', 'dimension', '치수', 'korean', 'approved', 1, 'student', 0, 0, '2026-03-24T10:23:28.881748+00:00') ON CONFLICT(id) DO NOTHING;
INSERT INTO vocab_words (id, academy_id, student_id, english, korean, blank_type, status, box, added_by, review_count, wrong_count, created_at) VALUES ('vw-sb-be9c0b12-b1d', 'acad-1', 'gst-sb-bfce39aa-959', 'candidate', '후보자', 'korean', 'approved', 1, 'student', 1, 1, '2026-03-19T09:53:31.253751+00:00') ON CONFLICT(id) DO NOTHING;
INSERT INTO vocab_words (id, academy_id, student_id, english, korean, blank_type, status, box, added_by, review_count, wrong_count, created_at) VALUES ('vw-sb-886ad5a3-a81', 'acad-1', 'gst-sb-bfce39aa-959', 'transaction', '거래, 매매', 'korean', 'approved', 2, 'student', 1, 0, '2026-03-19T09:52:52.663199+00:00') ON CONFLICT(id) DO NOTHING;
INSERT INTO vocab_words (id, academy_id, student_id, english, korean, blank_type, status, box, added_by, review_count, wrong_count, created_at) VALUES ('vw-sb-b621b308-6d0', 'acad-1', 'gst-sb-0de85920-ba6', 'border', '가장자리', 'korean', 'approved', 2, 'student', 1, 0, '2026-03-23T09:59:07.425696+00:00') ON CONFLICT(id) DO NOTHING;
INSERT INTO vocab_words (id, academy_id, student_id, english, korean, blank_type, status, box, added_by, review_count, wrong_count, created_at) VALUES ('vw-sb-089aa22f-854', 'acad-1', 'gst-sb-0de85920-ba6', 'beyond', '저편에', 'korean', 'approved', 2, 'student', 1, 0, '2026-03-23T09:57:49.076772+00:00') ON CONFLICT(id) DO NOTHING;
INSERT INTO vocab_words (id, academy_id, student_id, english, korean, blank_type, status, box, added_by, review_count, wrong_count, created_at) VALUES ('vw-sb-4c0c465a-a7e', 'acad-1', 'gst-sb-104c7909-e29', 'yield to', '~로 대체되다', 'korean', 'approved', 2, 'student', 1, 0, '2026-04-12T09:50:31.73705+00:00') ON CONFLICT(id) DO NOTHING;
INSERT INTO vocab_words (id, academy_id, student_id, english, korean, blank_type, status, box, added_by, review_count, wrong_count, created_at) VALUES ('vw-sb-69a4f39d-285', 'acad-1', 'gst-sb-75dd1659-408', 'Passage', '통과', 'korean', 'approved', 1, 'student', 0, 0, '2026-04-06T11:03:55.270311+00:00') ON CONFLICT(id) DO NOTHING;
INSERT INTO vocab_words (id, academy_id, student_id, english, korean, blank_type, status, box, added_by, review_count, wrong_count, created_at) VALUES ('vw-sb-db29f86b-3e9', 'acad-1', 'gst-sb-104c7909-e29', 'reliability', '신뢰성', 'korean', 'approved', 3, 'student', 2, 0, '2026-03-30T07:41:00.218492+00:00') ON CONFLICT(id) DO NOTHING;
INSERT INTO vocab_words (id, academy_id, student_id, english, korean, blank_type, status, box, added_by, review_count, wrong_count, created_at) VALUES ('vw-sb-02bd587d-0ab', 'acad-1', 'gst-sb-104c7909-e29', 'bygone', '과거의', 'korean', 'approved', 3, 'student', 2, 0, '2026-03-30T07:42:45.578937+00:00') ON CONFLICT(id) DO NOTHING;
INSERT INTO vocab_words (id, academy_id, student_id, english, korean, blank_type, status, box, added_by, review_count, wrong_count, created_at) VALUES ('vw-sb-00d10caf-803', 'acad-1', 'gst-sb-104c7909-e29', 'instinctual', '본능에 따른', 'korean', 'approved', 3, 'student', 3, 1, '2026-03-16T07:07:04.795264+00:00') ON CONFLICT(id) DO NOTHING;
INSERT INTO vocab_words (id, academy_id, student_id, english, korean, blank_type, status, box, added_by, review_count, wrong_count, created_at) VALUES ('vw-sb-a2e7b3ed-1dc', 'acad-1', 'gst-sb-104c7909-e29', 'fondness', '애착', 'korean', 'approved', 3, 'student', 2, 0, '2026-03-30T07:41:44.678875+00:00') ON CONFLICT(id) DO NOTHING;
INSERT INTO vocab_words (id, academy_id, student_id, english, korean, blank_type, status, box, added_by, review_count, wrong_count, created_at) VALUES ('vw-sb-a03ac576-73c', 'acad-1', 'gst-sb-104c7909-e29', 'orchard', '과수원', 'korean', 'approved', 3, 'student', 2, 0, '2026-03-19T08:22:06.772205+00:00') ON CONFLICT(id) DO NOTHING;
INSERT INTO vocab_words (id, academy_id, student_id, english, korean, blank_type, status, box, added_by, review_count, wrong_count, created_at) VALUES ('vw-sb-5d077bae-313', 'acad-1', 'gst-sb-104c7909-e29', 'supplementary', '보충적인', 'korean', 'approved', 2, 'student', 1, 0, '2026-03-30T07:42:20.758937+00:00') ON CONFLICT(id) DO NOTHING;
INSERT INTO vocab_words (id, academy_id, student_id, english, korean, blank_type, status, box, added_by, review_count, wrong_count, created_at) VALUES ('vw-sb-45736673-409', 'acad-1', 'gst-sb-104c7909-e29', 'straightforward', '간단한', 'korean', 'approved', 3, 'student', 2, 0, '2026-03-30T07:42:00.032573+00:00') ON CONFLICT(id) DO NOTHING;
INSERT INTO vocab_words (id, academy_id, student_id, english, korean, blank_type, status, box, added_by, review_count, wrong_count, created_at) VALUES ('vw-sb-dbf11590-ce4', 'acad-1', 'gst-sb-dac4c91a-13e', 'export', '수출하다', 'korean', 'approved', 2, 'student', 2, 1, '2026-03-13T08:10:33.526525+00:00') ON CONFLICT(id) DO NOTHING;
INSERT INTO vocab_words (id, academy_id, student_id, english, korean, blank_type, status, box, added_by, review_count, wrong_count, created_at) VALUES ('vw-sb-35ebf0fd-f48', 'acad-1', 'gst-sb-88e61536-729', 'diminish', '줄이다', 'korean', 'approved', 1, 'student', 0, 0, '2026-03-24T10:23:45.700238+00:00') ON CONFLICT(id) DO NOTHING;
INSERT INTO vocab_words (id, academy_id, student_id, english, korean, blank_type, status, box, added_by, review_count, wrong_count, created_at) VALUES ('vw-sb-27755862-1ce', 'acad-1', 'gst-sb-88e61536-729', 'dip', '담그다', 'korean', 'approved', 1, 'student', 0, 0, '2026-03-24T10:23:59.390474+00:00') ON CONFLICT(id) DO NOTHING;
INSERT INTO vocab_words (id, academy_id, student_id, english, korean, blank_type, status, box, added_by, review_count, wrong_count, created_at) VALUES ('vw-sb-e1d5fefc-b06', 'acad-1', 'gst-sb-88e61536-729', 'direction', '방향', 'korean', 'approved', 1, 'student', 0, 0, '2026-03-24T10:24:31.157162+00:00') ON CONFLICT(id) DO NOTHING;
INSERT INTO vocab_words (id, academy_id, student_id, english, korean, blank_type, status, box, added_by, review_count, wrong_count, created_at) VALUES ('vw-sb-4621bb0a-b9b', 'acad-1', 'gst-sb-88e61536-729', 'dirt', '오물', 'korean', 'approved', 1, 'student', 0, 0, '2026-03-24T10:24:42.571199+00:00') ON CONFLICT(id) DO NOTHING;
INSERT INTO vocab_words (id, academy_id, student_id, english, korean, blank_type, status, box, added_by, review_count, wrong_count, created_at) VALUES ('vw-sb-fef9a9a0-9c1', 'acad-1', 'gst-sb-88e61536-729', 'disabled', '불구의', 'korean', 'approved', 1, 'student', 0, 0, '2026-03-24T10:24:59.828552+00:00') ON CONFLICT(id) DO NOTHING;
INSERT INTO vocab_words (id, academy_id, student_id, english, korean, blank_type, status, box, added_by, review_count, wrong_count, created_at) VALUES ('vw-sb-d9022744-787', 'acad-1', 'gst-sb-b0f307ef-c30', 'Scholar', '학자', 'korean', 'approved', 1, 'student', 0, 0, '2026-03-24T11:01:04.765301+00:00') ON CONFLICT(id) DO NOTHING;
INSERT INTO vocab_words (id, academy_id, student_id, english, korean, blank_type, status, box, added_by, review_count, wrong_count, created_at) VALUES ('vw-sb-05c7018c-654', 'acad-1', 'gst-sb-88e61536-729', 'direct', '똑바른', 'korean', 'approved', 1, 'student', 0, 0, '2026-03-24T10:24:13.162457+00:00') ON CONFLICT(id) DO NOTHING;
INSERT INTO vocab_words (id, academy_id, student_id, english, korean, blank_type, status, box, added_by, review_count, wrong_count, created_at) VALUES ('vw-sb-7aae43f7-82a', 'acad-1', 'gst-sb-b0f307ef-c30', 'censorship', '검열', 'korean', 'approved', 1, 'student', 0, 0, '2026-03-24T11:01:30.427264+00:00') ON CONFLICT(id) DO NOTHING;
INSERT INTO vocab_words (id, academy_id, student_id, english, korean, blank_type, status, box, added_by, review_count, wrong_count, created_at) VALUES ('vw-sb-679be7cf-b7b', 'acad-1', 'gst-sb-b0f307ef-c30', 'enhance', '항상시키다', 'korean', 'approved', 1, 'student', 0, 0, '2026-03-24T11:03:35.937647+00:00') ON CONFLICT(id) DO NOTHING;
INSERT INTO vocab_words (id, academy_id, student_id, english, korean, blank_type, status, box, added_by, review_count, wrong_count, created_at) VALUES ('vw-sb-63d06747-9a4', 'acad-1', 'gst-sb-104c7909-e29', 'focal point', '초점', 'korean', 'approved', 3, 'student', 2, 0, '2026-03-30T07:42:34.177587+00:00') ON CONFLICT(id) DO NOTHING;
INSERT INTO vocab_words (id, academy_id, student_id, english, korean, blank_type, status, box, added_by, review_count, wrong_count, created_at) VALUES ('vw-sb-6e656b59-e39', 'acad-1', 'gst-sb-104c7909-e29', 'strike up', '시작하다', 'korean', 'approved', 3, 'student', 2, 0, '2026-03-30T07:41:32.07436+00:00') ON CONFLICT(id) DO NOTHING;
INSERT INTO vocab_words (id, academy_id, student_id, english, korean, blank_type, status, box, added_by, review_count, wrong_count, created_at) VALUES ('vw-sb-5ebc6116-ec4', 'acad-1', 'gst-sb-bfce39aa-959', 'utter', '완전한, 순전한, 말을 하다', 'korean', 'approved', 3, 'student', 2, 0, '2026-03-16T11:47:06.032474+00:00') ON CONFLICT(id) DO NOTHING;
INSERT INTO vocab_words (id, academy_id, student_id, english, korean, blank_type, status, box, added_by, review_count, wrong_count, created_at) VALUES ('vw-sb-9319f202-706', 'acad-1', 'gst-sb-bfce39aa-959', 'predetermined', '미리 결정된, 예정된', 'korean', 'approved', 2, 'student', 1, 0, '2026-03-16T11:46:51.210327+00:00') ON CONFLICT(id) DO NOTHING;
INSERT INTO vocab_words (id, academy_id, student_id, english, korean, blank_type, status, box, added_by, review_count, wrong_count, created_at) VALUES ('vw-sb-2c93e3f6-3ea', 'acad-1', 'gst-sb-bfce39aa-959', 'superficial', '표면적인, 경미한', 'korean', 'approved', 2, 'student', 1, 0, '2026-03-16T11:44:38.604843+00:00') ON CONFLICT(id) DO NOTHING;
INSERT INTO vocab_words (id, academy_id, student_id, english, korean, blank_type, status, box, added_by, review_count, wrong_count, created_at) VALUES ('vw-sb-0c0ddd9f-14a', 'acad-1', 'gst-sb-bfce39aa-959', 'prophecy', '선행하는', 'korean', 'approved', 2, 'student', 2, 1, '2026-03-16T11:44:56.511478+00:00') ON CONFLICT(id) DO NOTHING;
INSERT INTO vocab_words (id, academy_id, student_id, english, korean, blank_type, status, box, added_by, review_count, wrong_count, created_at) VALUES ('vw-sb-cbae742f-a5e', 'acad-1', 'gst-sb-bfce39aa-959', 'adjust', '적응하다', 'korean', 'approved', 1, 'student', 2, 2, '2026-03-16T11:47:27.781915+00:00') ON CONFLICT(id) DO NOTHING;
INSERT INTO vocab_words (id, academy_id, student_id, english, korean, blank_type, status, box, added_by, review_count, wrong_count, created_at) VALUES ('vw-sb-43de6774-75f', 'acad-1', 'gst-sb-0de85920-ba6', 'blend', '혼합하다', 'korean', 'approved', 2, 'student', 1, 0, '2026-03-23T09:58:18.971806+00:00') ON CONFLICT(id) DO NOTHING;
INSERT INTO vocab_words (id, academy_id, student_id, english, korean, blank_type, status, box, added_by, review_count, wrong_count, created_at) VALUES ('vw-sb-04e13fa2-65a', 'acad-1', 'gst-sb-0de85920-ba6', 'appoint', '지정하다', 'korean', 'approved', 2, 'student', 1, 0, '2026-03-23T09:59:28.945037+00:00') ON CONFLICT(id) DO NOTHING;
INSERT INTO vocab_words (id, academy_id, student_id, english, korean, blank_type, status, box, added_by, review_count, wrong_count, created_at) VALUES ('vw-sb-4eb363ab-a8b', 'acad-1', 'gst-sb-0de85920-ba6', 'assign', '할당하다', 'korean', 'approved', 2, 'student', 1, 0, '2026-03-23T09:57:06.410245+00:00') ON CONFLICT(id) DO NOTHING;
INSERT INTO vocab_words (id, academy_id, student_id, english, korean, blank_type, status, box, added_by, review_count, wrong_count, created_at) VALUES ('vw-sb-b21e85ee-85a', 'acad-1', 'gst-sb-dac4c91a-13e', 'experience', '경험', 'korean', 'approved', 2, 'student', 3, 2, '2026-03-13T08:09:39.901525+00:00') ON CONFLICT(id) DO NOTHING;
INSERT INTO vocab_words (id, academy_id, student_id, english, korean, blank_type, status, box, added_by, review_count, wrong_count, created_at) VALUES ('vw-sb-dd3beba0-687', 'acad-1', 'gst-sb-dac4c91a-13e', 'flavor', '풍미', 'korean', 'approved', 3, 'student', 2, 0, '2026-03-20T09:01:40.634316+00:00') ON CONFLICT(id) DO NOTHING;
INSERT INTO vocab_words (id, academy_id, student_id, english, korean, blank_type, status, box, added_by, review_count, wrong_count, created_at) VALUES ('vw-sb-2898d152-af1', 'acad-1', 'gst-sb-dac4c91a-13e', 'favor', '호의', 'korean', 'approved', 2, 'student', 1, 0, '2026-03-19T10:46:04.779251+00:00') ON CONFLICT(id) DO NOTHING;
INSERT INTO vocab_words (id, academy_id, student_id, english, korean, blank_type, status, box, added_by, review_count, wrong_count, created_at) VALUES ('vw-sb-e02afee8-37e', 'acad-1', 'gst-sb-dac4c91a-13e', 'determine', '결정하다', 'korean', 'approved', 1, 'student', 2, 2, '2026-03-12T07:20:28.734491+00:00') ON CONFLICT(id) DO NOTHING;
INSERT INTO vocab_words (id, academy_id, student_id, english, korean, blank_type, status, box, added_by, review_count, wrong_count, created_at) VALUES ('vw-sb-c864f80c-52c', 'acad-1', 'gst-sb-b0f307ef-c30', 'economic', '경제학', 'korean', 'approved', 3, 'student', 2, 0, '2026-03-17T11:23:49.392893+00:00') ON CONFLICT(id) DO NOTHING;
INSERT INTO vocab_words (id, academy_id, student_id, english, korean, blank_type, status, box, added_by, review_count, wrong_count, created_at) VALUES ('vw-sb-2a2a54f9-132', 'acad-1', 'gst-sb-b0f307ef-c30', 'inventor', '발명가', 'korean', 'approved', 3, 'student', 2, 0, '2026-03-17T11:24:38.169566+00:00') ON CONFLICT(id) DO NOTHING;
INSERT INTO vocab_words (id, academy_id, student_id, english, korean, blank_type, status, box, added_by, review_count, wrong_count, created_at) VALUES ('vw-sb-b89480de-5a0', 'acad-1', 'gst-sb-b0f307ef-c30', 'accumulate', '축적하다', 'korean', 'approved', 3, 'student', 2, 0, '2026-03-13T09:59:22.412151+00:00') ON CONFLICT(id) DO NOTHING;
INSERT INTO vocab_words (id, academy_id, student_id, english, korean, blank_type, status, box, added_by, review_count, wrong_count, created_at) VALUES ('vw-sb-ccfe35f1-7ab', 'acad-1', 'gst-sb-b0f307ef-c30', 'enhance', '향상시키다', 'korean', 'approved', 1, 'student', 4, 3, '2026-03-12T07:20:28.12172+00:00') ON CONFLICT(id) DO NOTHING;
INSERT INTO vocab_words (id, academy_id, student_id, english, korean, blank_type, status, box, added_by, review_count, wrong_count, created_at) VALUES ('vw-sb-ce3894a7-e26', 'acad-1', 'gst-sb-b0f307ef-c30', 'captianlism', '자본주의', 'korean', 'approved', 3, 'student', 3, 1, '2026-03-17T11:26:29.893244+00:00') ON CONFLICT(id) DO NOTHING;
INSERT INTO vocab_words (id, academy_id, student_id, english, korean, blank_type, status, box, added_by, review_count, wrong_count, created_at) VALUES ('vw-sb-c3feaf32-631', 'acad-1', 'gst-sb-b0f307ef-c30', 'physics', '물리학', 'korean', 'approved', 1, 'student', 2, 1, '2026-03-17T11:24:55.991972+00:00') ON CONFLICT(id) DO NOTHING;
INSERT INTO vocab_words (id, academy_id, student_id, english, korean, blank_type, status, box, added_by, review_count, wrong_count, created_at) VALUES ('vw-sb-e7ad1692-c2e', 'acad-1', 'gst-sb-b0f307ef-c30', 'falsehood', '거짓', 'korean', 'approved', 4, 'student', 3, 0, '2026-03-17T11:23:02.75617+00:00') ON CONFLICT(id) DO NOTHING;
INSERT INTO vocab_words (id, academy_id, student_id, english, korean, blank_type, status, box, added_by, review_count, wrong_count, created_at) VALUES ('vw-sb-5329511e-523', 'acad-1', 'gst-sb-b0f307ef-c30', 'rhetoric', '수사', 'korean', 'approved', 3, 'student', 2, 0, '2026-03-17T11:25:54.692543+00:00') ON CONFLICT(id) DO NOTHING;
INSERT INTO vocab_words (id, academy_id, student_id, english, korean, blank_type, status, box, added_by, review_count, wrong_count, created_at) VALUES ('vw-sb-f91cb6c1-53b', 'acad-1', 'gst-sb-20969a71-24d', 'submit', '복종시키다', 'korean', 'approved', 2, 'student', 1, 0, '2026-03-26T09:13:35.690794+00:00') ON CONFLICT(id) DO NOTHING;
INSERT INTO vocab_words (id, academy_id, student_id, english, korean, blank_type, status, box, added_by, review_count, wrong_count, created_at) VALUES ('vw-sb-d1a9990f-4ec', 'acad-1', 'gst-sb-b0f307ef-c30', 'troublesome', '골치아픈', 'korean', 'approved', 1, 'student', 0, 0, '2026-03-27T09:39:39.542486+00:00') ON CONFLICT(id) DO NOTHING;
INSERT INTO vocab_words (id, academy_id, student_id, english, korean, blank_type, status, box, added_by, review_count, wrong_count, created_at) VALUES ('vw-sb-fff5f640-449', 'acad-1', 'gst-sb-b0f307ef-c30', 'frustrating', '좌절하게 하는', 'korean', 'approved', 1, 'student', 0, 0, '2026-03-27T09:39:06.373489+00:00') ON CONFLICT(id) DO NOTHING;
INSERT INTO vocab_words (id, academy_id, student_id, english, korean, blank_type, status, box, added_by, review_count, wrong_count, created_at) VALUES ('vw-sb-739ee0f4-8d2', 'acad-1', 'gst-sb-b0f307ef-c30', 'quarrelsome', '논쟁적인', 'korean', 'approved', 1, 'student', 0, 0, '2026-03-27T09:38:40.776387+00:00') ON CONFLICT(id) DO NOTHING;
INSERT INTO vocab_words (id, academy_id, student_id, english, korean, blank_type, status, box, added_by, review_count, wrong_count, created_at) VALUES ('vw-sb-5d4759f9-64c', 'acad-1', 'gst-sb-b0f307ef-c30', 'neighboring', '인접해있는', 'korean', 'approved', 1, 'student', 0, 0, '2026-03-27T09:38:18.860833+00:00') ON CONFLICT(id) DO NOTHING;
INSERT INTO vocab_words (id, academy_id, student_id, english, korean, blank_type, status, box, added_by, review_count, wrong_count, created_at) VALUES ('vw-sb-1083dc0e-5ae', 'acad-1', 'gst-sb-b0f307ef-c30', 'earthen', '흙으로 만든', 'korean', 'approved', 1, 'student', 2, 1, '2026-03-27T09:37:45.124405+00:00') ON CONFLICT(id) DO NOTHING;
INSERT INTO vocab_words (id, academy_id, student_id, english, korean, blank_type, status, box, added_by, review_count, wrong_count, created_at) VALUES ('vw-sb-ee0773ba-a2f', 'acad-1', 'gst-sb-b0f307ef-c30', 'competitive', '경쟁적인', 'korean', 'approved', 1, 'student', 0, 0, '2026-03-27T09:36:21.415069+00:00') ON CONFLICT(id) DO NOTHING;
INSERT INTO vocab_words (id, academy_id, student_id, english, korean, blank_type, status, box, added_by, review_count, wrong_count, created_at) VALUES ('vw-sb-38b48a0b-488', 'acad-1', 'gst-sb-dac4c91a-13e', 'genuinely', '순종으로', 'korean', 'approved', 1, 'student', 0, 0, '2026-03-27T08:45:15.418507+00:00') ON CONFLICT(id) DO NOTHING;
INSERT INTO vocab_words (id, academy_id, student_id, english, korean, blank_type, status, box, added_by, review_count, wrong_count, created_at) VALUES ('vw-sb-1d323b1b-0b9', 'acad-1', 'gst-sb-4ac8ec14-e9e', 'bottom', '밑바닥', 'korean', 'approved', 2, 'student', 1, 0, '2026-03-26T07:14:05.447884+00:00') ON CONFLICT(id) DO NOTHING;
INSERT INTO vocab_words (id, academy_id, student_id, english, korean, blank_type, status, box, added_by, review_count, wrong_count, created_at) VALUES ('vw-sb-698d899b-998', 'acad-1', 'gst-sb-4ac8ec14-e9e', 'guess', '추측하다', 'korean', 'approved', 2, 'student', 1, 0, '2026-03-26T07:14:22.891871+00:00') ON CONFLICT(id) DO NOTHING;
INSERT INTO vocab_words (id, academy_id, student_id, english, korean, blank_type, status, box, added_by, review_count, wrong_count, created_at) VALUES ('vw-sb-ae496a0d-867', 'acad-1', 'gst-sb-4ac8ec14-e9e', 'dictonary', '사전', 'korean', 'approved', 2, 'student', 1, 0, '2026-03-26T07:15:00.213331+00:00') ON CONFLICT(id) DO NOTHING;
INSERT INTO vocab_words (id, academy_id, student_id, english, korean, blank_type, status, box, added_by, review_count, wrong_count, created_at) VALUES ('vw-sb-4968fdcc-951', 'acad-1', 'gst-sb-4ac8ec14-e9e', 'branch', '나뭇가지', 'korean', 'approved', 2, 'student', 1, 0, '2026-03-26T07:13:08.468621+00:00') ON CONFLICT(id) DO NOTHING;
INSERT INTO vocab_words (id, academy_id, student_id, english, korean, blank_type, status, box, added_by, review_count, wrong_count, created_at) VALUES ('vw-sb-f4aaed28-021', 'acad-1', 'gst-sb-54735473-da1', 'subtract', '빼다', 'korean', 'approved', 1, 'student', 0, 0, '2026-03-30T08:09:44.834825+00:00') ON CONFLICT(id) DO NOTHING;
INSERT INTO vocab_words (id, academy_id, student_id, english, korean, blank_type, status, box, added_by, review_count, wrong_count, created_at) VALUES ('vw-sb-7119fd2b-c54', 'acad-1', 'gst-sb-54735473-da1', 'subtle', '미묘한', 'korean', 'approved', 1, 'student', 0, 0, '2026-03-30T08:09:27.261522+00:00') ON CONFLICT(id) DO NOTHING;
INSERT INTO vocab_words (id, academy_id, student_id, english, korean, blank_type, status, box, added_by, review_count, wrong_count, created_at) VALUES ('vw-sb-ac1fa1af-239', 'acad-1', 'gst-sb-54735473-da1', 'struggle', '싸우다', 'korean', 'approved', 1, 'student', 0, 0, '2026-03-30T08:08:59.666048+00:00') ON CONFLICT(id) DO NOTHING;
INSERT INTO vocab_words (id, academy_id, student_id, english, korean, blank_type, status, box, added_by, review_count, wrong_count, created_at) VALUES ('vw-sb-b543376c-0b5', 'acad-1', 'gst-sb-104c7909-e29', 'affectionate', '다정한,애정어린', 'korean', 'approved', 1, 'student', 0, 0, '2026-03-30T07:40:22.749743+00:00') ON CONFLICT(id) DO NOTHING;
INSERT INTO vocab_words (id, academy_id, student_id, english, korean, blank_type, status, box, added_by, review_count, wrong_count, created_at) VALUES ('vw-sb-af3ab8ad-936', 'acad-1', 'gst-sb-75dd1659-408', 'nerve', '신경', 'korean', 'approved', 2, 'student', 5, 2, '2026-03-13T09:34:03.195462+00:00') ON CONFLICT(id) DO NOTHING;
INSERT INTO vocab_words (id, academy_id, student_id, english, korean, blank_type, status, box, added_by, review_count, wrong_count, created_at) VALUES ('vw-sb-e18c97bf-570', 'acad-1', 'gst-sb-75dd1659-408', 'Offical', '공무상의', 'korean', 'approved', 2, 'student', 1, 0, '2026-03-26T10:22:07.690289+00:00') ON CONFLICT(id) DO NOTHING;
INSERT INTO vocab_words (id, academy_id, student_id, english, korean, blank_type, status, box, added_by, review_count, wrong_count, created_at) VALUES ('vw-sb-f24a525d-519', 'acad-1', 'gst-sb-75dd1659-408', 'Orientation', '방향', 'korean', 'approved', 3, 'student', 2, 0, '2026-03-26T10:21:53.500879+00:00') ON CONFLICT(id) DO NOTHING;
INSERT INTO vocab_words (id, academy_id, student_id, english, korean, blank_type, status, box, added_by, review_count, wrong_count, created_at) VALUES ('vw-sb-305c6bfb-b6e', 'acad-1', 'gst-sb-54735473-da1', 'summit', '정상', 'korean', 'approved', 1, 'student', 0, 0, '2026-03-30T08:09:56.712637+00:00') ON CONFLICT(id) DO NOTHING;
INSERT INTO vocab_words (id, academy_id, student_id, english, korean, blank_type, status, box, added_by, review_count, wrong_count, created_at) VALUES ('vw-sb-f7ff4a12-652', 'acad-1', 'gst-sb-104c7909-e29', 'inhabitable', '살기에 적합한', 'korean', 'approved', 3, 'student', 3, 1, '2026-03-19T07:36:08.706571+00:00') ON CONFLICT(id) DO NOTHING;
INSERT INTO vocab_words (id, academy_id, student_id, english, korean, blank_type, status, box, added_by, review_count, wrong_count, created_at) VALUES ('vw-sb-b09f9e51-3d1', 'acad-1', 'gst-sb-104c7909-e29', 'segregate', '차별하다,분리하다', 'korean', 'approved', 2, 'student', 1, 0, '2026-03-19T09:07:30.265583+00:00') ON CONFLICT(id) DO NOTHING;
INSERT INTO vocab_words (id, academy_id, student_id, english, korean, blank_type, status, box, added_by, review_count, wrong_count, created_at) VALUES ('vw-sb-8deab18e-61e', 'acad-1', 'gst-sb-104c7909-e29', 'entail', '수반하다,의미하다', 'korean', 'approved', 2, 'student', 1, 0, '2026-03-19T07:39:30.028873+00:00') ON CONFLICT(id) DO NOTHING;
INSERT INTO vocab_words (id, academy_id, student_id, english, korean, blank_type, status, box, added_by, review_count, wrong_count, created_at) VALUES ('vw-sb-150a47fb-449', 'acad-1', 'gst-sb-104c7909-e29', 'statesman', '정치가', 'korean', 'approved', 2, 'student', 1, 0, '2026-03-19T09:09:02.944907+00:00') ON CONFLICT(id) DO NOTHING;
INSERT INTO vocab_words (id, academy_id, student_id, english, korean, blank_type, status, box, added_by, review_count, wrong_count, created_at) VALUES ('vw-sb-90f21147-399', 'acad-1', 'gst-sb-104c7909-e29', 'confidential', '기밀의,신뢰받는', 'korean', 'approved', 4, 'student', 4, 1, '2026-03-19T09:14:05.961906+00:00') ON CONFLICT(id) DO NOTHING;
INSERT INTO vocab_words (id, academy_id, student_id, english, korean, blank_type, status, box, added_by, review_count, wrong_count, created_at) VALUES ('vw-sb-98e33c3a-33f', 'acad-1', 'gst-sb-104c7909-e29', 'foster', '조성하다', 'korean', 'approved', 3, 'student', 2, 0, '2026-04-06T09:08:16.727688+00:00') ON CONFLICT(id) DO NOTHING;
INSERT INTO vocab_words (id, academy_id, student_id, english, korean, blank_type, status, box, added_by, review_count, wrong_count, created_at) VALUES ('vw-sb-4da14620-fd8', 'acad-1', 'gst-sb-104c7909-e29', 'do away with', '~을 없애다', 'korean', 'approved', 3, 'student', 2, 0, '2026-04-06T09:08:53.243886+00:00') ON CONFLICT(id) DO NOTHING;
INSERT INTO vocab_words (id, academy_id, student_id, english, korean, blank_type, status, box, added_by, review_count, wrong_count, created_at) VALUES ('vw-sb-3fe9a124-2f9', 'acad-1', 'gst-sb-104c7909-e29', 'affordability', '감당할 수 있는 비용', 'korean', 'approved', 3, 'student', 2, 0, '2026-03-30T07:41:19.036239+00:00') ON CONFLICT(id) DO NOTHING;
INSERT INTO vocab_words (id, academy_id, student_id, english, korean, blank_type, status, box, added_by, review_count, wrong_count, created_at) VALUES ('vw-sb-d8e93e72-508', 'acad-1', 'gst-sb-104c7909-e29', 'attainment', '달성', 'korean', 'approved', 3, 'student', 2, 0, '2026-04-12T09:51:04.68815+00:00') ON CONFLICT(id) DO NOTHING;
INSERT INTO vocab_words (id, academy_id, student_id, english, korean, blank_type, status, box, added_by, review_count, wrong_count, created_at) VALUES ('vw-sb-9c548b05-4df', 'acad-1', 'gst-sb-75dd1659-408', 'Organic', '유기적인', 'korean', 'approved', 2, 'student', 2, 1, '2026-03-26T10:21:35.685574+00:00') ON CONFLICT(id) DO NOTHING;
INSERT INTO vocab_words (id, academy_id, student_id, english, korean, blank_type, status, box, added_by, review_count, wrong_count, created_at) VALUES ('vw-sb-7edea9cf-11a', 'acad-1', 'gst-sb-75dd1659-408', 'Origin', '기원', 'korean', 'approved', 3, 'student', 4, 1, '2026-03-26T10:22:24.099276+00:00') ON CONFLICT(id) DO NOTHING;
INSERT INTO vocab_words (id, academy_id, student_id, english, korean, blank_type, status, box, added_by, review_count, wrong_count, created_at) VALUES ('vw-sb-296b37cd-d67', 'acad-1', 'gst-sb-ac7eba08-fd8', 'retreat', '후퇴하다', 'korean', 'approved', 1, 'student', 0, 0, '2026-04-03T09:29:46.62733+00:00') ON CONFLICT(id) DO NOTHING;
INSERT INTO vocab_words (id, academy_id, student_id, english, korean, blank_type, status, box, added_by, review_count, wrong_count, created_at) VALUES ('vw-sb-fe27afb3-b04', 'acad-1', 'gst-sb-ac7eba08-fd8', 'redeem', '되찾다', 'korean', 'approved', 1, 'student', 0, 0, '2026-04-03T09:29:17.680632+00:00') ON CONFLICT(id) DO NOTHING;
INSERT INTO vocab_words (id, academy_id, student_id, english, korean, blank_type, status, box, added_by, review_count, wrong_count, created_at) VALUES ('vw-sb-d6ee291e-34f', 'acad-1', 'gst-sb-ac7eba08-fd8', 'aftershock', '여파', 'korean', 'approved', 1, 'student', 0, 0, '2026-04-03T09:30:22.561426+00:00') ON CONFLICT(id) DO NOTHING;
INSERT INTO vocab_words (id, academy_id, student_id, english, korean, blank_type, status, box, added_by, review_count, wrong_count, created_at) VALUES ('vw-sb-261d564c-d9a', 'acad-1', 'gst-sb-104c7909-e29', 'aesthetic', '미학적인', 'korean', 'approved', 4, 'student', 3, 0, '2026-04-06T09:07:30.570446+00:00') ON CONFLICT(id) DO NOTHING;
INSERT INTO vocab_words (id, academy_id, student_id, english, korean, blank_type, status, box, added_by, review_count, wrong_count, created_at) VALUES ('vw-sb-9453092e-eb2', 'acad-1', 'gst-sb-104c7909-e29', 'nostalgically', '향수에 젖어', 'korean', 'approved', 4, 'student', 3, 0, '2026-03-30T07:40:48.840905+00:00') ON CONFLICT(id) DO NOTHING;
INSERT INTO vocab_words (id, academy_id, student_id, english, korean, blank_type, status, box, added_by, review_count, wrong_count, created_at) VALUES ('vw-sb-645e163b-702', 'acad-1', 'gst-sb-104c7909-e29', 'dismiss', '일축하다', 'korean', 'approved', 2, 'student', 1, 0, '2026-03-16T07:26:19.241742+00:00') ON CONFLICT(id) DO NOTHING;
INSERT INTO vocab_words (id, academy_id, student_id, english, korean, blank_type, status, box, added_by, review_count, wrong_count, created_at) VALUES ('vw-sb-567e57d4-bd8', 'acad-1', 'gst-sb-104c7909-e29', 'controversial', '논란이 많은', 'korean', 'approved', 2, 'student', 1, 0, '2026-03-16T07:24:20.33436+00:00') ON CONFLICT(id) DO NOTHING;
INSERT INTO vocab_words (id, academy_id, student_id, english, korean, blank_type, status, box, added_by, review_count, wrong_count, created_at) VALUES ('vw-sb-344b76fc-d29', 'acad-1', 'gst-sb-104c7909-e29', 'publicity', '관심,광고', 'korean', 'approved', 2, 'student', 1, 0, '2026-03-19T08:22:49.987593+00:00') ON CONFLICT(id) DO NOTHING;
INSERT INTO vocab_words (id, academy_id, student_id, english, korean, blank_type, status, box, added_by, review_count, wrong_count, created_at) VALUES ('vw-sb-5c76974e-006', 'acad-1', 'gst-sb-104c7909-e29', 'conducive', '~에 좋은', 'korean', 'approved', 1, 'student', 0, 0, '2026-04-12T09:50:47.986408+00:00') ON CONFLICT(id) DO NOTHING;
INSERT INTO vocab_words (id, academy_id, student_id, english, korean, blank_type, status, box, added_by, review_count, wrong_count, created_at) VALUES ('vw-sb-bfb4c530-305', 'acad-1', 'gst-sb-104c7909-e29', 'spatially', '우주적으로', 'korean', 'approved', 2, 'student', 1, 0, '2026-04-09T07:38:19.215013+00:00') ON CONFLICT(id) DO NOTHING;
INSERT INTO vocab_words (id, academy_id, student_id, english, korean, blank_type, status, box, added_by, review_count, wrong_count, created_at) VALUES ('vw-sb-bdb82f9f-8de', 'acad-1', 'gst-sb-104c7909-e29', 'portray', '묘사하다', 'korean', 'approved', 3, 'student', 2, 0, '2026-03-30T07:43:00.569401+00:00') ON CONFLICT(id) DO NOTHING;
INSERT INTO vocab_words (id, academy_id, student_id, english, korean, blank_type, status, box, added_by, review_count, wrong_count, created_at) VALUES ('vw-sb-9c31a701-442', 'acad-1', 'gst-sb-104c7909-e29', 'be party to', '~에 관여하다', 'korean', 'approved', 3, 'student', 2, 0, '2026-04-06T09:07:49.286976+00:00') ON CONFLICT(id) DO NOTHING;
-- words dropped (no student match): 0

-- 3) vocab_grammar_qa
INSERT INTO vocab_grammar_qa (id, academy_id, student_id, student_name, question, answer, status, answered_by, include_in_print, grade, exam_problem, created_at, answered_at) VALUES ('vqa-sb-5b1209fb-c10', 'acad-1', NULL, NULL, '현재완료의 have + p.p. 구조를 설명해줘', '답변 생성 실패', 'answered', 'ai', 1, NULL, NULL, '2026-03-20T05:41:21.168827+00:00', '2026-03-20T05:41:21.168827+00:00') ON CONFLICT(id) DO NOTHING;
INSERT INTO vocab_grammar_qa (id, academy_id, student_id, student_name, question, answer, status, answered_by, include_in_print, grade, exam_problem, created_at, answered_at) VALUES ('vqa-sb-7d0bb489-e20', 'acad-1', NULL, NULL, 'be동사와 일반동사의 차이는?', 'be동사(am/is/are/was/were)는 주어의 상태나 존재를 나타내며 보어와 함께 쓰인다. 일반동사는 동작이나 상태를 나타내며 do/does/did로 의문문과 부정문을 만든다. 예: She is happy.(be동사) / She likes music.(일반동사)', 'answered', 'teacher', 1, 1, NULL, '2026-03-20T06:03:32.529941+00:00', '2026-03-20T06:03:32.529941+00:00') ON CONFLICT(id) DO NOTHING;
INSERT INTO vocab_grammar_qa (id, academy_id, student_id, student_name, question, answer, status, answered_by, include_in_print, grade, exam_problem, created_at, answered_at) VALUES ('vqa-sb-08b56098-437', 'acad-1', NULL, NULL, '현재시제와 현재진행형의 차이는?', '현재시제(V/Vs)는 반복적인 습관, 일반적 사실, 불변의 진리를 나타낸다. 현재진행형(be+Ving)은 지금 이 순간 진행 중인 동작을 나타낸다. 예: He reads books every day.(습관) / He is reading now.(진행 중)', 'answered', 'teacher', 1, 1, NULL, '2026-03-20T06:03:33.315996+00:00', '2026-03-20T06:03:33.315996+00:00') ON CONFLICT(id) DO NOTHING;
INSERT INTO vocab_grammar_qa (id, academy_id, student_id, student_name, question, answer, status, answered_by, include_in_print, grade, exam_problem, created_at, answered_at) VALUES ('vqa-sb-b70a1328-c36', 'acad-1', NULL, NULL, '과거시제와 현재완료의 차이는?', '과거시제(V-ed)는 특정 과거 시점의 사건을 나타내고, 현재완료(have+p.p.)는 과거의 경험·결과·완료가 현재와 연결될 때 사용한다. 예: I visited Paris last year.(과거) / I have visited Paris before.(경험)', 'answered', 'teacher', 1, 1, NULL, '2026-03-20T06:03:33.952896+00:00', '2026-03-20T06:03:33.952896+00:00') ON CONFLICT(id) DO NOTHING;
INSERT INTO vocab_grammar_qa (id, academy_id, student_id, student_name, question, answer, status, answered_by, include_in_print, grade, exam_problem, created_at, answered_at) VALUES ('vqa-sb-5693e3b0-975', 'acad-1', NULL, NULL, '조동사 can, may, must의 의미 차이는?', 'can은 능력(~할 수 있다) 또는 허가(~해도 된다)를, may는 허가(~해도 된다) 또는 추측(~일지도 모른다)을, must는 의무(~해야 한다) 또는 강한 추측(~임에 틀림없다)을 나타낸다. 예: You must be tired.(강한 추측)', 'answered', 'teacher', 1, 1, NULL, '2026-03-20T06:03:34.572483+00:00', '2026-03-20T06:03:34.572483+00:00') ON CONFLICT(id) DO NOTHING;
INSERT INTO vocab_grammar_qa (id, academy_id, student_id, student_name, question, answer, status, answered_by, include_in_print, grade, exam_problem, created_at, answered_at) VALUES ('vqa-sb-3603d3c4-019', 'acad-1', NULL, NULL, 'to부정사의 명사적, 형용사적, 부사적 용법의 차이는?', '명사적 용법: 주어·목적어·보어 역할(To read is good.), 형용사적 용법: 앞의 명사를 수식(I have books to read.), 부사적 용법: 목적·결과·원인 등 표현(She studied hard to pass.).', 'answered', 'teacher', 1, 1, NULL, '2026-03-20T06:03:35.187672+00:00', '2026-03-20T06:03:35.187672+00:00') ON CONFLICT(id) DO NOTHING;
INSERT INTO vocab_grammar_qa (id, academy_id, student_id, student_name, question, answer, status, answered_by, include_in_print, grade, exam_problem, created_at, answered_at) VALUES ('vqa-sb-96bae196-bf7', 'acad-1', NULL, NULL, '동명사와 to부정사를 목적어로 취하는 동사의 차이는?', '동명사만 목적어: enjoy, finish, avoid, mind, keep 등. to부정사만 목적어: want, hope, plan, decide, refuse 등. 둘 다 가능하지만 의미 다름: remember/forget/try/stop + 동명사(과거) vs to부정사(미래/의도).', 'answered', 'teacher', 1, 1, NULL, '2026-03-20T06:05:46.734028+00:00', '2026-03-20T06:05:46.734028+00:00') ON CONFLICT(id) DO NOTHING;
INSERT INTO vocab_grammar_qa (id, academy_id, student_id, student_name, question, answer, status, answered_by, include_in_print, grade, exam_problem, created_at, answered_at) VALUES ('vqa-sb-a0fd3daf-2ac', 'acad-1', NULL, NULL, '관계대명사 who, which, that의 사용법은?', 'who는 사람 선행사, which는 사물/동물 선행사, that은 사람/사물 모두 가능하다. 주격·목적격·소유격(whose)으로 구분된다. 선행사가 -thing, -body, 최상급, 서수일 때는 that을 선호한다. 예: the boy who(that) won / the book which(that) I read', 'answered', 'teacher', 1, 1, NULL, '2026-03-20T06:05:47.549893+00:00', '2026-03-20T06:05:47.549893+00:00') ON CONFLICT(id) DO NOTHING;
INSERT INTO vocab_grammar_qa (id, academy_id, student_id, student_name, question, answer, status, answered_by, include_in_print, grade, exam_problem, created_at, answered_at) VALUES ('vqa-sb-dfdbb8c8-49a', 'acad-1', NULL, NULL, '관계부사 when, where, why, how의 사용법은?', '관계부사는 선행사+전치사+관계대명사로 바꿀 수 있다. when(선행사: 시간), where(장소), why(reason), how(방법, 선행사 생략). 예: the place where he lives = the place in which he lives.', 'answered', 'teacher', 1, 1, NULL, '2026-03-20T06:05:48.242668+00:00', '2026-03-20T06:05:48.242668+00:00') ON CONFLICT(id) DO NOTHING;
INSERT INTO vocab_grammar_qa (id, academy_id, student_id, student_name, question, answer, status, answered_by, include_in_print, grade, exam_problem, created_at, answered_at) VALUES ('vqa-sb-63fb7001-7d9', 'acad-1', NULL, NULL, '접속사 and, but, or, so, because의 차이는?', 'and(그리고/병렬), but(그러나/대조), or(또는/선택), so(그래서/결과), because(왜냐하면/이유). 등위접속사는 문법적으로 대등한 요소를 연결한다. 예: He was tired, so he went to bed early.', 'answered', 'teacher', 1, 1, NULL, '2026-03-20T06:05:48.954277+00:00', '2026-03-20T06:05:48.954277+00:00') ON CONFLICT(id) DO NOTHING;
INSERT INTO vocab_grammar_qa (id, academy_id, student_id, student_name, question, answer, status, answered_by, include_in_print, grade, exam_problem, created_at, answered_at) VALUES ('vqa-sb-90e72604-958', 'acad-1', NULL, NULL, '비교급과 최상급의 형태와 용법은?', '1·2음절 형용사: -er/-est(taller/tallest), 3음절 이상: more/most+원급. 비교급+than(~보다), the+최상급+in/of(~중에서 가장). 예: She is taller than I am. / He is the tallest in his class.', 'answered', 'teacher', 1, 1, NULL, '2026-03-20T06:05:49.660101+00:00', '2026-03-20T06:05:49.660101+00:00') ON CONFLICT(id) DO NOTHING;
INSERT INTO vocab_grammar_qa (id, academy_id, student_id, student_name, question, answer, status, answered_by, include_in_print, grade, exam_problem, created_at, answered_at) VALUES ('vqa-sb-3502aa8c-ff0', 'acad-1', NULL, NULL, '수동태의 기본 구조는?', '수동태: 주어+be동사+과거분사(by+행위자). 능동태의 목적어가 수동태의 주어가 된다. 시제는 be동사로 표현. 예: She wrote the letter.(능동) → The letter was written by her.(수동)', 'answered', 'teacher', 1, 1, NULL, '2026-03-20T06:11:31.332948+00:00', '2026-03-20T06:11:31.332948+00:00') ON CONFLICT(id) DO NOTHING;
INSERT INTO vocab_grammar_qa (id, academy_id, student_id, student_name, question, answer, status, answered_by, include_in_print, grade, exam_problem, created_at, answered_at) VALUES ('vqa-sb-5a34937b-761', 'acad-1', NULL, NULL, 'there is/are 구문의 사용법은?', 'there is+단수명사, there are+복수명사로 ~이 있다를 표현한다. there는 형식상 주어이며 진주어는 뒤에 온다. 예: There is a book on the desk. / There are many students in the room.', 'answered', 'teacher', 1, 1, NULL, '2026-03-20T06:11:32.007085+00:00', '2026-03-20T06:11:32.007085+00:00') ON CONFLICT(id) DO NOTHING;
INSERT INTO vocab_grammar_qa (id, academy_id, student_id, student_name, question, answer, status, answered_by, include_in_print, grade, exam_problem, created_at, answered_at) VALUES ('vqa-sb-7a0ba5ad-e9d', 'acad-1', NULL, NULL, 'it ~ that 강조구문과 가주어 it의 차이는?', '가주어 it: It is important to study hard.(진주어: to study hard) - it 자리에 진주어를 되돌릴 수 없음. 강조구문: It is Tom that broke the window.(강조되는 요소를 it is~that 사이에 넣음) - that 이하 완전한 문장 X.', 'answered', 'teacher', 1, 1, NULL, '2026-03-20T06:11:32.622046+00:00', '2026-03-20T06:11:32.622046+00:00') ON CONFLICT(id) DO NOTHING;
INSERT INTO vocab_grammar_qa (id, academy_id, student_id, student_name, question, answer, status, answered_by, include_in_print, grade, exam_problem, created_at, answered_at) VALUES ('vqa-sb-4bbd8ba7-452', 'acad-1', NULL, NULL, '시간/조건 부사절에서 현재시제가 미래를 대신하는 규칙은?', 'when, if, after, before, until, as soon as 등 시간·조건 부사절에서는 현재시제가 미래를 대신한다. 주절에는 미래시제를 쓴다. 예: When she arrives, I will call you.(arrives 현재, will call 미래)', 'answered', 'teacher', 1, 1, NULL, '2026-03-20T06:11:33.230462+00:00', '2026-03-20T06:11:33.230462+00:00') ON CONFLICT(id) DO NOTHING;
INSERT INTO vocab_grammar_qa (id, academy_id, student_id, student_name, question, answer, status, answered_by, include_in_print, grade, exam_problem, created_at, answered_at) VALUES ('vqa-sb-787296e4-e68', 'acad-1', NULL, NULL, '형용사와 부사의 차이는?', '형용사는 명사를 수식하거나 보어 역할(be동사 뒤)을 한다. 부사는 동사·형용사·부사·문장 전체를 수식한다. 대부분 형용사에 -ly를 붙여 부사 생성. 예: She is beautiful.(형용사) / She sings beautifully.(부사)', 'answered', 'teacher', 1, 1, NULL, '2026-03-20T06:11:33.837456+00:00', '2026-03-20T06:11:33.837456+00:00') ON CONFLICT(id) DO NOTHING;
INSERT INTO vocab_grammar_qa (id, academy_id, student_id, student_name, question, answer, status, answered_by, include_in_print, grade, exam_problem, created_at, answered_at) VALUES ('vqa-sb-bc730a41-ad2', 'acad-1', NULL, NULL, '가정법 과거와 가정법 과거완료의 차이는?', '가정법 과거: If+주어+동사 과거형, 주어+would/could/might+동사원형 → 현재 사실의 반대 가정. 가정법 과거완료: If+주어+had+p.p., 주어+would/could/might+have+p.p. → 과거 사실의 반대 가정. 예: If I were rich, I could buy it.(현재 부자가 아님) / If I had studied harder, I would have passed.(과거 충분히 공부 안 했음)', 'answered', 'teacher', 1, 2, NULL, '2026-03-20T06:13:32.228701+00:00', '2026-03-20T06:13:32.228701+00:00') ON CONFLICT(id) DO NOTHING;
INSERT INTO vocab_grammar_qa (id, academy_id, student_id, student_name, question, answer, status, answered_by, include_in_print, grade, exam_problem, created_at, answered_at) VALUES ('vqa-sb-fb1dd118-36a', 'acad-1', NULL, NULL, '분사구문의 의미와 만드는 방법은?', '부사절을 분사구문으로 바꾸는 법: 접속사 삭제, 주절과 주어 같으면 삭제, 동사를 현재분사(V-ing)로. 의미: 시간·이유·조건·양보·동시동작 등. 예: As she was tired, she went to bed. → Being tired, she went to bed.', 'answered', 'teacher', 1, 2, NULL, '2026-03-20T06:13:33.009847+00:00', '2026-03-20T06:13:33.009847+00:00') ON CONFLICT(id) DO NOTHING;
INSERT INTO vocab_grammar_qa (id, academy_id, student_id, student_name, question, answer, status, answered_by, include_in_print, grade, exam_problem, created_at, answered_at) VALUES ('vqa-sb-8a714ffe-815', 'acad-1', NULL, NULL, '도치구문(부정어 도치)이란?', '부정어(Never, Hardly, Seldom, Not until, Only 등)가 문두에 올 때 주어와 (조)동사가 도치된다. 예: Never have I seen such a sight. / Hardly had he left when she arrived. 수능에서 강조·문학적 표현으로 자주 출제됨.', 'answered', 'teacher', 1, 2, NULL, '2026-03-20T06:13:33.654663+00:00', '2026-03-20T06:13:33.654663+00:00') ON CONFLICT(id) DO NOTHING;
INSERT INTO vocab_grammar_qa (id, academy_id, student_id, student_name, question, answer, status, answered_by, include_in_print, grade, exam_problem, created_at, answered_at) VALUES ('vqa-sb-d2ed1e87-c99', 'acad-1', NULL, NULL, 'It ~ that 강조구문의 심화 용법은?', 'It is/was+강조 요소(주어/목적어/부사)+that+나머지. 강조 요소가 사람이면 who도 가능. that절은 강조 요소를 빼면 완전한 문장이 됨. 예: It was yesterday that he called me.(yesterday 강조) - that절: he called me(완전)', 'answered', 'teacher', 1, 2, NULL, '2026-03-20T06:13:34.28034+00:00', '2026-03-20T06:13:34.28034+00:00') ON CONFLICT(id) DO NOTHING;
INSERT INTO vocab_grammar_qa (id, academy_id, student_id, student_name, question, answer, status, answered_by, include_in_print, grade, exam_problem, created_at, answered_at) VALUES ('vqa-sb-349b6dbf-6ff', 'acad-1', NULL, NULL, '관계사의 계속적 용법(비제한적 용법)이란?', '쉼표 뒤에 which/who가 오는 비제한적 용법은 선행사에 추가 설명을 더한다. that은 계속적 용법에 사용 불가. which가 앞 절 전체를 받을 수 있음. 예: He passed the exam, which surprised everyone.(which = 앞 절 전체)', 'answered', 'teacher', 1, 2, NULL, '2026-03-20T06:13:34.873524+00:00', '2026-03-20T06:13:34.873524+00:00') ON CONFLICT(id) DO NOTHING;
INSERT INTO vocab_grammar_qa (id, academy_id, student_id, student_name, question, answer, status, answered_by, include_in_print, grade, exam_problem, created_at, answered_at) VALUES ('vqa-sb-6a540fae-b67', 'acad-1', NULL, NULL, '혼합 가정법이란?', '혼합 가정법: 조건절은 가정법 과거완료(If+had+p.p.), 주절은 가정법 과거(would+V). 과거 사실이 현재에 영향 미칠 때 사용. 예: If he had studied harder, he would be in college now.(과거 공부 안 했기 때문에 지금 대학에 없음)', 'answered', 'teacher', 1, 2, NULL, '2026-03-20T06:14:12.749184+00:00', '2026-03-20T06:14:12.749184+00:00') ON CONFLICT(id) DO NOTHING;
INSERT INTO vocab_grammar_qa (id, academy_id, student_id, student_name, question, answer, status, answered_by, include_in_print, grade, exam_problem, created_at, answered_at) VALUES ('vqa-sb-0a38c317-c38', 'acad-1', NULL, NULL, '준동사(to부정사, 동명사, 분사)의 의미상 주어는?', '준동사의 의미상 주어가 문장 주어와 다를 때 표시: to부정사 → for/of+목적격, 동명사 → 소유격(또는 목적격), 분사구문 → 분사 앞에 명사/대명사. 예: It is kind of you to help.(of you - kind 등 사람 성격 형용사) / for him to come', 'answered', 'teacher', 1, 2, NULL, '2026-03-20T06:14:13.365918+00:00', '2026-03-20T06:14:13.365918+00:00') ON CONFLICT(id) DO NOTHING;
INSERT INTO vocab_grammar_qa (id, academy_id, student_id, student_name, question, answer, status, answered_by, include_in_print, grade, exam_problem, created_at, answered_at) VALUES ('vqa-sb-786a645d-429', 'acad-1', NULL, NULL, '사역동사와 지각동사의 목적어 보어 구조는?', '사역동사(make, have, let)+목적어+동사원형/과거분사. 지각동사(see, hear, feel, watch)+목적어+동사원형/현재분사/과거분사. 수동태 시 사역동사는 to부정사로 바뀜. 예: She made him study. → He was made to study.', 'answered', 'teacher', 1, 2, NULL, '2026-03-20T06:14:13.9668+00:00', '2026-03-20T06:14:13.9668+00:00') ON CONFLICT(id) DO NOTHING;
INSERT INTO vocab_grammar_qa (id, academy_id, student_id, student_name, question, answer, status, answered_by, include_in_print, grade, exam_problem, created_at, answered_at) VALUES ('vqa-sb-52482282-8e6', 'acad-1', NULL, NULL, '접속사 although, even though, while, whereas의 의미 차이는?', 'although/even though: 비록 ~이지만(양보). while: ~하는 동안(시간) 또는 반면에(대조). whereas: 반면에(대조, 공식적). 예: Although he is rich, he is unhappy. / While she likes coffee, he prefers tea.', 'answered', 'teacher', 1, 2, NULL, '2026-03-20T06:14:14.578228+00:00', '2026-03-20T06:14:14.578228+00:00') ON CONFLICT(id) DO NOTHING;
INSERT INTO vocab_grammar_qa (id, academy_id, student_id, student_name, question, answer, status, answered_by, include_in_print, grade, exam_problem, created_at, answered_at) VALUES ('vqa-sb-f29d3ba1-c1a', 'acad-1', NULL, NULL, '부사절 vs 명사절 that의 구분은?', 'that이 이끄는 명사절은 주어·목적어·보어 역할(He said that she was right.), that이 이끄는 형용사절은 선행사 수식(the fact that she won). 부사절 접속사 that은 so~that(결과), such~that(정도)에서 사용.', 'answered', 'teacher', 1, 2, NULL, '2026-03-20T06:14:15.183139+00:00', '2026-03-20T06:14:15.183139+00:00') ON CONFLICT(id) DO NOTHING;
INSERT INTO vocab_grammar_qa (id, academy_id, student_id, student_name, question, answer, status, answered_by, include_in_print, grade, exam_problem, created_at, answered_at) VALUES ('vqa-sb-0dc57c99-f18', 'acad-1', NULL, NULL, 'with+명사+분사 독립분사구문이란?', 'with+명사+현재분사/과거분사/형용사/전치사구 = ~이 ...한 채로/상태에서. 예: She sat with her eyes closed.(눈을 감은 채) / He spoke with his hands shaking.(손을 떨면서) 부대상황을 나타내는 구문.', 'answered', 'teacher', 1, 2, NULL, '2026-03-20T06:15:08.778718+00:00', '2026-03-20T06:15:08.778718+00:00') ON CONFLICT(id) DO NOTHING;
INSERT INTO vocab_grammar_qa (id, academy_id, student_id, student_name, question, answer, status, answered_by, include_in_print, grade, exam_problem, created_at, answered_at) VALUES ('vqa-sb-d23f4747-6bf', 'acad-1', NULL, NULL, 'to부정사의 완료형(to have+p.p.)의 의미는?', 'to have+p.p.는 주절 동사보다 이전 시점을 나타낸다. 예: He seems to have been rich.(= It seems that he was rich.) / She is said to have left.(= It is said that she left.) 수능 독해에서 자주 등장하는 시제 표현.', 'answered', 'teacher', 1, 2, NULL, '2026-03-20T06:15:09.521806+00:00', '2026-03-20T06:15:09.521806+00:00') ON CONFLICT(id) DO NOTHING;
INSERT INTO vocab_grammar_qa (id, academy_id, student_id, student_name, question, answer, status, answered_by, include_in_print, grade, exam_problem, created_at, answered_at) VALUES ('vqa-sb-19641c9f-fea', 'acad-1', NULL, NULL, '원급 비교의 관용 표현들은?', 'as ~ as 원급 비교: as+원급+as(~만큼). 관용표현: as soon as possible(가능한 빨리), as many/much as(~만큼 많은), not so much A as B(A라기보다 B), as ~ as ever(어느 때보다 ~한). 예: He is not so much a scholar as a writer.', 'answered', 'teacher', 1, 2, NULL, '2026-03-20T06:15:10.2139+00:00', '2026-03-20T06:15:10.2139+00:00') ON CONFLICT(id) DO NOTHING;
INSERT INTO vocab_grammar_qa (id, academy_id, student_id, student_name, question, answer, status, answered_by, include_in_print, grade, exam_problem, created_at, answered_at) VALUES ('vqa-sb-cc0a371c-1af', 'acad-1', NULL, NULL, '명사절을 이끄는 접속사 whether와 if의 차이는?', 'whether와 if 모두 ~인지 아닌지를 나타내지만, 주어·보어·전치사 뒤에는 whether만 사용. or not을 바로 뒤에 붙일 때도 whether only. 예: Whether he comes or not does not matter.(주어절 → if 불가)', 'answered', 'teacher', 1, 2, NULL, '2026-03-20T06:15:10.901083+00:00', '2026-03-20T06:15:10.901083+00:00') ON CONFLICT(id) DO NOTHING;
INSERT INTO vocab_grammar_qa (id, academy_id, student_id, student_name, question, answer, status, answered_by, include_in_print, grade, exam_problem, created_at, answered_at) VALUES ('vqa-sb-a69e62c2-ced', 'acad-1', NULL, NULL, '가정법에서 if 생략 도치는?', 'if를 생략하면 주어·조동사 도치. were, had, should만 가능. 예: If I were you → Were I you / If she had known → Had she known / If he should come → Should he come. 수능 빈출 도치 패턴.', 'answered', 'teacher', 1, 2, NULL, '2026-03-20T06:15:11.556051+00:00', '2026-03-20T06:15:11.556051+00:00') ON CONFLICT(id) DO NOTHING;
INSERT INTO vocab_grammar_qa (id, academy_id, student_id, student_name, question, answer, status, answered_by, include_in_print, grade, exam_problem, created_at, answered_at) VALUES ('vqa-sb-f6a21228-210', 'acad-1', NULL, NULL, '복합관계사(whoever, whatever, whichever, however, whenever, wherever)의 용법은?', '복합관계사는 명사절 또는 부사절을 이끈다. whoever=anyone who(누구든), whatever=anything that(무엇이든), however=no matter how(아무리~해도). 예: Whatever you decide, I will support you. / However hard he tries, he cannot win.', 'answered', 'teacher', 1, 3, NULL, '2026-03-20T06:17:04.770172+00:00', '2026-03-20T06:17:04.770172+00:00') ON CONFLICT(id) DO NOTHING;
INSERT INTO vocab_grammar_qa (id, academy_id, student_id, student_name, question, answer, status, answered_by, include_in_print, grade, exam_problem, created_at, answered_at) VALUES ('vqa-sb-0bbedfb5-711', 'acad-1', NULL, NULL, '수동태의 심화 형태(완료수동, 진행수동, 조동사+수동)는?', '완료수동: have been+p.p. / 진행수동: be being+p.p. / 조동사 수동: must be+p.p. 예: The report has been completed. / The building is being constructed. / The rule should be followed. 수능에서 수동태 판단이 핵심.', 'answered', 'teacher', 1, 3, NULL, '2026-03-20T06:17:05.433791+00:00', '2026-03-20T06:17:05.433791+00:00') ON CONFLICT(id) DO NOTHING;
INSERT INTO vocab_grammar_qa (id, academy_id, student_id, student_name, question, answer, status, answered_by, include_in_print, grade, exam_problem, created_at, answered_at) VALUES ('vqa-sb-7842df42-0ef', 'acad-1', NULL, NULL, '병치(Parallelism)의 원칙이란?', '등위접속사(and, but, or)와 상관접속사(both~and, either~or, neither~nor, not only~but also)로 연결되는 요소는 같은 문법 형태여야 한다. 예: She likes reading, writing, and to sing(X) → reading, writing, and singing(O). 수능 어법 빈출.', 'answered', 'teacher', 1, 3, NULL, '2026-03-20T06:17:06.133462+00:00', '2026-03-20T06:17:06.133462+00:00') ON CONFLICT(id) DO NOTHING;
INSERT INTO vocab_grammar_qa (id, academy_id, student_id, student_name, question, answer, status, answered_by, include_in_print, grade, exam_problem, created_at, answered_at) VALUES ('vqa-sb-0134adc4-633', 'acad-1', NULL, NULL, '분사의 후치 수식과 관계절의 차이는?', '현재분사구(V-ing)는 능동·진행, 과거분사구(p.p.)는 수동·완료를 나타내며 명사를 후치 수식. 관계절로 바꿀 수 있음. 예: the girl sitting by the window(= who is sitting) / the book written by him(= which was written). 수능 어법 핵심.', 'answered', 'teacher', 1, 3, NULL, '2026-03-20T06:17:06.775029+00:00', '2026-03-20T06:17:06.775029+00:00') ON CONFLICT(id) DO NOTHING;
INSERT INTO vocab_grammar_qa (id, academy_id, student_id, student_name, question, answer, status, answered_by, include_in_print, grade, exam_problem, created_at, answered_at) VALUES ('vqa-sb-f39fee81-33e', 'acad-1', NULL, NULL, '부정사 구문 It takes+시간+to부정사 등 관용 표현은?', 'It takes+목적어+시간+to V(~하는데 ...시간이 걸린다), It is no use V-ing(~해도 소용없다), cannot help V-ing(~하지 않을 수 없다), used to V(과거에 ~했다), be used to V-ing(~하는데 익숙하다). 수능 구문 독해 필수.', 'answered', 'teacher', 1, 3, NULL, '2026-03-20T06:17:07.40986+00:00', '2026-03-20T06:17:07.40986+00:00') ON CONFLICT(id) DO NOTHING;
INSERT INTO vocab_grammar_qa (id, academy_id, student_id, student_name, question, answer, status, answered_by, include_in_print, grade, exam_problem, created_at, answered_at) VALUES ('vqa-sb-4e621dbd-548', 'acad-1', NULL, NULL, '수식어 위치 오류(형용사/부사 수식 위치)란?', '부사는 수식하는 단어 바로 앞이나 뒤에 위치해야 의미가 명확하다. only, even, just, almost 등은 위치에 따라 의미 변화. 예: She only told him(그에게만) vs She told only him(그만). 수능 어법에서 수식어 위치가 자주 출제됨.', 'answered', 'teacher', 1, 3, NULL, '2026-03-20T06:18:06.100825+00:00', '2026-03-20T06:18:06.100825+00:00') ON CONFLICT(id) DO NOTHING;
INSERT INTO vocab_grammar_qa (id, academy_id, student_id, student_name, question, answer, status, answered_by, include_in_print, grade, exam_problem, created_at, answered_at) VALUES ('vqa-sb-745754dd-632', 'acad-1', NULL, NULL, '상관접속사(both A and B 등)의 주어·동사 수일치는?', 'both A and B → 복수동사. either A or B / neither A nor B / not only A but also B → B에 동사 수 일치. 예: Not only he but also they are wrong.(they에 일치 → are) / Neither Tom nor his friends are happy.', 'answered', 'teacher', 1, 3, NULL, '2026-03-20T06:18:06.764407+00:00', '2026-03-20T06:18:06.764407+00:00') ON CONFLICT(id) DO NOTHING;
INSERT INTO vocab_grammar_qa (id, academy_id, student_id, student_name, question, answer, status, answered_by, include_in_print, grade, exam_problem, created_at, answered_at) VALUES ('vqa-sb-9d380764-2bd', 'acad-1', NULL, NULL, '관계대명사 what의 특별한 용법은?', 'what은 선행사를 포함한 관계대명사(= the thing(s) which). 명사절을 이끌며 주어·목적어·보어로 사용. 예: What he said was true.(주어절) / I believe what you say.(목적어절) / This is what I wanted.(보어절). that과 혼동 주의.', 'answered', 'teacher', 1, 3, NULL, '2026-03-20T06:18:07.423984+00:00', '2026-03-20T06:18:07.423984+00:00') ON CONFLICT(id) DO NOTHING;
INSERT INTO vocab_grammar_qa (id, academy_id, student_id, student_name, question, answer, status, answered_by, include_in_print, grade, exam_problem, created_at, answered_at) VALUES ('vqa-sb-aa7d54ee-f93', 'acad-1', NULL, NULL, '추측·가능성을 나타내는 조동사 심화(must/can''t/may/might have p.p.)는?', '과거에 대한 추측: must have p.p.(~했음에 틀림없다), cannot have p.p.(~했을 리 없다), may/might have p.p.(~했을지도 모른다), should have p.p.(~했어야 했는데). 예: He must have left already. / You should not have done that.', 'answered', 'teacher', 1, 3, NULL, '2026-03-20T06:18:08.053351+00:00', '2026-03-20T06:18:08.053351+00:00') ON CONFLICT(id) DO NOTHING;
INSERT INTO vocab_grammar_qa (id, academy_id, student_id, student_name, question, answer, status, answered_by, include_in_print, grade, exam_problem, created_at, answered_at) VALUES ('vqa-sb-0ba24ca6-0d1', 'acad-1', NULL, NULL, '절대분사구문과 비인칭독립분사구문이란?', '절대분사구문: 주절과 다른 주어를 분사 앞에 명시. 예: The weather being fine, we went out. / All things considered, ... 비인칭독립분사구문: 관용적으로 주어 생략(의미상 주어=일반인). 예: Strictly speaking, Considering, Talking of, Generally speaking.', 'answered', 'teacher', 1, 3, NULL, '2026-03-20T06:18:08.700872+00:00', '2026-03-20T06:18:08.700872+00:00') ON CONFLICT(id) DO NOTHING;
INSERT INTO vocab_grammar_qa (id, academy_id, student_id, student_name, question, answer, status, answered_by, include_in_print, grade, exam_problem, created_at, answered_at) VALUES ('vqa-sb-fb001466-0fc', 'acad-1', NULL, NULL, '간접의문문의 어순은?', '간접의문문은 의문사+주어+동사 어순(평서문 어순). 예: I do not know where he lives.(O) / I do not know where does he live.(X). 동사 시제: 주절이 과거면 종속절도 과거로 시제 일치. Do you know what time it is?', 'answered', 'teacher', 1, 3, NULL, '2026-03-20T06:18:50.984753+00:00', '2026-03-20T06:18:50.984753+00:00') ON CONFLICT(id) DO NOTHING;
INSERT INTO vocab_grammar_qa (id, academy_id, student_id, student_name, question, answer, status, answered_by, include_in_print, grade, exam_problem, created_at, answered_at) VALUES ('vqa-sb-1b4799ef-c46', 'acad-1', NULL, NULL, '비교급 심화(원급·비교급을 이용한 최상급 표현)는?', 'the+비교급, the+비교급(~할수록 더~), 비교급+and+비교급(점점 더~). 최상급 대신: 원급(No other ~ as 원급 as), 비교급(비교급 than any other). 예: The harder you try, the better you get. / No one runs faster than she does.', 'answered', 'teacher', 1, 3, NULL, '2026-03-20T06:18:51.60653+00:00', '2026-03-20T06:18:51.60653+00:00') ON CONFLICT(id) DO NOTHING;
INSERT INTO vocab_grammar_qa (id, academy_id, student_id, student_name, question, answer, status, answered_by, include_in_print, grade, exam_problem, created_at, answered_at) VALUES ('vqa-sb-d6650708-e15', 'acad-1', NULL, NULL, '명사절 접속사 that vs 관계대명사 that의 구분 기준은?', '명사절 that: that절이 완전한 문장(주어+동사+목적어). 관계대명사 that: that절에 주어 또는 목적어 중 하나 빠진 불완전한 문장. 예: I know that he is honest.(완전 → 명사절) / the fact that he won(완전 → 동격 that) / the boy that I met(불완전 → 관계대명사)', 'answered', 'teacher', 1, 3, NULL, '2026-03-20T06:18:52.21261+00:00', '2026-03-20T06:18:52.21261+00:00') ON CONFLICT(id) DO NOTHING;
INSERT INTO vocab_grammar_qa (id, academy_id, student_id, student_name, question, answer, status, answered_by, include_in_print, grade, exam_problem, created_at, answered_at) VALUES ('vqa-sb-211f8da8-be9', 'acad-1', NULL, NULL, '결과·목적을 나타내는 so/such ~ that 구문은?', 'so+형용사/부사+that: 너무 ~해서 ...하다(결과). such+(a/an)+형용사+명사+that. so that+주어+may/can/will: ~하도록(목적). 예: He was so tired that he fell asleep. / She spoke so clearly that everyone understood. / He left early so that he could catch the bus.', 'answered', 'teacher', 1, 3, NULL, '2026-03-20T06:18:52.819488+00:00', '2026-03-20T06:18:52.819488+00:00') ON CONFLICT(id) DO NOTHING;
INSERT INTO vocab_grammar_qa (id, academy_id, student_id, student_name, question, answer, status, answered_by, include_in_print, grade, exam_problem, created_at, answered_at) VALUES ('vqa-sb-8cd8c635-6ef', 'acad-1', NULL, NULL, '명사를 수식하는 to부정사의 능동·수동 구분은?', '명사+to부정사에서 의미상 수동이면 to be+p.p. 또는 to+V의 형태로 표현. 예: There is nothing to worry about.(worry about의 목적어가 nothing → 능동) / The house to be sold(= which is to be sold 수동). 수능 어법 판단 필수.', 'answered', 'teacher', 1, 3, NULL, '2026-03-20T06:18:53.427492+00:00', '2026-03-20T06:18:53.427492+00:00') ON CONFLICT(id) DO NOTHING;

-- 4) writing_sessions → vocab_print_jobs + vocab_writing_responses
INSERT INTO vocab_print_jobs (id, academy_id, student_id, word_ids_json, created_by, status, has_writing, started_at, submitted_at, created_at) VALUES ('vpj-sbw-453a2224-de3', 'acad-1', 'gst-sb-ac916ed7-57c', '[]', 'supabase-import', 'voided', 1, '2026-03-19T14:28:21.880864+00:00', NULL, '2026-03-19T14:28:21.880864+00:00') ON CONFLICT(id) DO NOTHING;
INSERT INTO vocab_writing_responses (exam_id, problem_type, problem, target_words, student_answer, grade, graded_at) VALUES ('vpj-sbw-453a2224-de3', 'sentence_completion', '{"type":"sentence_completion","prompt":"","conditions":["과거의 어려움이나 경험을 나타내기 위해 과거완료 시제를 사용할 것.","노력이나 끈기의 중요성을 나타내는 내용을 포함할 것.","미래에 대한 포부나 계획을 나타내는 내용을 포함할 것."],"instruction":"주어진 상황을 바탕으로, 아래 조건에 맞게 영어 문장을 3-5문장으로 영작하시오. 학생이 영어 학습에서 겪는 어려움과 극복 과정, 그리고 앞으로의 목표를 담을 수 있도록 하세요.","expected_length":"3-5문장"}', '[{"id":"750e73a6-7ea1-40f3-9df7-c3b8de8a60b3","korean":"모호한","english":"ambiguous"},{"id":"24d1736d-d247-4d6e-8975-dd8903ed02cb","korean":"유창한","english":"fluent"},{"id":"bcb3ae6a-37fa-4473-824b-e03c75636f5d","korean":"인내하다","english":"persevere"},{"id":"27bddef1-db4a-4357-8c71-4eec1f04d17e","korean":"막연한, 불분명한","english":"vague"}]', NULL, NULL, NULL) ON CONFLICT(exam_id) DO NOTHING;
INSERT INTO vocab_print_jobs (id, academy_id, student_id, word_ids_json, created_by, status, has_writing, started_at, submitted_at, created_at) VALUES ('vpj-sbw-b945e4c8-f1e', 'acad-1', 'gst-sb-ac916ed7-57c', '[]', 'supabase-import', 'voided', 1, '2026-03-19T14:28:45.667243+00:00', NULL, '2026-03-19T14:28:45.667243+00:00') ON CONFLICT(id) DO NOTHING;
INSERT INTO vocab_writing_responses (exam_id, problem_type, problem, target_words, student_answer, grade, graded_at) VALUES ('vpj-sbw-b945e4c8-f1e', 'sentence_completion', '{"type":"sentence_completion","prompt":"어떤 학생이 외국어 학습에 어려움을 겪고 있습니다. 언어 학습 과정에서 애매모호하게 느껴지는 부분들이 많고, 명확한 목표 설정이 어렵습니다. 하지만 포기하지 않고 꾸준히 노력하여 유창하게 말하고 싶어 합니다.","conditions":["과거의 경험을 나타내는 과거완료 시제를 최소 1회 사용하시오.","목표나 의지를 나타내는 to부정사를 최소 2회 사용하시오."],"instruction":"주어진 상황을 바탕으로, 아래 조건에 맞게 3-5문장의 영어 문장을 영작하시오. 핵심 단어를 직접 사용하라는 요구는 없으나, 제시된 단어의 의미를 자연스럽게 포함하도록 내용을 구성하시오.","expected_length":"3-5문장"}', '[{"id":"750e73a6-7ea1-40f3-9df7-c3b8de8a60b3","korean":"모호한","english":"ambiguous"},{"id":"24d1736d-d247-4d6e-8975-dd8903ed02cb","korean":"유창한","english":"fluent"},{"id":"bcb3ae6a-37fa-4473-824b-e03c75636f5d","korean":"인내하다","english":"persevere"},{"id":"27bddef1-db4a-4357-8c71-4eec1f04d17e","korean":"막연한, 불분명한","english":"vague"}]', NULL, NULL, NULL) ON CONFLICT(exam_id) DO NOTHING;
INSERT INTO vocab_print_jobs (id, academy_id, student_id, word_ids_json, created_by, status, has_writing, started_at, submitted_at, created_at) VALUES ('vpj-sbw-22dc4756-6cd', 'acad-1', 'gst-sb-ac916ed7-57c', '[]', 'supabase-import', 'submitted', 1, '2026-03-19T14:29:00.81211+00:00', '2026-03-19T14:29:00.81211+00:00', '2026-03-19T14:29:00.81211+00:00') ON CONFLICT(id) DO NOTHING;
INSERT INTO vocab_writing_responses (exam_id, problem_type, problem, target_words, student_answer, grade, graded_at) VALUES ('vpj-sbw-22dc4756-6cd', 'free_writing', '{"type":"free_writing","prompt":"Imagine you are trying to learn a new skill or hobby. Describe the challenges you face and how you overcome them.","conditions":["Your writing must include at least one sentence that describes an initial uncertainty or lack of clarity about the skill.","Your writing should mention at least one instance where you had to keep trying despite difficulties."],"instruction":"다음 주제에 대해 자신의 생각이나 경험을 4-6문장으로 자유롭게 영어로 작성하시오.","expected_length":"4-6문장"}', '[{"id":"750e73a6-7ea1-40f3-9df7-c3b8de8a60b3","korean":"모호한","english":"ambiguous"},{"id":"24d1736d-d247-4d6e-8975-dd8903ed02cb","korean":"유창한","english":"fluent"},{"id":"bcb3ae6a-37fa-4473-824b-e03c75636f5d","korean":"인내하다","english":"persevere"},{"id":"27bddef1-db4a-4357-8c71-4eec1f04d17e","korean":"막연한, 불분명한","english":"vague"}]', 'I had struggled with English grammar for a long time before I found the right method. Although the process was sometimes ambiguous and vague, I decided to persevere through the difficulties. My goal is to become fluent in English so that I can communicate confidently with people around the world.', '{"total":6,"content":{"score":2,"comment":"학생 답안은 새로운 기술을 배우는 과정에서 겪는 어려움과 극복 방법에 대한 주제를 대체로 잘 다루고 있습니다. ''English grammar''라는 구체적인 기술을 언급하며 초기 어려움(''ambiguous and vague'')과 극복 노력(''persevere'')을 포함하고 있어 조건 1, 2를 충족했습니다. 다만, ''new skill or hobby''라는 폭넓은 주제에 비해 영어 문법 학습이라는 특정 경험에만 국한되어 있어 ''핵심 아이디어의 충분성'' 측면에서 약간의 아쉬움이 있습니다. 새로운 기술/취미를 배우는 과정에 대한 더 일반적이거나 다양한 경험을 추가하면 더 좋을 것입니다.","improvement":"새로운 기술/취미 학습에 대한 경험을 좀 더 구체적으로 묘사하고, 어려움을 극복하는 과정에 대한 추가적인 설명을 덧붙여 보세요. 예를 들어, 어떤 구체적인 어려움이 있었고, 어떻게 해결하려고 노력했는지, 그 결과는 어떠했는지 등을 상세하게 작성하면 내용이 더욱 풍부해질 것입니다."},"structure":{"score":2,"comment":"도입-전개-마무리 구조가 명확하지는 않지만, 문장들이 논리적으로 연결되어 어느 정도의 흐름을 가지고 있습니다. 첫 문장에서 과거의 어려움을, 두 번째 문장에서 극복 의지를, 세 번째 문장에서 목표를 제시하여 간략하게나마 아이디어를 전개하고 있습니다. 다만, 문장 간의 전환이 더 자연스럽고, 각 문장의 역할이 명확하게 구분된다면 구조적인 완성도가 높아질 것입니다.","improvement":"문장 간의 연결을 더 명확하게 하기 위해 접속사나 연결 어구를 활용해 보세요. 예를 들어, 어려움에 대한 설명 후 ''Despite this,'', ''However,'', ''Nevertheless,'' 와 같은 표현을 사용하여 극복 의지를 나타내는 문장으로 전환할 수 있습니다. 또한, 글의 시작 부분에서 어떤 기술을 배우려 했는지, 어려움은 무엇이었는지, 어떻게 극복했는지, 최종 목표는 무엇인지 등 도입, 전개, 마무리를 더 명확히 구성해 보세요."},"expression":{"score":2,"comment":"문법적인 오류는 거의 없으며, ''ambiguous'', ''fluent'', ''persevere'', ''vague''와 같은 참고 어휘를 모두 사용하여 표현력을 높였습니다. 조건 1 (''initial uncertainty or lack of clarity'')과 조건 2 (''keep trying despite difficulties'')를 모두 충족했습니다. 다만, 문장이 다소 짧고 간결하여 더 다양한 어휘나 복잡한 문장 구조를 사용했다면 ''다양한 어휘'' 측면에서 더 높은 점수를 받을 수 있었을 것입니다.","improvement":"참고 어휘를 모두 잘 활용한 점은 훌륭합니다. 더 높은 점수를 받기 위해, 비슷한 의미를 가진 다양한 동의어를 사용하거나, 좀 더 복잡한 문장 구조(예: 관계대명사, 분사구문 등)를 활용하여 글의 표현력을 풍부하게 만들어 보세요. 또한, 문장의 길이를 다양하게 조절하는 것도 글을 더 흥미롭게 만드는 방법입니다."},"word_usage":{"vague":true,"fluent":true,"ambiguous":true,"persevere":true},"model_answer":"When I decided to learn how to play the guitar, I was initially quite uncertain about my ability to even produce a clear sound. The sheer number of strings and chords seemed overwhelming and vague at first. There were many times when my fingers would ache, and I''d hit a discordant note, making me want to give up. However, I remembered my goal of playing my favorite songs for my friends and kept trying. By practicing consistently, even for just a few minutes each day, I gradually improved, and now I can play simple melodies with growing confidence."}', '2026-03-19T14:29:00.81211+00:00') ON CONFLICT(exam_id) DO NOTHING;
INSERT INTO vocab_print_jobs (id, academy_id, student_id, word_ids_json, created_by, status, has_writing, started_at, submitted_at, created_at) VALUES ('vpj-sbw-ee710457-992', 'acad-1', 'gst-sb-bfce39aa-959', '[]', 'supabase-import', 'voided', 1, '2026-03-19T14:45:36.694012+00:00', NULL, '2026-03-19T14:45:36.694012+00:00') ON CONFLICT(id) DO NOTHING;
INSERT INTO vocab_writing_responses (exam_id, problem_type, problem, target_words, student_answer, grade, graded_at) VALUES ('vpj-sbw-ee710457-992', 'sentence_completion', '{"type":"sentence_completion","prompt":"미래는 예측하기 어렵고, 끊임없이 변화하는 세상 속에서 우리는 새로운 도전에 직면하게 됩니다. 이러한 상황 속에서 성공적인 삶을 살아가기 위해서는 끊임없이 배우고 발전하려는 자세가 중요합니다. 또한, 예상치 못한 상황에도 유연하게 대처하고, 목표를 달성하기 위해 최선을 다해야 합니다.","conditions":["과거 시제를 사용하여 학생 시절의 노력을 묘사하는 문장을 하나 포함할 것.","미래의 불확실성에 대해 대처하는 방법을 내용 조건으로 포함할 것."],"instruction":"다음 지문을 읽고, 제시된 조건에 맞게 영어 문장을 3-5문장으로 영작하시오. 학생들의 노력과 미래에 대한 긍정적인 메시지를 담아야 합니다. ''diligent'', ''adjust'', ''utmost'', ''prophecy'', ''inevitable''와 같은 단어의 의미가 자연스럽게 포함될 수 있도록 하되, 단어를 직접 사용해야 하는 것은 아닙니다.","expected_length":"3-5문장"}', '[{"id":"039c27d9-1c4a-40ae-8165-17a3d7191f39","korean":"부지런한","english":"diligent"},{"id":"cbae742f-a5e9-4665-8b99-a7330a157c37","korean":"적응하다","english":"adjust"},{"id":"9e2f25ba-f09a-4d87-bfbb-26356fd73b9f","korean":"최고의, 최대의, 극도의","english":"utmost"},{"id":"0c0ddd9f-14a3-48e7-a317-d7b7898dcd8d","korean":"선행하는","english":"prophecy"},{"id":"083138ee-fde9-4360-a9fc-f2da28949c41","korean":"불가피한","english":"inevitable"}]', NULL, NULL, NULL) ON CONFLICT(exam_id) DO NOTHING;
INSERT INTO vocab_print_jobs (id, academy_id, student_id, word_ids_json, created_by, status, has_writing, started_at, submitted_at, created_at) VALUES ('vpj-sbw-36f7b38e-c0a', 'acad-1', 'gst-sb-bfce39aa-959', '[]', 'supabase-import', 'submitted', 1, '2026-03-19T14:53:55.483009+00:00', '2026-03-19T14:53:55.483009+00:00', '2026-03-19T14:53:55.483009+00:00') ON CONFLICT(id) DO NOTHING;
INSERT INTO vocab_writing_responses (exam_id, problem_type, problem, target_words, student_answer, grade, graded_at) VALUES ('vpj-sbw-36f7b38e-c0a', 'sentence_completion', '{"type":"sentence_completion","prompt":"","conditions":["과거에 대한 후회나 앞으로의 다짐을 나타내는 문장에는 반드시 ''had + p.p.'' 형태를 사용해야 합니다.","미래의 변화나 새로운 환경에 대한 적응을 묘사해야 합니다.","개인의 노력과 어려움 극복에 대한 내용을 포함해야 합니다."],"instruction":"주어진 상황을 바탕으로, 아래 조건에 맞게 영어 문장을 3-5문장으로 완성하시오.","expected_length":"3-5문장"}', '[{"id":"039c27d9-1c4a-40ae-8165-17a3d7191f39","korean":"부지런한","english":"diligent"},{"id":"cbae742f-a5e9-4665-8b99-a7330a157c37","korean":"적응하다","english":"adjust"},{"id":"9e2f25ba-f09a-4d87-bfbb-26356fd73b9f","korean":"최고의, 최대의, 극도의","english":"utmost"},{"id":"0c0ddd9f-14a3-48e7-a317-d7b7898dcd8d","korean":"선행하는","english":"prophecy"},{"id":"083138ee-fde9-4360-a9fc-f2da28949c41","korean":"불가피한","english":"inevitable"}]', 'i dont know', '{"total":0,"content":{"score":0,"comment":"주어진 상황과 문제의 요구사항(과거 후회/미래 다짐, 미래 변화/적응, 개인 노력/어려움 극복)과 전혀 관련이 없습니다. 학생 답안은 무응답에 가깝습니다.","improvement":"문제에서 제시된 세 가지 핵심 요소를 모두 포함하는 내용을 구상해야 합니다. 예를 들어, 과거에 공부를 소홀히 했던 것에 대한 후회, 미래에 더 열심히 공부하겠다는 다짐, 새로운 학업 환경에 적응하려는 노력, 그리고 이를 위해 겪는 어려움과 이를 극복하는 과정을 구체적으로 묘사해야 합니다."},"structure":{"score":0,"comment":"문장 자체가 존재하지 않아 구조를 평가할 수 없습니다.","improvement":"문장을 3-5개로 구성하여 논리적인 흐름을 만들어야 합니다. 도입(상황 제시 또는 후회), 전개(미래 다짐 및 적응 과정), 마무리(노력 강조 또는 결론)와 같이 도입-전개-마무리 구조를 갖추도록 노력해야 합니다."},"expression":{"score":0,"comment":"매우 기본적인 영어 표현조차 제시되지 않아 문법, 어휘, 조건 충족 여부를 평가할 수 없습니다. 모든 조건이 전혀 충족되지 않았습니다.","improvement":"조건 1의 ''had + p.p.'' 구문과 조건 2, 3을 충족하는 문장을 만들어야 합니다. 제시된 참고 어휘(diligent, adjust, utmost, prophecy, inevitable)를 활용하면 표현력을 높일 수 있습니다. 문법적 정확성과 자연스러운 어휘 선택에 유의해야 합니다."},"word_usage":{"adjust":true,"utmost":true,"diligent":true,"prophecy":false,"inevitable":true},"model_answer":"Looking back, I regret that I had not studied harder in my previous school. Now, I am determined to adjust to this new environment and embrace the challenges ahead. I will put in my utmost effort to overcome any difficulties, knowing that hard work is inevitable for growth. I believe that my diligent efforts will lead me to a brighter future."}', '2026-03-19T14:53:55.483009+00:00') ON CONFLICT(exam_id) DO NOTHING;
INSERT INTO vocab_print_jobs (id, academy_id, student_id, word_ids_json, created_by, status, has_writing, started_at, submitted_at, created_at) VALUES ('vpj-sbw-d4b92692-1ad', 'acad-1', 'gst-sb-ac7eba08-fd8', '[]', 'supabase-import', 'voided', 1, '2026-03-19T15:13:44.002316+00:00', NULL, '2026-03-19T15:13:44.002316+00:00') ON CONFLICT(id) DO NOTHING;
INSERT INTO vocab_writing_responses (exam_id, problem_type, problem, target_words, student_answer, grade, graded_at) VALUES ('vpj-sbw-d4b92692-1ad', 'sentence_completion', '{"type":"sentence_completion","prompt":"최근 팀 프로젝트를 진행하면서 팀원들과의 원활한 소통과 협업의 중요성을 다시 한번 느꼈습니다. 하지만 때로는 서로 다른 의견을 조율하고 모두가 만족할 만한 결과물을 도출하는 것이 쉽지 않았습니다. 특히, 각자의 역할 분담과 마감 기한 준수에 있어서 어려움을 겪기도 했습니다.","conditions":["관계대명사(which 또는 that)를 사용하여 팀원들과의 협업 과정에서 느낀 어려움을 하나 이상 언급할 것","프로젝트 성공을 위해 팀원들이 서로의 의견을 존중하고 노력해야 한다는 내용을 포함할 것"],"instruction":"다음 지문을 읽고, 두 가지 조건을 모두 만족하는 영어 문장 3-5개를 영작하시오.","expected_length":"3-5문장"}', '[{"id":"e9ac99cd-8215-4654-83f5-2d7b442a68b6","korean":"인정하다","english":"acknowledge"},{"id":"4b123898-68a7-4d34-ae92-f0ca8077c751","korean":"협력하다","english":"collaborate"},{"id":"c0526a72-05af-46d8-9c21-b45d51a7b522","korean":"충분한","english":"sufficient"},{"id":"f4cfe4a2-9a29-48ae-b56c-224f95adecb4","korean":"정확한","english":"accurate"},{"id":"c29da4c5-6a10-47d4-93ab-c182112e3521","korean":"수용하다","english":"accommodate"}]', NULL, NULL, NULL) ON CONFLICT(exam_id) DO NOTHING;
INSERT INTO vocab_print_jobs (id, academy_id, student_id, word_ids_json, created_by, status, has_writing, started_at, submitted_at, created_at) VALUES ('vpj-sbw-18479f84-06a', 'acad-1', 'gst-sb-bfce39aa-959', '[]', 'supabase-import', 'voided', 1, '2026-03-19T15:50:26.935187+00:00', NULL, '2026-03-19T15:50:26.935187+00:00') ON CONFLICT(id) DO NOTHING;
INSERT INTO vocab_writing_responses (exam_id, problem_type, problem, target_words, student_answer, grade, graded_at) VALUES ('vpj-sbw-18479f84-06a', 'sentence_completion', '{"type":"sentence_completion","prompt":"A young aspiring writer, struggling with self-doubt, reflects on their creative process. They often feel like their stories are already written, waiting to be discovered.  They also wonder if their shy demeanor hinders their ability to share their work effectively with others.","conditions":["과거의 경험을 회상하며 현재 상황을 설명하는 내용을 포함해야 합니다. (e.g., ''used to'', ''would'')","주어진 내용 속 ''미리 결정된, 예정된''이라는 의미를 내포하는 단어를 활용하여 글을 완성하세요."],"instruction":"다음 주어진 상황을 읽고, 조건에 맞게 3-5문장으로 영어 영작하세요.","expected_length":"3-5문장"}', '[{"id":"0c0ddd9f-14a3-48e7-a317-d7b7898dcd8d","korean":"선행하는","english":"prophecy"},{"id":"3d4aa24d-401d-47e6-af38-3849c07f0ebb","korean":"웅변적인","english":"eloquent"},{"id":"699a0ecb-48fe-4dd6-8786-820ba651e381","korean":"물 원소 피해 보너스+15%","english":"님프의 꿈의 2세트 효과는?"},{"id":"9319f202-7060-4e22-ac6d-4f7a615852fc","korean":"미리 결정된, 예정된","english":"predetermined"},{"id":"49cfb8d3-3d19-4ed3-88c7-7bff5052b070","korean":"외향적인 사람","english":"extrovert"}]', NULL, NULL, NULL) ON CONFLICT(exam_id) DO NOTHING;
INSERT INTO vocab_print_jobs (id, academy_id, student_id, word_ids_json, created_by, status, has_writing, started_at, submitted_at, created_at) VALUES ('vpj-sbw-96b873d1-0e3', 'acad-1', 'gst-sb-bfce39aa-959', '[]', 'supabase-import', 'voided', 1, '2026-03-20T07:02:41.538251+00:00', NULL, '2026-03-20T07:02:41.538251+00:00') ON CONFLICT(id) DO NOTHING;
INSERT INTO vocab_writing_responses (exam_id, problem_type, problem, target_words, student_answer, grade, graded_at) VALUES ('vpj-sbw-96b873d1-0e3', 'free_writing', '{"type":"free_writing","prompt":"Imagine you have the ability to foresee one specific future event. What event would you choose to see, and why? How might knowing this future impact your present actions or feelings, especially if the outcome seems inevitable or beyond your control?","conditions":["Use at least one sentence that expresses a personal preference or opinion.","Describe at least one potential consequence of knowing the future event."],"instruction":"주어진 질문에 대해 여러분의 생각이나 경험을 자유롭게 영어로 작성해 주세요. 여러분의 일상과 연결되는 친숙한 소재를 다룹니다.","expected_length":"4-6문장"}', '[{"id":"0c0ddd9f-14a3-48e7-a317-d7b7898dcd8d","korean":"선행하는","english":"prophecy"},{"id":"3d4aa24d-401d-47e6-af38-3849c07f0ebb","korean":"웅변적인","english":"eloquent"},{"id":"699a0ecb-48fe-4dd6-8786-820ba651e381","korean":"물 원소 피해 보너스+15%","english":"님프의 꿈의 2세트 효과는?"},{"id":"9319f202-7060-4e22-ac6d-4f7a615852fc","korean":"미리 결정된, 예정된","english":"predetermined"},{"id":"49cfb8d3-3d19-4ed3-88c7-7bff5052b070","korean":"외향적인 사람","english":"extrovert"}]', NULL, NULL, NULL) ON CONFLICT(exam_id) DO NOTHING;
INSERT INTO vocab_print_jobs (id, academy_id, student_id, word_ids_json, created_by, status, has_writing, started_at, submitted_at, created_at) VALUES ('vpj-sbw-93f1729f-b86', 'acad-1', 'gst-sb-bfce39aa-959', '[]', 'supabase-import', 'voided', 1, '2026-03-20T08:16:01.267791+00:00', NULL, '2026-03-20T08:16:01.267791+00:00') ON CONFLICT(id) DO NOTHING;
INSERT INTO vocab_writing_responses (exam_id, problem_type, problem, target_words, student_answer, grade, graded_at) VALUES ('vpj-sbw-93f1729f-b86', 'sentence_completion', '{"type":"sentence_completion","prompt":"어릴 적, 할머니는 저에게 신비로운 이야기를 자주 들려주셨습니다. 특히, 숲속의 요정들이 인간 세상에 나타나 예언을 하거나, 때로는 슬픔에 잠긴 영혼들을 위로한다는 이야기가 기억에 남습니다. 할머니는 종종 숲속의 님프들이 꿈속에서 아름다운 미래를 예견한다고 말씀하셨습니다.","conditions":["과거의 습관을 나타내는 ''used to'' 또는 ''would''를 사용하여 한 문장 이상 작성하세요.","화자의 내면적 성향이나 타인과의 관계를 묘사하는 내용을 포함하세요."],"instruction":"다음 지문의 내용을 바탕으로, 주어진 조건에 맞게 영어로 3-5문장의 글을 완성하세요.","expected_length":"3-5문장"}', '[{"id":"0c0ddd9f-14a3-48e7-a317-d7b7898dcd8d","korean":"선행하는","english":"prophecy"},{"id":"3d4aa24d-401d-47e6-af38-3849c07f0ebb","korean":"웅변적인","english":"eloquent"},{"id":"699a0ecb-48fe-4dd6-8786-820ba651e381","korean":"물 원소 피해 보너스+15%","english":"님프의 꿈의 2세트 효과는?"},{"id":"9319f202-7060-4e22-ac6d-4f7a615852fc","korean":"미리 결정된, 예정된","english":"predetermined"},{"id":"49cfb8d3-3d19-4ed3-88c7-7bff5052b070","korean":"외향적인 사람","english":"extrovert"}]', NULL, NULL, NULL) ON CONFLICT(exam_id) DO NOTHING;
INSERT INTO vocab_print_jobs (id, academy_id, student_id, word_ids_json, created_by, status, has_writing, started_at, submitted_at, created_at) VALUES ('vpj-sbw-c2de3963-cf3', 'acad-1', 'gst-sb-91d85be7-790', '[]', 'supabase-import', 'voided', 1, '2026-03-24T10:26:57.758995+00:00', NULL, '2026-03-24T10:26:57.758995+00:00') ON CONFLICT(id) DO NOTHING;
INSERT INTO vocab_writing_responses (exam_id, problem_type, problem, target_words, student_answer, grade, graded_at) VALUES ('vpj-sbw-c2de3963-cf3', 'word_arrangement', '{"type":"word_arrangement","prompt":"","word_list":"this/new/approach/can/furnish/us/with/further/knowledge/frankly","conditions":["주어는 ''This new approach''로 시작해야 합니다.","환경 보호를 위한 ''further'' 노력에 대한 내용을 포함해야 합니다.","솔직히(frankly) 말하면, 더 나은 결과를 위해 ''furnish''라는 단어를 사용해야 합니다."],"instruction":"주어진 8개의 단어를 올바른 순서로 배열하여 자연스러운 문장을 완성하세요. 단어의 형태 변형은 가능합니다.","expected_length":"2-3문장"}', '[{"id":"8782e0b1-b487-4e49-bf60-37b5a3e277f5","korean":"공급하다","english":"furnish"},{"id":"a7646f02-5e73-470f-955d-f0e74b7d1daf","korean":"한층더","english":"further"},{"id":"3e7307b0-e236-4aab-83c4-26411e4b6299","korean":"분수","english":"fraction"},{"id":"eb374ff2-9844-43b2-b149-7361535252b9","korean":"솔직히","english":"frankly"},{"id":"3c6eb985-fcdb-4bc7-b519-4491750d6dfe","korean":"기초의","english":"fundamental"}]', NULL, NULL, NULL) ON CONFLICT(exam_id) DO NOTHING;
INSERT INTO vocab_print_jobs (id, academy_id, student_id, word_ids_json, created_by, status, has_writing, started_at, submitted_at, created_at) VALUES ('vpj-sbw-5c4078e3-373', 'acad-1', 'gst-sb-91d85be7-790', '[]', 'supabase-import', 'voided', 1, '2026-03-27T06:00:24.29739+00:00', NULL, '2026-03-27T06:00:24.29739+00:00') ON CONFLICT(id) DO NOTHING;
INSERT INTO vocab_writing_responses (exam_id, problem_type, problem, target_words, student_answer, grade, graded_at) VALUES ('vpj-sbw-5c4078e3-373', 'sentence_completion', '{"type":"sentence_completion","prompt":"최근 많은 사람들이 실내에서 보내는 시간이 늘어나면서, 집 안 환경을 개선하려는 노력이 활발해지고 있습니다. 특히, 편안하고 기능적인 공간을 만들기 위해 가구 배치나 소품 활용에 많은 관심을 보이고 있습니다. 이러한 변화는 단순히 미적인 만족감을 넘어, 우리의 심리적인 안정감과 생산성에도 긍정적인 영향을 줄 수 있다는 연구 결과가 나오고 있습니다.","conditions":["가정 환경 개선을 통해 ''한층 더'' 나은 삶의 질을 추구한다는 내용을 포함할 것.","이러한 노력이 ''솔직히'' 모든 사람에게 똑같은 정도의 효과를 주지는 않을 수 있다는 점을 언급할 것.","과거분사 구문을 사용하여 ''기초적인'' 가구의 중요성을 표현할 것."],"instruction":"주어진 상황을 바탕으로, 아래 조건에 맞게 영작하시오.","expected_length":"3-5문장"}', '[{"id":"8782e0b1-b487-4e49-bf60-37b5a3e277f5","korean":"공급하다","english":"furnish"},{"id":"a7646f02-5e73-470f-955d-f0e74b7d1daf","korean":"한층더","english":"further"},{"id":"3e7307b0-e236-4aab-83c4-26411e4b6299","korean":"분수","english":"fraction"},{"id":"eb374ff2-9844-43b2-b149-7361535252b9","korean":"솔직히","english":"frankly"},{"id":"3c6eb985-fcdb-4bc7-b519-4491750d6dfe","korean":"기초의","english":"fundamental"}]', NULL, NULL, NULL) ON CONFLICT(exam_id) DO NOTHING;
INSERT INTO vocab_print_jobs (id, academy_id, student_id, word_ids_json, created_by, status, has_writing, started_at, submitted_at, created_at) VALUES ('vpj-sbw-f5b05290-5ef', 'acad-1', 'gst-sb-20969a71-24d', '[]', 'supabase-import', 'voided', 1, '2026-03-27T06:01:16.613914+00:00', NULL, '2026-03-27T06:01:16.613914+00:00') ON CONFLICT(id) DO NOTHING;
INSERT INTO vocab_writing_responses (exam_id, problem_type, problem, target_words, student_answer, grade, graded_at) VALUES ('vpj-sbw-f5b05290-5ef', 'word_arrangement', '{"type":"word_arrangement","prompt":"demonstrate / maturity / simultaneous / submit / demonstration / the / a / and / to / public / their / will","conditions":["두 문장으로 완성해야 합니다.","첫 번째 문장에는 ''demonstrate''와 ''maturity''가 포함되어야 합니다.","두 번째 문장에는 ''simultaneous''와 ''submit''이 포함되어야 합니다."],"instruction":"주어진 단어들을 올바른 순서로 배열하여 두 문장으로 된 짧은 글을 완성하세요. 단어의 형태는 필요에 따라 변경할 수 있습니다.","expected_length":"2-3문장"}', '[{"id":"ebee4dd6-0e38-4cd2-b2fa-7f2059651ee8","korean":"보여주다, 입증하다","english":"demonstrate"},{"id":"aa02a46a-3183-4a82-b367-92fac3ef946a","korean":"성숙함","english":"maturity"},{"id":"e2800b39-c091-43bf-94bc-812e687371c5","korean":"동시에","english":"simultaneous"},{"id":"f91cb6c1-53b6-406d-a8cb-19a92fa6da3b","korean":"복종시키다","english":"submit"},{"id":"02b87a5c-3fbb-48d9-b431-a68a188d02ae","korean":"시위, 데모","english":"demonstration"}]', NULL, NULL, NULL) ON CONFLICT(exam_id) DO NOTHING;
INSERT INTO vocab_print_jobs (id, academy_id, student_id, word_ids_json, created_by, status, has_writing, started_at, submitted_at, created_at) VALUES ('vpj-sbw-b2699207-06e', 'acad-1', 'gst-sb-20969a71-24d', '[]', 'supabase-import', 'voided', 1, '2026-03-27T06:03:33.009373+00:00', NULL, '2026-03-27T06:03:33.009373+00:00') ON CONFLICT(id) DO NOTHING;
INSERT INTO vocab_writing_responses (exam_id, problem_type, problem, target_words, student_answer, grade, graded_at) VALUES ('vpj-sbw-b2699207-06e', 'summary_writing', '{"type":"summary_writing","prompt":"The concept of digital citizenship has become increasingly important in our interconnected world. It refers to the responsible and ethical use of technology, encompassing online safety, digital etiquette, and understanding one''s rights and responsibilities in the digital space.  Just as citizens in a physical community are expected to adhere to certain norms and laws, digital citizens must also cultivate a sense of responsibility. This involves not only protecting personal information but also engaging in respectful online interactions and being aware of the potential impact of one''s digital footprint.  Failing to develop strong digital citizenship skills can lead to various negative consequences, from cyberbullying and misinformation to privacy breaches and even identity theft. Therefore, fostering digital literacy and promoting responsible online behavior are crucial for individuals and society as a whole.","conditions":["Use at least one adverb that modifies an adjective or another adverb.","Your summary must mention both the definition of digital citizenship and its importance."],"instruction":"Read the following passage and summarize its main points in 2-3 sentences. Your summary should reflect an understanding of the author''s argument and the key concepts discussed. Ensure your summary adheres to the given grammatical and content conditions.","expected_length":"2-3 sentences"}', '[{"id":"ebee4dd6-0e38-4cd2-b2fa-7f2059651ee8","korean":"보여주다, 입증하다","english":"demonstrate"},{"id":"aa02a46a-3183-4a82-b367-92fac3ef946a","korean":"성숙함","english":"maturity"},{"id":"e2800b39-c091-43bf-94bc-812e687371c5","korean":"동시에","english":"simultaneous"},{"id":"f91cb6c1-53b6-406d-a8cb-19a92fa6da3b","korean":"복종시키다","english":"submit"},{"id":"02b87a5c-3fbb-48d9-b431-a68a188d02ae","korean":"시위, 데모","english":"demonstration"}]', NULL, NULL, NULL) ON CONFLICT(exam_id) DO NOTHING;
INSERT INTO vocab_print_jobs (id, academy_id, student_id, word_ids_json, created_by, status, has_writing, started_at, submitted_at, created_at) VALUES ('vpj-sbw-f330f829-dd5', 'acad-1', 'gst-sb-20969a71-24d', '[]', 'supabase-import', 'voided', 1, '2026-03-27T06:04:09.166176+00:00', NULL, '2026-03-27T06:04:09.166176+00:00') ON CONFLICT(id) DO NOTHING;
INSERT INTO vocab_writing_responses (exam_id, problem_type, problem, target_words, student_answer, grade, graded_at) VALUES ('vpj-sbw-f330f829-dd5', 'summary_writing', '{"type":"summary_writing","prompt":"In the realm of child development, the transition from adolescence to adulthood is often marked by a gradual increase in a person''s ability to make responsible decisions and understand complex situations. This development, known as maturity, is not a sudden event but a process that unfolds over time.  One significant aspect of this transition is the development of critical thinking skills, allowing individuals to analyze information, evaluate different perspectives, and form independent judgments.  Furthermore, as individuals mature, they often become more adept at managing their emotions and navigating social interactions with greater empathy and understanding.  These changes collectively demonstrate a growing capacity for self-governance and a deeper engagement with the world around them.","conditions":["Your summary must be written in the past tense.","Your summary should include the idea that maturity is a gradual process, not an instantaneous change."],"instruction":"Read the following passage and summarize its main points in 2-3 sentences. Your summary should accurately reflect the core message of the text and adhere to the given conditions.","expected_length":"2-3문장"}', '[{"id":"ebee4dd6-0e38-4cd2-b2fa-7f2059651ee8","korean":"보여주다, 입증하다","english":"demonstrate"},{"id":"aa02a46a-3183-4a82-b367-92fac3ef946a","korean":"성숙함","english":"maturity"},{"id":"e2800b39-c091-43bf-94bc-812e687371c5","korean":"동시에","english":"simultaneous"},{"id":"f91cb6c1-53b6-406d-a8cb-19a92fa6da3b","korean":"복종시키다","english":"submit"},{"id":"02b87a5c-3fbb-48d9-b431-a68a188d02ae","korean":"시위, 데모","english":"demonstration"}]', NULL, NULL, NULL) ON CONFLICT(exam_id) DO NOTHING;
-- writing_sessions dropped (no student match): 0

-- 5) student_teachers — 김상현 강사 매핑은 gacha_students 만으로 충분.
--    (wawa students 테이블과는 별개 namespace이므로 student_teachers INSERT 없음)

-- COMMIT; (D1 remote 미지원)
-- PRAGMA foreign_keys = ON; (D1 remote 미지원)

-- 요약: students=19, words=375 (dropped=0), grammar=46, writing=14 (dropped=0)