-- Notion 데이터 마이그레이션 (2026-04-08T10:13:47.584Z)
-- 생성된 SQL: 65개

INSERT INTO classes (id, academy_id, grade, name, created_at) VALUES ('class-qsgpdkh0a', 'acad-1', '고2', '고2학년 1반', '2026-04-08');
INSERT INTO classes (id, academy_id, grade, name, created_at) VALUES ('class-y4u6d2z17', 'acad-1', '중3', '중3학년 1반', '2026-04-08');
INSERT INTO classes (id, academy_id, grade, name, created_at) VALUES ('class-kmhy3s6sy', 'acad-1', '초등학생', '초등학생학년 1반', '2026-04-08');
INSERT INTO classes (id, academy_id, grade, name, created_at) VALUES ('class-i90ryoqw8', 'acad-1', '중2', '중2학년 1반', '2026-04-08');
INSERT INTO classes (id, academy_id, grade, name, created_at) VALUES ('class-8w4dd5bue', 'acad-1', '중1', '중1학년 1반', '2026-04-08');
INSERT INTO classes (id, academy_id, grade, name, created_at) VALUES ('class-tb78wjrlc', 'acad-1', '고3', '고3학년 1반', '2026-04-08');
INSERT INTO classes (id, academy_id, grade, name, created_at) VALUES ('class-tg4u2rv75', 'acad-1', '고1', '고1학년 1반', '2026-04-08');
INSERT INTO classes (id, academy_id, grade, name, created_at) VALUES ('class-8h4d1vldz', 'acad-1', '1', '1학년 1반', '2026-04-08');
INSERT INTO users (id, email, name, password_hash, role, academy_id, created_at, updated_at) VALUES ('user-my9fmqqf4', '김상현@academy.local', '김상현', '03ac674216f3e15c761ee1a5e255f067953623c8b388b4459e13f978d7c846f4', 'admin', 'acad-1', '2026-01-31T12:47:00.000Z', '2026-02-09T08:09:00.000Z');
INSERT INTO users (id, email, name, password_hash, role, academy_id, created_at, updated_at) VALUES ('user-ia18ah96j', '지혜영원장@academy.local', '지혜영 원장', 'bf038251c59b434b02c7279047808368f1ee0a6ee2ab98799158edb05b2eb4d6', 'admin', 'acad-1', '2026-01-31T08:32:00.000Z', '2026-02-09T07:25:00.000Z');
INSERT INTO users (id, email, name, password_hash, role, academy_id, created_at, updated_at) VALUES ('user-27yxj2yfr', '서재용개발자@academy.local', '서재용 개발자', '434dbd07bc54f593ede0fe8e4d0b93a7f9dce4e90088d73c1011c7bb3b87b8ac', 'admin', 'acad-1', '2026-01-31T08:34:00.000Z', '2026-02-05T04:26:00.000Z');
INSERT INTO users (id, email, name, password_hash, role, academy_id, created_at, updated_at) VALUES ('user-8y5zghxqw', '남현욱@academy.local', '남현욱', '712dca40936b39ce670dc803736fe3735cf99311030a928de039a36f77926230', 'instructor', 'acad-1', '2026-01-31T08:34:00.000Z', '2026-03-12T06:37:00.000Z');
INSERT INTO users (id, email, name, password_hash, role, academy_id, created_at, updated_at) VALUES ('user-e9389ilry', '김지연@academy.local', '김지연', 'eb7046437af1e3e9f711efd5a13b8685a0648a236af159435d297397208eefb1', 'instructor', 'acad-1', '2026-02-02T09:14:00.000Z', '2026-02-05T04:25:00.000Z');
INSERT INTO students (id, academy_id, name, class_id, contact, guardian_contact, enrollment_date, status, created_at, updated_at) VALUES ('student-kusr0wm6w', 'acad-1', 'Unknown Student', 'class-qsgpdkh0a', '', '', '2026-02-04', 'active', '2026-02-04T09:05:00.000Z', '2026-02-04T09:05:00.000Z');
INSERT INTO students (id, academy_id, name, class_id, contact, guardian_contact, enrollment_date, status, created_at, updated_at) VALUES ('student-pkjamkz4e', 'acad-1', 'Unknown Student', 'class-y4u6d2z17', '', '', '2026-02-04', 'active', '2026-02-04T09:05:00.000Z', '2026-02-04T09:05:00.000Z');
INSERT INTO students (id, academy_id, name, class_id, contact, guardian_contact, enrollment_date, status, created_at, updated_at) VALUES ('student-farp4vtm3', 'acad-1', 'Unknown Student', 'class-kmhy3s6sy', '', '', '2026-02-04', 'active', '2026-02-04T09:05:00.000Z', '2026-02-04T09:05:00.000Z');
INSERT INTO students (id, academy_id, name, class_id, contact, guardian_contact, enrollment_date, status, created_at, updated_at) VALUES ('student-9qo73y17h', 'acad-1', 'Unknown Student', 'class-i90ryoqw8', '', '', '2026-02-04', 'active', '2026-02-04T09:05:00.000Z', '2026-02-04T09:05:00.000Z');
INSERT INTO students (id, academy_id, name, class_id, contact, guardian_contact, enrollment_date, status, created_at, updated_at) VALUES ('student-h16rrzi8q', 'acad-1', 'Unknown Student', 'class-8w4dd5bue', '', '', '2026-02-04', 'active', '2026-02-04T09:05:00.000Z', '2026-03-05T02:25:00.000Z');
INSERT INTO students (id, academy_id, name, class_id, contact, guardian_contact, enrollment_date, status, created_at, updated_at) VALUES ('student-qf6nh9vbl', 'acad-1', 'Unknown Student', 'class-qsgpdkh0a', '', '', '2026-02-04', 'active', '2026-02-04T09:05:00.000Z', '2026-03-12T06:40:00.000Z');
INSERT INTO students (id, academy_id, name, class_id, contact, guardian_contact, enrollment_date, status, created_at, updated_at) VALUES ('student-f04en6ao6', 'acad-1', 'Unknown Student', 'class-qsgpdkh0a', '', '', '2026-02-04', 'active', '2026-02-04T09:05:00.000Z', '2026-02-04T09:05:00.000Z');
INSERT INTO students (id, academy_id, name, class_id, contact, guardian_contact, enrollment_date, status, created_at, updated_at) VALUES ('student-0dczamg2e', 'acad-1', 'Unknown Student', 'class-y4u6d2z17', '', '', '2026-02-04', 'active', '2026-02-04T09:05:00.000Z', '2026-04-07T05:55:00.000Z');
INSERT INTO students (id, academy_id, name, class_id, contact, guardian_contact, enrollment_date, status, created_at, updated_at) VALUES ('student-g5w3dza8y', 'acad-1', 'Unknown Student', 'class-tb78wjrlc', '', '', '2026-02-04', 'active', '2026-02-04T09:05:00.000Z', '2026-04-04T04:06:00.000Z');
INSERT INTO students (id, academy_id, name, class_id, contact, guardian_contact, enrollment_date, status, created_at, updated_at) VALUES ('student-3jyoxhl8y', 'acad-1', 'Unknown Student', 'class-kmhy3s6sy', '', '', '2026-02-04', 'active', '2026-02-04T09:05:00.000Z', '2026-02-04T09:05:00.000Z');
INSERT INTO students (id, academy_id, name, class_id, contact, guardian_contact, enrollment_date, status, created_at, updated_at) VALUES ('student-svfmi0t3e', 'acad-1', 'Unknown Student', 'class-y4u6d2z17', '', '', '2026-02-04', 'active', '2026-02-04T09:05:00.000Z', '2026-02-04T09:05:00.000Z');
INSERT INTO students (id, academy_id, name, class_id, contact, guardian_contact, enrollment_date, status, created_at, updated_at) VALUES ('student-kc3dz5aoq', 'acad-1', 'Unknown Student', 'class-qsgpdkh0a', '', '', '2026-02-04', 'active', '2026-02-04T09:05:00.000Z', '2026-04-07T04:34:00.000Z');
INSERT INTO students (id, academy_id, name, class_id, contact, guardian_contact, enrollment_date, status, created_at, updated_at) VALUES ('student-vejsnpyfl', 'acad-1', 'Unknown Student', 'class-y4u6d2z17', '', '', '2026-02-04', 'active', '2026-02-04T09:05:00.000Z', '2026-02-04T09:05:00.000Z');
INSERT INTO students (id, academy_id, name, class_id, contact, guardian_contact, enrollment_date, status, created_at, updated_at) VALUES ('student-rqy9wksdv', 'acad-1', 'Unknown Student', 'class-kmhy3s6sy', '', '', '2026-02-04', 'active', '2026-02-04T09:05:00.000Z', '2026-03-13T09:21:00.000Z');
INSERT INTO students (id, academy_id, name, class_id, contact, guardian_contact, enrollment_date, status, created_at, updated_at) VALUES ('student-mtdmz5t8f', 'acad-1', 'Unknown Student', 'class-i90ryoqw8', '', '', '2026-02-04', 'active', '2026-02-04T09:06:00.000Z', '2026-02-04T09:06:00.000Z');
INSERT INTO students (id, academy_id, name, class_id, contact, guardian_contact, enrollment_date, status, created_at, updated_at) VALUES ('student-0gt08rw0z', 'acad-1', 'Unknown Student', 'class-y4u6d2z17', '', '', '2026-02-04', 'active', '2026-02-04T09:05:00.000Z', '2026-03-24T14:00:00.000Z');
INSERT INTO students (id, academy_id, name, class_id, contact, guardian_contact, enrollment_date, status, created_at, updated_at) VALUES ('student-6nxgf7jym', 'acad-1', 'Unknown Student', 'class-8w4dd5bue', '', '', '2026-02-04', 'active', '2026-02-04T09:05:00.000Z', '2026-03-24T08:00:00.000Z');
INSERT INTO students (id, academy_id, name, class_id, contact, guardian_contact, enrollment_date, status, created_at, updated_at) VALUES ('student-fh2qy23vo', 'acad-1', 'Unknown Student', 'class-i90ryoqw8', '', '', '2026-02-04', 'active', '2026-02-04T09:05:00.000Z', '2026-02-04T09:05:00.000Z');
INSERT INTO students (id, academy_id, name, class_id, contact, guardian_contact, enrollment_date, status, created_at, updated_at) VALUES ('student-1r0ts6epj', 'acad-1', 'Unknown Student', 'class-tb78wjrlc', '', '', '2026-02-04', 'active', '2026-02-04T09:05:00.000Z', '2026-02-04T09:05:00.000Z');
INSERT INTO students (id, academy_id, name, class_id, contact, guardian_contact, enrollment_date, status, created_at, updated_at) VALUES ('student-nrx6omnvx', 'acad-1', 'Unknown Student', 'class-tb78wjrlc', '', '', '2026-02-04', 'active', '2026-02-04T09:05:00.000Z', '2026-03-28T07:52:00.000Z');
INSERT INTO students (id, academy_id, name, class_id, contact, guardian_contact, enrollment_date, status, created_at, updated_at) VALUES ('student-iwh2w9ho4', 'acad-1', 'Unknown Student', 'class-qsgpdkh0a', '', '', '2026-02-04', 'active', '2026-02-04T09:05:00.000Z', '2026-02-04T09:05:00.000Z');
INSERT INTO students (id, academy_id, name, class_id, contact, guardian_contact, enrollment_date, status, created_at, updated_at) VALUES ('student-pbuadvzl6', 'acad-1', 'Unknown Student', 'class-y4u6d2z17', '', '', '2026-02-04', 'active', '2026-02-04T09:05:00.000Z', '2026-04-04T03:14:00.000Z');
INSERT INTO students (id, academy_id, name, class_id, contact, guardian_contact, enrollment_date, status, created_at, updated_at) VALUES ('student-vr504gv5r', 'acad-1', 'Unknown Student', 'class-y4u6d2z17', '', '', '2026-02-04', 'active', '2026-02-04T09:05:00.000Z', '2026-02-04T09:05:00.000Z');
INSERT INTO students (id, academy_id, name, class_id, contact, guardian_contact, enrollment_date, status, created_at, updated_at) VALUES ('student-2znaln6fz', 'acad-1', 'Unknown Student', 'class-i90ryoqw8', '', '', '2026-02-04', 'active', '2026-02-04T09:05:00.000Z', '2026-03-24T14:02:00.000Z');
INSERT INTO students (id, academy_id, name, class_id, contact, guardian_contact, enrollment_date, status, created_at, updated_at) VALUES ('student-qhwxf5r17', 'acad-1', 'Unknown Student', 'class-i90ryoqw8', '', '', '2026-02-04', 'active', '2026-02-04T09:05:00.000Z', '2026-03-05T07:22:00.000Z');
INSERT INTO students (id, academy_id, name, class_id, contact, guardian_contact, enrollment_date, status, created_at, updated_at) VALUES ('student-2utbfnb0l', 'acad-1', 'Unknown Student', 'class-tg4u2rv75', '', '', '2026-02-04', 'active', '2026-02-04T09:05:00.000Z', '2026-03-30T07:44:00.000Z');
INSERT INTO students (id, academy_id, name, class_id, contact, guardian_contact, enrollment_date, status, created_at, updated_at) VALUES ('student-2luj4jml9', 'acad-1', 'Unknown Student', 'class-tg4u2rv75', '', '', '2026-02-04', 'active', '2026-02-04T09:05:00.000Z', '2026-04-02T08:54:00.000Z');
INSERT INTO students (id, academy_id, name, class_id, contact, guardian_contact, enrollment_date, status, created_at, updated_at) VALUES ('student-5bcuxtrpe', 'acad-1', 'Unknown Student', 'class-tb78wjrlc', '', '', '2026-02-04', 'active', '2026-02-04T09:05:00.000Z', '2026-03-28T07:34:00.000Z');
INSERT INTO students (id, academy_id, name, class_id, contact, guardian_contact, enrollment_date, status, created_at, updated_at) VALUES ('student-82kuyj7bp', 'acad-1', 'Unknown Student', 'class-tg4u2rv75', '', '', '2026-02-04', 'active', '2026-02-04T09:05:00.000Z', '2026-03-05T02:24:00.000Z');
INSERT INTO students (id, academy_id, name, class_id, contact, guardian_contact, enrollment_date, status, created_at, updated_at) VALUES ('student-8s25f56hd', 'acad-1', 'Unknown Student', 'class-8w4dd5bue', '', '', '2026-02-04', 'active', '2026-02-04T09:05:00.000Z', '2026-04-04T03:13:00.000Z');
INSERT INTO students (id, academy_id, name, class_id, contact, guardian_contact, enrollment_date, status, created_at, updated_at) VALUES ('student-cgbpsyvn7', 'acad-1', 'Unknown Student', 'class-tb78wjrlc', '', '', '2026-02-04', 'active', '2026-02-04T09:05:00.000Z', '2026-03-26T12:34:00.000Z');
INSERT INTO students (id, academy_id, name, class_id, contact, guardian_contact, enrollment_date, status, created_at, updated_at) VALUES ('student-nvo4kds53', 'acad-1', 'Unknown Student', 'class-tg4u2rv75', '', '', '2026-02-04', 'active', '2026-02-04T09:05:00.000Z', '2026-04-07T04:32:00.000Z');
INSERT INTO students (id, academy_id, name, class_id, contact, guardian_contact, enrollment_date, status, created_at, updated_at) VALUES ('student-m08diij8j', 'acad-1', 'Unknown Student', 'class-qsgpdkh0a', '', '', '2026-02-04', 'active', '2026-02-04T09:05:00.000Z', '2026-04-04T04:08:00.000Z');
INSERT INTO students (id, academy_id, name, class_id, contact, guardian_contact, enrollment_date, status, created_at, updated_at) VALUES ('student-q4kydvc44', 'acad-1', 'Unknown Student', 'class-qsgpdkh0a', '', '', '2026-02-04', 'active', '2026-02-04T09:05:00.000Z', '2026-02-04T09:05:00.000Z');
INSERT INTO students (id, academy_id, name, class_id, contact, guardian_contact, enrollment_date, status, created_at, updated_at) VALUES ('student-kxqlp7fxx', 'acad-1', 'Unknown Student', 'class-i90ryoqw8', '', '', '2026-02-04', 'active', '2026-02-04T09:05:00.000Z', '2026-03-10T06:35:00.000Z');
INSERT INTO students (id, academy_id, name, class_id, contact, guardian_contact, enrollment_date, status, created_at, updated_at) VALUES ('student-pa063qm88', 'acad-1', 'Unknown Student', 'class-i90ryoqw8', '', '', '2026-02-04', 'active', '2026-02-04T09:05:00.000Z', '2026-02-04T09:05:00.000Z');
INSERT INTO students (id, academy_id, name, class_id, contact, guardian_contact, enrollment_date, status, created_at, updated_at) VALUES ('student-8fmj8omlm', 'acad-1', 'Unknown Student', 'class-y4u6d2z17', '', '', '2026-02-09', 'active', '2026-02-09T07:17:00.000Z', '2026-02-09T08:07:00.000Z');
INSERT INTO students (id, academy_id, name, class_id, contact, guardian_contact, enrollment_date, status, created_at, updated_at) VALUES ('student-f15bse1es', 'acad-1', 'Unknown Student', 'class-qsgpdkh0a', '', '', '2026-03-03', 'active', '2026-03-03T05:57:00.000Z', '2026-03-21T07:05:00.000Z');
INSERT INTO students (id, academy_id, name, class_id, contact, guardian_contact, enrollment_date, status, created_at, updated_at) VALUES ('student-3n7618nk7', 'acad-1', 'Unknown Student', 'class-i90ryoqw8', '', '', '2026-03-05', 'active', '2026-03-05T04:39:00.000Z', '2026-04-07T04:32:00.000Z');
INSERT INTO students (id, academy_id, name, class_id, contact, guardian_contact, enrollment_date, status, created_at, updated_at) VALUES ('student-b8ks129p2', 'acad-1', 'Unknown Student', 'class-qsgpdkh0a', '', '', '2026-03-05', 'active', '2026-03-05T04:32:00.000Z', '2026-03-05T04:37:00.000Z');
INSERT INTO students (id, academy_id, name, class_id, contact, guardian_contact, enrollment_date, status, created_at, updated_at) VALUES ('student-kfklynxsk', 'acad-1', 'Unknown Student', 'class-tg4u2rv75', '', '', '2026-03-05', 'active', '2026-03-05T04:44:00.000Z', '2026-04-08T05:20:00.000Z');
INSERT INTO students (id, academy_id, name, class_id, contact, guardian_contact, enrollment_date, status, created_at, updated_at) VALUES ('student-91krtutj1', 'acad-1', 'Unknown Student', 'class-i90ryoqw8', '', '', '2026-03-10', 'active', '2026-03-10T08:25:00.000Z', '2026-04-07T06:02:00.000Z');
INSERT INTO students (id, academy_id, name, class_id, contact, guardian_contact, enrollment_date, status, created_at, updated_at) VALUES ('student-iku6bqw95', 'acad-1', 'Unknown Student', 'class-i90ryoqw8', '', '', '2026-03-30', 'active', '2026-03-30T04:52:00.000Z', '2026-04-07T04:31:00.000Z');
INSERT INTO students (id, academy_id, name, class_id, contact, guardian_contact, enrollment_date, status, created_at, updated_at) VALUES ('student-i2x2bica9', 'acad-1', 'Unknown Student', 'class-tg4u2rv75', '', '', '2026-04-03', 'active', '2026-04-03T12:57:00.000Z', '2026-04-03T12:58:00.000Z');
INSERT INTO students (id, academy_id, name, class_id, contact, guardian_contact, enrollment_date, status, created_at, updated_at) VALUES ('student-6uw3xh023', 'acad-1', 'Unknown Student', 'class-tg4u2rv75', '', '', '2026-04-03', 'active', '2026-04-03T12:58:00.000Z', '2026-04-03T12:58:00.000Z');
INSERT INTO students (id, academy_id, name, class_id, contact, guardian_contact, enrollment_date, status, created_at, updated_at) VALUES ('student-hhq6g6rjd', 'acad-1', 'Unknown Student', 'class-qsgpdkh0a', '', '', '2026-04-04', 'active', '2026-04-04T03:44:00.000Z', '2026-04-04T03:44:00.000Z');
INSERT INTO students (id, academy_id, name, class_id, contact, guardian_contact, enrollment_date, status, created_at, updated_at) VALUES ('student-4hc1w55ff', 'acad-1', 'Unknown Student', 'class-8h4d1vldz', '', '', '2026-04-07', 'active', '2026-04-07T04:31:00.000Z', '2026-04-07T04:31:00.000Z');
INSERT INTO students (id, academy_id, name, class_id, contact, guardian_contact, enrollment_date, status, created_at, updated_at) VALUES ('student-1t1051m7p', 'acad-1', 'Unknown Student', 'class-8w4dd5bue', '', '', '2026-04-08', 'active', '2026-04-08T05:34:00.000Z', '2026-04-08T05:54:00.000Z');
INSERT INTO exams (id, academy_id, class_id, name, date, total_score, created_at) VALUES ('exam-blvfo25tt', 'acad-1', NULL, 'Unknown Exam', '2026-02-20', 100, '2026-02-02T13:37:00.000Z');
INSERT INTO exams (id, academy_id, class_id, name, date, total_score, created_at) VALUES ('exam-r5967ef3a', 'acad-1', NULL, 'Unknown Exam', '2026-02-20', 100, '2026-02-02T13:37:00.000Z');
INSERT INTO exams (id, academy_id, class_id, name, date, total_score, created_at) VALUES ('exam-8402rdy1z', 'acad-1', NULL, 'Unknown Exam', '2026-02-20', 100, '2026-02-02T13:37:00.000Z');
INSERT INTO exams (id, academy_id, class_id, name, date, total_score, created_at) VALUES ('exam-rksf1myfo', 'acad-1', NULL, 'Unknown Exam', '2026-02-20', 100, '2026-02-02T13:37:00.000Z');
