-- Notion 데이터 마이그레이션 (2026-04-08T10:30:06.718Z)
-- 생성된 SQL: 65개

INSERT INTO classes (id, academy_id, grade, name, created_at) VALUES ('class-eixv4zizk', 'acad-1', '고2', '고2 반', '2026-04-08');
INSERT INTO classes (id, academy_id, grade, name, created_at) VALUES ('class-bxbvgxolu', 'acad-1', '중3', '중3 반', '2026-04-08');
INSERT INTO classes (id, academy_id, grade, name, created_at) VALUES ('class-zpt42bgng', 'acad-1', '초등학생', '초등학생 반', '2026-04-08');
INSERT INTO classes (id, academy_id, grade, name, created_at) VALUES ('class-pcukk6gzy', 'acad-1', '중2', '중2 반', '2026-04-08');
INSERT INTO classes (id, academy_id, grade, name, created_at) VALUES ('class-pdnopundv', 'acad-1', '중1', '중1 반', '2026-04-08');
INSERT INTO classes (id, academy_id, grade, name, created_at) VALUES ('class-j3vi6xrku', 'acad-1', '고3', '고3 반', '2026-04-08');
INSERT INTO classes (id, academy_id, grade, name, created_at) VALUES ('class-rossfz6wm', 'acad-1', '고1', '고1 반', '2026-04-08');
INSERT INTO classes (id, academy_id, grade, name, created_at) VALUES ('class-lx4n27t7g', 'acad-1', '1', '1 반', '2026-04-08');
INSERT INTO users (id, email, name, password_hash, role, academy_id, created_at, updated_at) VALUES ('user-i170bjn6w', 'teacher1@academy.local', '김상현', '03ac674216f3e15c761ee1a5e255f067953623c8b388b4459e13f978d7c846f4', 'admin', 'acad-1', '2026-01-31T12:47:00.000Z', '2026-02-09T08:09:00.000Z');
INSERT INTO users (id, email, name, password_hash, role, academy_id, created_at, updated_at) VALUES ('user-1fk6dqck6', 'teacher2@academy.local', '지혜영 원장', 'bf038251c59b434b02c7279047808368f1ee0a6ee2ab98799158edb05b2eb4d6', 'admin', 'acad-1', '2026-01-31T08:32:00.000Z', '2026-02-09T07:25:00.000Z');
INSERT INTO users (id, email, name, password_hash, role, academy_id, created_at, updated_at) VALUES ('user-57ppx9v61', 'teacher3@academy.local', '서재용 개발자', '434dbd07bc54f593ede0fe8e4d0b93a7f9dce4e90088d73c1011c7bb3b87b8ac', 'admin', 'acad-1', '2026-01-31T08:34:00.000Z', '2026-02-05T04:26:00.000Z');
INSERT INTO users (id, email, name, password_hash, role, academy_id, created_at, updated_at) VALUES ('user-d8nru3xco', 'teacher4@academy.local', '남현욱', '712dca40936b39ce670dc803736fe3735cf99311030a928de039a36f77926230', 'instructor', 'acad-1', '2026-01-31T08:34:00.000Z', '2026-03-12T06:37:00.000Z');
INSERT INTO users (id, email, name, password_hash, role, academy_id, created_at, updated_at) VALUES ('user-nl8e4c4ex', 'teacher5@academy.local', '김지연', 'eb7046437af1e3e9f711efd5a13b8685a0648a236af159435d297397208eefb1', 'instructor', 'acad-1', '2026-02-02T09:14:00.000Z', '2026-02-05T04:25:00.000Z');
INSERT INTO students (id, academy_id, name, class_id, contact, guardian_contact, enrollment_date, status, created_at, updated_at) VALUES ('student-ryf96197t', 'acad-1', '임지안', 'class-eixv4zizk', '', '', '2026-02-04', 'active', '2026-02-04T09:05:00.000Z', '2026-02-04T09:05:00.000Z');
INSERT INTO students (id, academy_id, name, class_id, contact, guardian_contact, enrollment_date, status, created_at, updated_at) VALUES ('student-tme649c7a', 'acad-1', '장민재', 'class-bxbvgxolu', '', '', '2026-02-04', 'active', '2026-02-04T09:05:00.000Z', '2026-02-04T09:05:00.000Z');
INSERT INTO students (id, academy_id, name, class_id, contact, guardian_contact, enrollment_date, status, created_at, updated_at) VALUES ('student-tdx0c9nmo', 'acad-1', '이승윤', 'class-zpt42bgng', '', '', '2026-02-04', 'active', '2026-02-04T09:05:00.000Z', '2026-02-04T09:05:00.000Z');
INSERT INTO students (id, academy_id, name, class_id, contact, guardian_contact, enrollment_date, status, created_at, updated_at) VALUES ('student-2vqo23cgs', 'acad-1', '공민준', 'class-pcukk6gzy', '', '', '2026-02-04', 'active', '2026-02-04T09:05:00.000Z', '2026-02-04T09:05:00.000Z');
INSERT INTO students (id, academy_id, name, class_id, contact, guardian_contact, enrollment_date, status, created_at, updated_at) VALUES ('student-k8kamd4y8', 'acad-1', '박도은', 'class-pdnopundv', '', '', '2026-02-04', 'active', '2026-02-04T09:05:00.000Z', '2026-03-05T02:25:00.000Z');
INSERT INTO students (id, academy_id, name, class_id, contact, guardian_contact, enrollment_date, status, created_at, updated_at) VALUES ('student-0spi35f7j', 'acad-1', '이서윤', 'class-eixv4zizk', '', '', '2026-02-04', 'active', '2026-02-04T09:05:00.000Z', '2026-03-12T06:40:00.000Z');
INSERT INTO students (id, academy_id, name, class_id, contact, guardian_contact, enrollment_date, status, created_at, updated_at) VALUES ('student-j5ohbrke6', 'acad-1', '박도윤', 'class-eixv4zizk', '', '', '2026-02-04', 'active', '2026-02-04T09:05:00.000Z', '2026-02-04T09:05:00.000Z');
INSERT INTO students (id, academy_id, name, class_id, contact, guardian_contact, enrollment_date, status, created_at, updated_at) VALUES ('student-i7k4uy8ml', 'acad-1', '김덕연', 'class-bxbvgxolu', '', '', '2026-02-04', 'active', '2026-02-04T09:05:00.000Z', '2026-04-07T05:55:00.000Z');
INSERT INTO students (id, academy_id, name, class_id, contact, guardian_contact, enrollment_date, status, created_at, updated_at) VALUES ('student-7gioy6c0x', 'acad-1', '송하선', 'class-j3vi6xrku', '', '', '2026-02-04', 'active', '2026-02-04T09:05:00.000Z', '2026-04-04T04:06:00.000Z');
INSERT INTO students (id, academy_id, name, class_id, contact, guardian_contact, enrollment_date, status, created_at, updated_at) VALUES ('student-j59157jnh', 'acad-1', '김태현', 'class-zpt42bgng', '', '', '2026-02-04', 'active', '2026-02-04T09:05:00.000Z', '2026-02-04T09:05:00.000Z');
INSERT INTO students (id, academy_id, name, class_id, contact, guardian_contact, enrollment_date, status, created_at, updated_at) VALUES ('student-qv5fihk50', 'acad-1', '김도현', 'class-bxbvgxolu', '', '', '2026-02-04', 'active', '2026-02-04T09:05:00.000Z', '2026-02-04T09:05:00.000Z');
INSERT INTO students (id, academy_id, name, class_id, contact, guardian_contact, enrollment_date, status, created_at, updated_at) VALUES ('student-odmyl712f', 'acad-1', '권도훈', 'class-eixv4zizk', '', '', '2026-02-04', 'active', '2026-02-04T09:05:00.000Z', '2026-04-07T04:34:00.000Z');
INSERT INTO students (id, academy_id, name, class_id, contact, guardian_contact, enrollment_date, status, created_at, updated_at) VALUES ('student-xi4i833h1', 'acad-1', '신채원', 'class-bxbvgxolu', '', '', '2026-02-04', 'active', '2026-02-04T09:05:00.000Z', '2026-02-04T09:05:00.000Z');
INSERT INTO students (id, academy_id, name, class_id, contact, guardian_contact, enrollment_date, status, created_at, updated_at) VALUES ('student-r558f899h', 'acad-1', '김태영', 'class-zpt42bgng', '', '', '2026-02-04', 'active', '2026-02-04T09:05:00.000Z', '2026-03-13T09:21:00.000Z');
INSERT INTO students (id, academy_id, name, class_id, contact, guardian_contact, enrollment_date, status, created_at, updated_at) VALUES ('student-enwewi2vj', 'acad-1', '김은서', 'class-pcukk6gzy', '', '', '2026-02-04', 'active', '2026-02-04T09:06:00.000Z', '2026-02-04T09:06:00.000Z');
INSERT INTO students (id, academy_id, name, class_id, contact, guardian_contact, enrollment_date, status, created_at, updated_at) VALUES ('student-ue92sdab0', 'acad-1', '류하진', 'class-bxbvgxolu', '', '', '2026-02-04', 'active', '2026-02-04T09:05:00.000Z', '2026-03-24T14:00:00.000Z');
INSERT INTO students (id, academy_id, name, class_id, contact, guardian_contact, enrollment_date, status, created_at, updated_at) VALUES ('student-9bsetl4ct', 'acad-1', '최고은', 'class-pdnopundv', '', '', '2026-02-04', 'active', '2026-02-04T09:05:00.000Z', '2026-03-24T08:00:00.000Z');
INSERT INTO students (id, academy_id, name, class_id, contact, guardian_contact, enrollment_date, status, created_at, updated_at) VALUES ('student-8p9l1h85l', 'acad-1', '윤슬아', 'class-pcukk6gzy', '', '', '2026-02-04', 'active', '2026-02-04T09:05:00.000Z', '2026-02-04T09:05:00.000Z');
INSERT INTO students (id, academy_id, name, class_id, contact, guardian_contact, enrollment_date, status, created_at, updated_at) VALUES ('student-38pn304m2', 'acad-1', '이주헌', 'class-j3vi6xrku', '', '', '2026-02-04', 'active', '2026-02-04T09:05:00.000Z', '2026-02-04T09:05:00.000Z');
INSERT INTO students (id, academy_id, name, class_id, contact, guardian_contact, enrollment_date, status, created_at, updated_at) VALUES ('student-s54ihowlx', 'acad-1', '박동진', 'class-j3vi6xrku', '', '', '2026-02-04', 'active', '2026-02-04T09:05:00.000Z', '2026-03-28T07:52:00.000Z');
INSERT INTO students (id, academy_id, name, class_id, contact, guardian_contact, enrollment_date, status, created_at, updated_at) VALUES ('student-rl9qwvlyn', 'acad-1', '예원', 'class-eixv4zizk', '', '', '2026-02-04', 'active', '2026-02-04T09:05:00.000Z', '2026-02-04T09:05:00.000Z');
INSERT INTO students (id, academy_id, name, class_id, contact, guardian_contact, enrollment_date, status, created_at, updated_at) VALUES ('student-a7wi0zma6', 'acad-1', '정지효', 'class-bxbvgxolu', '', '', '2026-02-04', 'active', '2026-02-04T09:05:00.000Z', '2026-04-04T03:14:00.000Z');
INSERT INTO students (id, academy_id, name, class_id, contact, guardian_contact, enrollment_date, status, created_at, updated_at) VALUES ('student-egoh2pw9x', 'acad-1', '이승민', 'class-bxbvgxolu', '', '', '2026-02-04', 'active', '2026-02-04T09:05:00.000Z', '2026-02-04T09:05:00.000Z');
INSERT INTO students (id, academy_id, name, class_id, contact, guardian_contact, enrollment_date, status, created_at, updated_at) VALUES ('student-0mc8orloi', 'acad-1', '김성준', 'class-pcukk6gzy', '', '', '2026-02-04', 'active', '2026-02-04T09:05:00.000Z', '2026-03-24T14:02:00.000Z');
INSERT INTO students (id, academy_id, name, class_id, contact, guardian_contact, enrollment_date, status, created_at, updated_at) VALUES ('student-p3kgxnsyw', 'acad-1', '최예지', 'class-pcukk6gzy', '', '', '2026-02-04', 'active', '2026-02-04T09:05:00.000Z', '2026-03-05T07:22:00.000Z');
INSERT INTO students (id, academy_id, name, class_id, contact, guardian_contact, enrollment_date, status, created_at, updated_at) VALUES ('student-fbcy3xfzp', 'acad-1', '윤지후', 'class-rossfz6wm', '', '', '2026-02-04', 'active', '2026-02-04T09:05:00.000Z', '2026-03-30T07:44:00.000Z');
INSERT INTO students (id, academy_id, name, class_id, contact, guardian_contact, enrollment_date, status, created_at, updated_at) VALUES ('student-6cxbm886s', 'acad-1', '정윤재', 'class-rossfz6wm', '', '', '2026-02-04', 'active', '2026-02-04T09:05:00.000Z', '2026-04-02T08:54:00.000Z');
INSERT INTO students (id, academy_id, name, class_id, contact, guardian_contact, enrollment_date, status, created_at, updated_at) VALUES ('student-b8tu5sggp', 'acad-1', '김광민', 'class-j3vi6xrku', '', '', '2026-02-04', 'active', '2026-02-04T09:05:00.000Z', '2026-03-28T07:34:00.000Z');
INSERT INTO students (id, academy_id, name, class_id, contact, guardian_contact, enrollment_date, status, created_at, updated_at) VALUES ('student-ap2p40lx7', 'acad-1', '최보은', 'class-rossfz6wm', '', '', '2026-02-04', 'active', '2026-02-04T09:05:00.000Z', '2026-03-05T02:24:00.000Z');
INSERT INTO students (id, academy_id, name, class_id, contact, guardian_contact, enrollment_date, status, created_at, updated_at) VALUES ('student-5645a3fs4', 'acad-1', '강은서', 'class-pdnopundv', '', '', '2026-02-04', 'active', '2026-02-04T09:05:00.000Z', '2026-04-04T03:13:00.000Z');
INSERT INTO students (id, academy_id, name, class_id, contact, guardian_contact, enrollment_date, status, created_at, updated_at) VALUES ('student-vosetxjdm', 'acad-1', '윤승환', 'class-j3vi6xrku', '', '', '2026-02-04', 'active', '2026-02-04T09:05:00.000Z', '2026-03-26T12:34:00.000Z');
INSERT INTO students (id, academy_id, name, class_id, contact, guardian_contact, enrollment_date, status, created_at, updated_at) VALUES ('student-mtoq5wqb6', 'acad-1', '하진서', 'class-rossfz6wm', '', '', '2026-02-04', 'active', '2026-02-04T09:05:00.000Z', '2026-04-07T04:32:00.000Z');
INSERT INTO students (id, academy_id, name, class_id, contact, guardian_contact, enrollment_date, status, created_at, updated_at) VALUES ('student-t1xikskhy', 'acad-1', '손동민', 'class-eixv4zizk', '', '', '2026-02-04', 'active', '2026-02-04T09:05:00.000Z', '2026-04-04T04:08:00.000Z');
INSERT INTO students (id, academy_id, name, class_id, contact, guardian_contact, enrollment_date, status, created_at, updated_at) VALUES ('student-m154cgywx', 'acad-1', '박시현', 'class-eixv4zizk', '', '', '2026-02-04', 'active', '2026-02-04T09:05:00.000Z', '2026-02-04T09:05:00.000Z');
INSERT INTO students (id, academy_id, name, class_id, contact, guardian_contact, enrollment_date, status, created_at, updated_at) VALUES ('student-4s1rdnhpb', 'acad-1', '권순우', 'class-pcukk6gzy', '', '', '2026-02-04', 'active', '2026-02-04T09:05:00.000Z', '2026-03-10T06:35:00.000Z');
INSERT INTO students (id, academy_id, name, class_id, contact, guardian_contact, enrollment_date, status, created_at, updated_at) VALUES ('student-8684dt5wz', 'acad-1', '류호진', 'class-pcukk6gzy', '', '', '2026-02-04', 'active', '2026-02-04T09:05:00.000Z', '2026-02-04T09:05:00.000Z');
INSERT INTO students (id, academy_id, name, class_id, contact, guardian_contact, enrollment_date, status, created_at, updated_at) VALUES ('student-y1ov7jvh5', 'acad-1', '박예원', 'class-bxbvgxolu', '', '', '2026-02-09', 'active', '2026-02-09T07:17:00.000Z', '2026-02-09T08:07:00.000Z');
INSERT INTO students (id, academy_id, name, class_id, contact, guardian_contact, enrollment_date, status, created_at, updated_at) VALUES ('student-nb8y8m656', 'acad-1', '이루다', 'class-eixv4zizk', '', '', '2026-03-03', 'active', '2026-03-03T05:57:00.000Z', '2026-03-21T07:05:00.000Z');
INSERT INTO students (id, academy_id, name, class_id, contact, guardian_contact, enrollment_date, status, created_at, updated_at) VALUES ('student-yxu4r4ae9', 'acad-1', '박예지', 'class-pcukk6gzy', '', '', '2026-03-05', 'active', '2026-03-05T04:39:00.000Z', '2026-04-07T04:32:00.000Z');
INSERT INTO students (id, academy_id, name, class_id, contact, guardian_contact, enrollment_date, status, created_at, updated_at) VALUES ('student-n2lr428w7', 'acad-1', '라우림', 'class-eixv4zizk', '', '', '2026-03-05', 'active', '2026-03-05T04:32:00.000Z', '2026-03-05T04:37:00.000Z');
INSERT INTO students (id, academy_id, name, class_id, contact, guardian_contact, enrollment_date, status, created_at, updated_at) VALUES ('student-rks9au7mm', 'acad-1', '김하진', 'class-rossfz6wm', '', '', '2026-03-05', 'active', '2026-03-05T04:44:00.000Z', '2026-04-08T05:20:00.000Z');
INSERT INTO students (id, academy_id, name, class_id, contact, guardian_contact, enrollment_date, status, created_at, updated_at) VALUES ('student-q5ecu8748', 'acad-1', '김지후', 'class-pcukk6gzy', '', '', '2026-03-10', 'active', '2026-03-10T08:25:00.000Z', '2026-04-07T06:02:00.000Z');
INSERT INTO students (id, academy_id, name, class_id, contact, guardian_contact, enrollment_date, status, created_at, updated_at) VALUES ('student-m9gtwlv33', 'acad-1', '김시우', 'class-pcukk6gzy', '', '', '2026-03-30', 'active', '2026-03-30T04:52:00.000Z', '2026-04-07T04:31:00.000Z');
INSERT INTO students (id, academy_id, name, class_id, contact, guardian_contact, enrollment_date, status, created_at, updated_at) VALUES ('student-tx3blu2og', 'acad-1', '장혜연', 'class-rossfz6wm', '', '', '2026-04-03', 'active', '2026-04-03T12:57:00.000Z', '2026-04-03T12:58:00.000Z');
INSERT INTO students (id, academy_id, name, class_id, contact, guardian_contact, enrollment_date, status, created_at, updated_at) VALUES ('student-3mzmc3kin', 'acad-1', '장혜정', 'class-rossfz6wm', '', '', '2026-04-03', 'active', '2026-04-03T12:58:00.000Z', '2026-04-03T12:58:00.000Z');
INSERT INTO students (id, academy_id, name, class_id, contact, guardian_contact, enrollment_date, status, created_at, updated_at) VALUES ('student-7nva8plby', 'acad-1', '김은지', 'class-eixv4zizk', '', '', '2026-04-04', 'active', '2026-04-04T03:44:00.000Z', '2026-04-04T03:44:00.000Z');
INSERT INTO students (id, academy_id, name, class_id, contact, guardian_contact, enrollment_date, status, created_at, updated_at) VALUES ('student-y051c0ofl', 'acad-1', '김도윤', 'class-lx4n27t7g', '', '', '2026-04-07', 'active', '2026-04-07T04:31:00.000Z', '2026-04-07T04:31:00.000Z');
INSERT INTO students (id, academy_id, name, class_id, contact, guardian_contact, enrollment_date, status, created_at, updated_at) VALUES ('student-n66fmc2o7', 'acad-1', 'test', 'class-pdnopundv', '', '', '2026-04-08', 'active', '2026-04-08T05:34:00.000Z', '2026-04-08T05:54:00.000Z');
INSERT INTO exams (id, academy_id, class_id, name, date, total_score, created_at) VALUES ('exam-txuqfieg6', 'acad-1', 'class-eixv4zizk', '2f973635-f415-809f-950a-e2481b0bb0ba_2026-02', '2026-02-20', 100, '2026-02-02T13:37:00.000Z');
INSERT INTO exams (id, academy_id, class_id, name, date, total_score, created_at) VALUES ('exam-ezf5woxu8', 'acad-1', 'class-eixv4zizk', '2f973635-f415-80cd-87a6-e508635b3576_2026-02', '2026-02-20', 100, '2026-02-02T13:37:00.000Z');
INSERT INTO exams (id, academy_id, class_id, name, date, total_score, created_at) VALUES ('exam-jivr2also', 'acad-1', 'class-eixv4zizk', '2f973635-f415-80f7-a5db-d678b77c9468_2026-02', '2026-02-20', 100, '2026-02-02T13:37:00.000Z');
INSERT INTO exams (id, academy_id, class_id, name, date, total_score, created_at) VALUES ('exam-witv8cxt9', 'acad-1', 'class-eixv4zizk', '2f973635-f415-80f7-a215-fd201bf39ce9_2026-02', '2026-02-20', 100, '2026-02-02T13:37:00.000Z');
