-- Notion 데이터 마이그레이션 (2026-04-08T10:15:28.433Z)
-- 생성된 SQL: 65개

INSERT INTO classes (id, academy_id, grade, name, created_at) VALUES ('class-y2t8au87h', 'acad-1', '고2', '고2 반', '2026-04-08');
INSERT INTO classes (id, academy_id, grade, name, created_at) VALUES ('class-sy6zpf9xm', 'acad-1', '중3', '중3 반', '2026-04-08');
INSERT INTO classes (id, academy_id, grade, name, created_at) VALUES ('class-s6ieqeyon', 'acad-1', '초등학생', '초등학생 반', '2026-04-08');
INSERT INTO classes (id, academy_id, grade, name, created_at) VALUES ('class-6bgniqzo7', 'acad-1', '중2', '중2 반', '2026-04-08');
INSERT INTO classes (id, academy_id, grade, name, created_at) VALUES ('class-07m6if40w', 'acad-1', '중1', '중1 반', '2026-04-08');
INSERT INTO classes (id, academy_id, grade, name, created_at) VALUES ('class-hqg7b0bou', 'acad-1', '고3', '고3 반', '2026-04-08');
INSERT INTO classes (id, academy_id, grade, name, created_at) VALUES ('class-43wl9vpli', 'acad-1', '고1', '고1 반', '2026-04-08');
INSERT INTO classes (id, academy_id, grade, name, created_at) VALUES ('class-gpb8de30d', 'acad-1', '1', '1 반', '2026-04-08');
INSERT INTO users (id, email, name, password_hash, role, academy_id, created_at, updated_at) VALUES ('user-8i29ul1xp', '김상현@academy.local', '김상현', '03ac674216f3e15c761ee1a5e255f067953623c8b388b4459e13f978d7c846f4', 'admin', 'acad-1', '2026-01-31T12:47:00.000Z', '2026-02-09T08:09:00.000Z');
INSERT INTO users (id, email, name, password_hash, role, academy_id, created_at, updated_at) VALUES ('user-bpfsukkkd', '지혜영원장@academy.local', '지혜영 원장', 'bf038251c59b434b02c7279047808368f1ee0a6ee2ab98799158edb05b2eb4d6', 'admin', 'acad-1', '2026-01-31T08:32:00.000Z', '2026-02-09T07:25:00.000Z');
INSERT INTO users (id, email, name, password_hash, role, academy_id, created_at, updated_at) VALUES ('user-zf53ts13o', '서재용개발자@academy.local', '서재용 개발자', '434dbd07bc54f593ede0fe8e4d0b93a7f9dce4e90088d73c1011c7bb3b87b8ac', 'admin', 'acad-1', '2026-01-31T08:34:00.000Z', '2026-02-05T04:26:00.000Z');
INSERT INTO users (id, email, name, password_hash, role, academy_id, created_at, updated_at) VALUES ('user-h3k8ciy7l', '남현욱@academy.local', '남현욱', '712dca40936b39ce670dc803736fe3735cf99311030a928de039a36f77926230', 'instructor', 'acad-1', '2026-01-31T08:34:00.000Z', '2026-03-12T06:37:00.000Z');
INSERT INTO users (id, email, name, password_hash, role, academy_id, created_at, updated_at) VALUES ('user-4m3j48665', '김지연@academy.local', '김지연', 'eb7046437af1e3e9f711efd5a13b8685a0648a236af159435d297397208eefb1', 'instructor', 'acad-1', '2026-02-02T09:14:00.000Z', '2026-02-05T04:25:00.000Z');
INSERT INTO students (id, academy_id, name, class_id, contact, guardian_contact, enrollment_date, status, created_at, updated_at) VALUES ('student-qh8oyj02p', 'acad-1', '임지안', 'class-y2t8au87h', '', '', '2026-02-04', 'active', '2026-02-04T09:05:00.000Z', '2026-02-04T09:05:00.000Z');
INSERT INTO students (id, academy_id, name, class_id, contact, guardian_contact, enrollment_date, status, created_at, updated_at) VALUES ('student-nsjmofcpl', 'acad-1', '장민재', 'class-sy6zpf9xm', '', '', '2026-02-04', 'active', '2026-02-04T09:05:00.000Z', '2026-02-04T09:05:00.000Z');
INSERT INTO students (id, academy_id, name, class_id, contact, guardian_contact, enrollment_date, status, created_at, updated_at) VALUES ('student-waewis5pt', 'acad-1', '이승윤', 'class-s6ieqeyon', '', '', '2026-02-04', 'active', '2026-02-04T09:05:00.000Z', '2026-02-04T09:05:00.000Z');
INSERT INTO students (id, academy_id, name, class_id, contact, guardian_contact, enrollment_date, status, created_at, updated_at) VALUES ('student-dyrwk3dns', 'acad-1', '공민준', 'class-6bgniqzo7', '', '', '2026-02-04', 'active', '2026-02-04T09:05:00.000Z', '2026-02-04T09:05:00.000Z');
INSERT INTO students (id, academy_id, name, class_id, contact, guardian_contact, enrollment_date, status, created_at, updated_at) VALUES ('student-rlo0iu9wa', 'acad-1', '박도은', 'class-07m6if40w', '', '', '2026-02-04', 'active', '2026-02-04T09:05:00.000Z', '2026-03-05T02:25:00.000Z');
INSERT INTO students (id, academy_id, name, class_id, contact, guardian_contact, enrollment_date, status, created_at, updated_at) VALUES ('student-e3j0f5f3d', 'acad-1', '이서윤', 'class-y2t8au87h', '', '', '2026-02-04', 'active', '2026-02-04T09:05:00.000Z', '2026-03-12T06:40:00.000Z');
INSERT INTO students (id, academy_id, name, class_id, contact, guardian_contact, enrollment_date, status, created_at, updated_at) VALUES ('student-9tybrhjye', 'acad-1', '박도윤', 'class-y2t8au87h', '', '', '2026-02-04', 'active', '2026-02-04T09:05:00.000Z', '2026-02-04T09:05:00.000Z');
INSERT INTO students (id, academy_id, name, class_id, contact, guardian_contact, enrollment_date, status, created_at, updated_at) VALUES ('student-n0v0veo15', 'acad-1', '김덕연', 'class-sy6zpf9xm', '', '', '2026-02-04', 'active', '2026-02-04T09:05:00.000Z', '2026-04-07T05:55:00.000Z');
INSERT INTO students (id, academy_id, name, class_id, contact, guardian_contact, enrollment_date, status, created_at, updated_at) VALUES ('student-ogsnccy6i', 'acad-1', '송하선', 'class-hqg7b0bou', '', '', '2026-02-04', 'active', '2026-02-04T09:05:00.000Z', '2026-04-04T04:06:00.000Z');
INSERT INTO students (id, academy_id, name, class_id, contact, guardian_contact, enrollment_date, status, created_at, updated_at) VALUES ('student-w027dwu8n', 'acad-1', '김태현', 'class-s6ieqeyon', '', '', '2026-02-04', 'active', '2026-02-04T09:05:00.000Z', '2026-02-04T09:05:00.000Z');
INSERT INTO students (id, academy_id, name, class_id, contact, guardian_contact, enrollment_date, status, created_at, updated_at) VALUES ('student-bu26067jm', 'acad-1', '김도현', 'class-sy6zpf9xm', '', '', '2026-02-04', 'active', '2026-02-04T09:05:00.000Z', '2026-02-04T09:05:00.000Z');
INSERT INTO students (id, academy_id, name, class_id, contact, guardian_contact, enrollment_date, status, created_at, updated_at) VALUES ('student-eckr9b0g4', 'acad-1', '권도훈', 'class-y2t8au87h', '', '', '2026-02-04', 'active', '2026-02-04T09:05:00.000Z', '2026-04-07T04:34:00.000Z');
INSERT INTO students (id, academy_id, name, class_id, contact, guardian_contact, enrollment_date, status, created_at, updated_at) VALUES ('student-hsuh04dv6', 'acad-1', '신채원', 'class-sy6zpf9xm', '', '', '2026-02-04', 'active', '2026-02-04T09:05:00.000Z', '2026-02-04T09:05:00.000Z');
INSERT INTO students (id, academy_id, name, class_id, contact, guardian_contact, enrollment_date, status, created_at, updated_at) VALUES ('student-7u582111p', 'acad-1', '김태영', 'class-s6ieqeyon', '', '', '2026-02-04', 'active', '2026-02-04T09:05:00.000Z', '2026-03-13T09:21:00.000Z');
INSERT INTO students (id, academy_id, name, class_id, contact, guardian_contact, enrollment_date, status, created_at, updated_at) VALUES ('student-p9lvlfaei', 'acad-1', '김은서', 'class-6bgniqzo7', '', '', '2026-02-04', 'active', '2026-02-04T09:06:00.000Z', '2026-02-04T09:06:00.000Z');
INSERT INTO students (id, academy_id, name, class_id, contact, guardian_contact, enrollment_date, status, created_at, updated_at) VALUES ('student-qbkojnjmj', 'acad-1', '류하진', 'class-sy6zpf9xm', '', '', '2026-02-04', 'active', '2026-02-04T09:05:00.000Z', '2026-03-24T14:00:00.000Z');
INSERT INTO students (id, academy_id, name, class_id, contact, guardian_contact, enrollment_date, status, created_at, updated_at) VALUES ('student-rpkgqg84i', 'acad-1', '최고은', 'class-07m6if40w', '', '', '2026-02-04', 'active', '2026-02-04T09:05:00.000Z', '2026-03-24T08:00:00.000Z');
INSERT INTO students (id, academy_id, name, class_id, contact, guardian_contact, enrollment_date, status, created_at, updated_at) VALUES ('student-9zwyxzbo5', 'acad-1', '윤슬아', 'class-6bgniqzo7', '', '', '2026-02-04', 'active', '2026-02-04T09:05:00.000Z', '2026-02-04T09:05:00.000Z');
INSERT INTO students (id, academy_id, name, class_id, contact, guardian_contact, enrollment_date, status, created_at, updated_at) VALUES ('student-rt93tdi3t', 'acad-1', '이주헌', 'class-hqg7b0bou', '', '', '2026-02-04', 'active', '2026-02-04T09:05:00.000Z', '2026-02-04T09:05:00.000Z');
INSERT INTO students (id, academy_id, name, class_id, contact, guardian_contact, enrollment_date, status, created_at, updated_at) VALUES ('student-h4lpwhxyz', 'acad-1', '박동진', 'class-hqg7b0bou', '', '', '2026-02-04', 'active', '2026-02-04T09:05:00.000Z', '2026-03-28T07:52:00.000Z');
INSERT INTO students (id, academy_id, name, class_id, contact, guardian_contact, enrollment_date, status, created_at, updated_at) VALUES ('student-1sdmubmes', 'acad-1', '예원', 'class-y2t8au87h', '', '', '2026-02-04', 'active', '2026-02-04T09:05:00.000Z', '2026-02-04T09:05:00.000Z');
INSERT INTO students (id, academy_id, name, class_id, contact, guardian_contact, enrollment_date, status, created_at, updated_at) VALUES ('student-ijrnvztai', 'acad-1', '정지효', 'class-sy6zpf9xm', '', '', '2026-02-04', 'active', '2026-02-04T09:05:00.000Z', '2026-04-04T03:14:00.000Z');
INSERT INTO students (id, academy_id, name, class_id, contact, guardian_contact, enrollment_date, status, created_at, updated_at) VALUES ('student-6kqz6tlzv', 'acad-1', '이승민', 'class-sy6zpf9xm', '', '', '2026-02-04', 'active', '2026-02-04T09:05:00.000Z', '2026-02-04T09:05:00.000Z');
INSERT INTO students (id, academy_id, name, class_id, contact, guardian_contact, enrollment_date, status, created_at, updated_at) VALUES ('student-7r4945d2z', 'acad-1', '김성준', 'class-6bgniqzo7', '', '', '2026-02-04', 'active', '2026-02-04T09:05:00.000Z', '2026-03-24T14:02:00.000Z');
INSERT INTO students (id, academy_id, name, class_id, contact, guardian_contact, enrollment_date, status, created_at, updated_at) VALUES ('student-1a00nixnh', 'acad-1', '최예지', 'class-6bgniqzo7', '', '', '2026-02-04', 'active', '2026-02-04T09:05:00.000Z', '2026-03-05T07:22:00.000Z');
INSERT INTO students (id, academy_id, name, class_id, contact, guardian_contact, enrollment_date, status, created_at, updated_at) VALUES ('student-8w208h1v9', 'acad-1', '윤지후', 'class-43wl9vpli', '', '', '2026-02-04', 'active', '2026-02-04T09:05:00.000Z', '2026-03-30T07:44:00.000Z');
INSERT INTO students (id, academy_id, name, class_id, contact, guardian_contact, enrollment_date, status, created_at, updated_at) VALUES ('student-c1dukgxfv', 'acad-1', '정윤재', 'class-43wl9vpli', '', '', '2026-02-04', 'active', '2026-02-04T09:05:00.000Z', '2026-04-02T08:54:00.000Z');
INSERT INTO students (id, academy_id, name, class_id, contact, guardian_contact, enrollment_date, status, created_at, updated_at) VALUES ('student-rgl76is6g', 'acad-1', '김광민', 'class-hqg7b0bou', '', '', '2026-02-04', 'active', '2026-02-04T09:05:00.000Z', '2026-03-28T07:34:00.000Z');
INSERT INTO students (id, academy_id, name, class_id, contact, guardian_contact, enrollment_date, status, created_at, updated_at) VALUES ('student-vzjlqjj9d', 'acad-1', '최보은', 'class-43wl9vpli', '', '', '2026-02-04', 'active', '2026-02-04T09:05:00.000Z', '2026-03-05T02:24:00.000Z');
INSERT INTO students (id, academy_id, name, class_id, contact, guardian_contact, enrollment_date, status, created_at, updated_at) VALUES ('student-jsh0kqxig', 'acad-1', '강은서', 'class-07m6if40w', '', '', '2026-02-04', 'active', '2026-02-04T09:05:00.000Z', '2026-04-04T03:13:00.000Z');
INSERT INTO students (id, academy_id, name, class_id, contact, guardian_contact, enrollment_date, status, created_at, updated_at) VALUES ('student-b7pzcuhxf', 'acad-1', '윤승환', 'class-hqg7b0bou', '', '', '2026-02-04', 'active', '2026-02-04T09:05:00.000Z', '2026-03-26T12:34:00.000Z');
INSERT INTO students (id, academy_id, name, class_id, contact, guardian_contact, enrollment_date, status, created_at, updated_at) VALUES ('student-amw0zjp5q', 'acad-1', '하진서', 'class-43wl9vpli', '', '', '2026-02-04', 'active', '2026-02-04T09:05:00.000Z', '2026-04-07T04:32:00.000Z');
INSERT INTO students (id, academy_id, name, class_id, contact, guardian_contact, enrollment_date, status, created_at, updated_at) VALUES ('student-5mei33hrv', 'acad-1', '손동민', 'class-y2t8au87h', '', '', '2026-02-04', 'active', '2026-02-04T09:05:00.000Z', '2026-04-04T04:08:00.000Z');
INSERT INTO students (id, academy_id, name, class_id, contact, guardian_contact, enrollment_date, status, created_at, updated_at) VALUES ('student-qd25u3n3i', 'acad-1', '박시현', 'class-y2t8au87h', '', '', '2026-02-04', 'active', '2026-02-04T09:05:00.000Z', '2026-02-04T09:05:00.000Z');
INSERT INTO students (id, academy_id, name, class_id, contact, guardian_contact, enrollment_date, status, created_at, updated_at) VALUES ('student-227y0618x', 'acad-1', '권순우', 'class-6bgniqzo7', '', '', '2026-02-04', 'active', '2026-02-04T09:05:00.000Z', '2026-03-10T06:35:00.000Z');
INSERT INTO students (id, academy_id, name, class_id, contact, guardian_contact, enrollment_date, status, created_at, updated_at) VALUES ('student-lcep13t8r', 'acad-1', '류호진', 'class-6bgniqzo7', '', '', '2026-02-04', 'active', '2026-02-04T09:05:00.000Z', '2026-02-04T09:05:00.000Z');
INSERT INTO students (id, academy_id, name, class_id, contact, guardian_contact, enrollment_date, status, created_at, updated_at) VALUES ('student-68vjndpp3', 'acad-1', '박예원', 'class-sy6zpf9xm', '', '', '2026-02-09', 'active', '2026-02-09T07:17:00.000Z', '2026-02-09T08:07:00.000Z');
INSERT INTO students (id, academy_id, name, class_id, contact, guardian_contact, enrollment_date, status, created_at, updated_at) VALUES ('student-d2qqa0urh', 'acad-1', '이루다', 'class-y2t8au87h', '', '', '2026-03-03', 'active', '2026-03-03T05:57:00.000Z', '2026-03-21T07:05:00.000Z');
INSERT INTO students (id, academy_id, name, class_id, contact, guardian_contact, enrollment_date, status, created_at, updated_at) VALUES ('student-jt2ipmgbl', 'acad-1', '박예지', 'class-6bgniqzo7', '', '', '2026-03-05', 'active', '2026-03-05T04:39:00.000Z', '2026-04-07T04:32:00.000Z');
INSERT INTO students (id, academy_id, name, class_id, contact, guardian_contact, enrollment_date, status, created_at, updated_at) VALUES ('student-7hpm0v6zp', 'acad-1', '라우림', 'class-y2t8au87h', '', '', '2026-03-05', 'active', '2026-03-05T04:32:00.000Z', '2026-03-05T04:37:00.000Z');
INSERT INTO students (id, academy_id, name, class_id, contact, guardian_contact, enrollment_date, status, created_at, updated_at) VALUES ('student-bsfolc3le', 'acad-1', '김하진', 'class-43wl9vpli', '', '', '2026-03-05', 'active', '2026-03-05T04:44:00.000Z', '2026-04-08T05:20:00.000Z');
INSERT INTO students (id, academy_id, name, class_id, contact, guardian_contact, enrollment_date, status, created_at, updated_at) VALUES ('student-zzeau7482', 'acad-1', '김지후', 'class-6bgniqzo7', '', '', '2026-03-10', 'active', '2026-03-10T08:25:00.000Z', '2026-04-07T06:02:00.000Z');
INSERT INTO students (id, academy_id, name, class_id, contact, guardian_contact, enrollment_date, status, created_at, updated_at) VALUES ('student-ggf2bon55', 'acad-1', '김시우', 'class-6bgniqzo7', '', '', '2026-03-30', 'active', '2026-03-30T04:52:00.000Z', '2026-04-07T04:31:00.000Z');
INSERT INTO students (id, academy_id, name, class_id, contact, guardian_contact, enrollment_date, status, created_at, updated_at) VALUES ('student-pso1iaoqi', 'acad-1', '장혜연', 'class-43wl9vpli', '', '', '2026-04-03', 'active', '2026-04-03T12:57:00.000Z', '2026-04-03T12:58:00.000Z');
INSERT INTO students (id, academy_id, name, class_id, contact, guardian_contact, enrollment_date, status, created_at, updated_at) VALUES ('student-l22krhae6', 'acad-1', '장혜정', 'class-43wl9vpli', '', '', '2026-04-03', 'active', '2026-04-03T12:58:00.000Z', '2026-04-03T12:58:00.000Z');
INSERT INTO students (id, academy_id, name, class_id, contact, guardian_contact, enrollment_date, status, created_at, updated_at) VALUES ('student-ni7f87smv', 'acad-1', '김은지', 'class-y2t8au87h', '', '', '2026-04-04', 'active', '2026-04-04T03:44:00.000Z', '2026-04-04T03:44:00.000Z');
INSERT INTO students (id, academy_id, name, class_id, contact, guardian_contact, enrollment_date, status, created_at, updated_at) VALUES ('student-wocsa6b9g', 'acad-1', '김도윤', 'class-gpb8de30d', '', '', '2026-04-07', 'active', '2026-04-07T04:31:00.000Z', '2026-04-07T04:31:00.000Z');
INSERT INTO students (id, academy_id, name, class_id, contact, guardian_contact, enrollment_date, status, created_at, updated_at) VALUES ('student-wfade2mly', 'acad-1', 'test', 'class-07m6if40w', '', '', '2026-04-08', 'active', '2026-04-08T05:34:00.000Z', '2026-04-08T05:54:00.000Z');
INSERT INTO exams (id, academy_id, class_id, name, date, total_score, created_at) VALUES ('exam-qvkth4hjd', 'acad-1', 'class-y2t8au87h', '2f973635-f415-809f-950a-e2481b0bb0ba_2026-02', '2026-02-20', 100, '2026-02-02T13:37:00.000Z');
INSERT INTO exams (id, academy_id, class_id, name, date, total_score, created_at) VALUES ('exam-v2mxnbekh', 'acad-1', 'class-y2t8au87h', '2f973635-f415-80cd-87a6-e508635b3576_2026-02', '2026-02-20', 100, '2026-02-02T13:37:00.000Z');
INSERT INTO exams (id, academy_id, class_id, name, date, total_score, created_at) VALUES ('exam-lei49ha0j', 'acad-1', 'class-y2t8au87h', '2f973635-f415-80f7-a5db-d678b77c9468_2026-02', '2026-02-20', 100, '2026-02-02T13:37:00.000Z');
INSERT INTO exams (id, academy_id, class_id, name, date, total_score, created_at) VALUES ('exam-y972qm8c4', 'acad-1', 'class-y2t8au87h', '2f973635-f415-80f7-a215-fd201bf39ce9_2026-02', '2026-02-20', 100, '2026-02-02T13:37:00.000Z');
